artifact_group,method,requested_far,tar_percent,far_rule,actual_far,checkpoint_sha256,calibration,review_status,finite_evidence,source,source_sha256,original_csv
channelwise_template_population_20260915,ijbc-IJBC,1e-06,90.12,historical_nearest,unknown,unknown,unknown,needs_review,"{""audits"": [{""embedding_nonfinite_rows"": 0, ""keys"": [""nonfinite_values"", ""embedding_nonfinite_rows"", ""batches"", ""source_images"", ""augmented_embeddings"", ""target"", ""audited_input_rows"", ""audited_output_rows"", ""scope""], ""nonfinite_values"": 0, ""path"": ""work_dirs/channelwise_template_population_20260915/ijbc_full/finite_audit.json""}], ""logs"": []}",docs/0915_result/selection_evidence.json,b3b3e645064c9908daf001457c568f17a43bbe1472855cd30b3113527fa81d28,work_dirs/channelwise_template_population_20260915/ijbc_full/pair_geometry/ijbc_tar_at_far.csv
channelwise_template_population_20260915,ijbc-IJBC,1e-05,93.82,historical_nearest,unknown,unknown,unknown,needs_review,"{""audits"": [{""embedding_nonfinite_rows"": 0, ""keys"": [""nonfinite_values"", ""embedding_nonfinite_rows"", ""batches"", ""source_images"", ""augmented_embeddings"", ""target"", ""audited_input_rows"", ""audited_output_rows"", ""scope""], ""nonfinite_values"": 0, ""path"": ""work_dirs/channelwise_template_population_20260915/ijbc_full/finite_audit.json""}], ""logs"": []}",docs/0915_result/selection_evidence.json,b3b3e645064c9908daf001457c568f17a43bbe1472855cd30b3113527fa81d28,work_dirs/channelwise_template_population_20260915/ijbc_full/pair_geometry/ijbc_tar_at_far.csv
channelwise_template_population_20260915,ijbc-IJBC,0.0001,95.96,historical_nearest,unknown,unknown,unknown,needs_review,"{""audits"": [{""embedding_nonfinite_rows"": 0, ""keys"": [""nonfinite_values"", ""embedding_nonfinite_rows"", ""batches"", ""source_images"", ""augmented_embeddings"", ""target"", ""audited_input_rows"", ""audited_output_rows"", ""scope""], ""nonfinite_values"": 0, ""path"": ""work_dirs/channelwise_template_population_20260915/ijbc_full/finite_audit.json""}], ""logs"": []}",docs/0915_result/selection_evidence.json,b3b3e645064c9908daf001457c568f17a43bbe1472855cd30b3113527fa81d28,work_dirs/channelwise_template_population_20260915/ijbc_full/pair_geometry/ijbc_tar_at_far.csv
channelwise_template_population_20260915,ijbc-IJBC,0.001,97.36,historical_nearest,unknown,unknown,unknown,needs_review,"{""audits"": [{""embedding_nonfinite_rows"": 0, ""keys"": [""nonfinite_values"", ""embedding_nonfinite_rows"", ""batches"", ""source_images"", ""augmented_embeddings"", ""target"", ""audited_input_rows"", ""audited_output_rows"", ""scope""], ""nonfinite_values"": 0, ""path"": ""work_dirs/channelwise_template_population_20260915/ijbc_full/finite_audit.json""}], ""logs"": []}",docs/0915_result/selection_evidence.json,b3b3e645064c9908daf001457c568f17a43bbe1472855cd30b3113527fa81d28,work_dirs/channelwise_template_population_20260915/ijbc_full/pair_geometry/ijbc_tar_at_far.csv
channelwise_template_population_20260915,ijbc-IJBC,0.01,98.35,historical_nearest,unknown,unknown,unknown,needs_review,"{""audits"": [{""embedding_nonfinite_rows"": 0, ""keys"": [""nonfinite_values"", ""embedding_nonfinite_rows"", ""batches"", ""source_images"", ""augmented_embeddings"", ""target"", ""audited_input_rows"", ""audited_output_rows"", ""scope""], ""nonfinite_values"": 0, ""path"": ""work_dirs/channelwise_template_population_20260915/ijbc_full/finite_audit.json""}], ""logs"": []}",docs/0915_result/selection_evidence.json,b3b3e645064c9908daf001457c568f17a43bbe1472855cd30b3113527fa81d28,work_dirs/channelwise_template_population_20260915/ijbc_full/pair_geometry/ijbc_tar_at_far.csv
channelwise_template_population_20260915,ijbc-IJBC,0.1,99.04,historical_nearest,unknown,unknown,unknown,needs_review,"{""audits"": [{""embedding_nonfinite_rows"": 0, ""keys"": [""nonfinite_values"", ""embedding_nonfinite_rows"", ""batches"", ""source_images"", ""augmented_embeddings"", ""target"", ""audited_input_rows"", ""audited_output_rows"", ""scope""], ""nonfinite_values"": 0, ""path"": ""work_dirs/channelwise_template_population_20260915/ijbc_full/finite_audit.json""}], ""logs"": []}",docs/0915_result/selection_evidence.json,b3b3e645064c9908daf001457c568f17a43bbe1472855cd30b3113527fa81d28,work_dirs/channelwise_template_population_20260915/ijbc_full/pair_geometry/ijbc_tar_at_far.csv
quadT12c_ijbc,ijbc-IJBC,1e-06,81.21,historical_nearest,unknown,unknown,unknown,needs_review,"{""audits"": [], ""logs"": [{""nonfinite_augmented_embedding_rows"": [193], ""path"": ""work_dirs/quadT12c_ijbc/slurm-372445.out""}]}",docs/0915_result/selection_evidence.json,b3b3e645064c9908daf001457c568f17a43bbe1472855cd30b3113527fa81d28,work_dirs/quadT12c_ijbc/controlled_d2/ijbc_tar_at_far.csv
quadT12c_ijbc,ijbc-IJBC,1e-05,92.82,historical_nearest,unknown,unknown,unknown,needs_review,"{""audits"": [], ""logs"": [{""nonfinite_augmented_embedding_rows"": [193], ""path"": ""work_dirs/quadT12c_ijbc/slurm-372445.out""}]}",docs/0915_result/selection_evidence.json,b3b3e645064c9908daf001457c568f17a43bbe1472855cd30b3113527fa81d28,work_dirs/quadT12c_ijbc/controlled_d2/ijbc_tar_at_far.csv
quadT12c_ijbc,ijbc-IJBC,0.0001,95.62,historical_nearest,unknown,unknown,unknown,needs_review,"{""audits"": [], ""logs"": [{""nonfinite_augmented_embedding_rows"": [193], ""path"": ""work_dirs/quadT12c_ijbc/slurm-372445.out""}]}",docs/0915_result/selection_evidence.json,b3b3e645064c9908daf001457c568f17a43bbe1472855cd30b3113527fa81d28,work_dirs/quadT12c_ijbc/controlled_d2/ijbc_tar_at_far.csv
quadT12c_ijbc,ijbc-IJBC,0.001,97.1,historical_nearest,unknown,unknown,unknown,needs_review,"{""audits"": [], ""logs"": [{""nonfinite_augmented_embedding_rows"": [193], ""path"": ""work_dirs/quadT12c_ijbc/slurm-372445.out""}]}",docs/0915_result/selection_evidence.json,b3b3e645064c9908daf001457c568f17a43bbe1472855cd30b3113527fa81d28,work_dirs/quadT12c_ijbc/controlled_d2/ijbc_tar_at_far.csv
quadT12c_ijbc,ijbc-IJBC,0.01,98.13,historical_nearest,unknown,unknown,unknown,needs_review,"{""audits"": [], ""logs"": [{""nonfinite_augmented_embedding_rows"": [193], ""path"": ""work_dirs/quadT12c_ijbc/slurm-372445.out""}]}",docs/0915_result/selection_evidence.json,b3b3e645064c9908daf001457c568f17a43bbe1472855cd30b3113527fa81d28,work_dirs/quadT12c_ijbc/controlled_d2/ijbc_tar_at_far.csv
quadT12c_ijbc,ijbc-IJBC,0.1,98.84,historical_nearest,unknown,unknown,unknown,needs_review,"{""audits"": [], ""logs"": [{""nonfinite_augmented_embedding_rows"": [193], ""path"": ""work_dirs/quadT12c_ijbc/slurm-372445.out""}]}",docs/0915_result/selection_evidence.json,b3b3e645064c9908daf001457c568f17a43bbe1472855cd30b3113527fa81d28,work_dirs/quadT12c_ijbc/controlled_d2/ijbc_tar_at_far.csv
channelwise_prelu_verified_20260915,ijbc-IJBC,1e-06,90.39,historical_nearest,unknown,unknown,unknown,needs_review,"{""audits"": [{""embedding_nonfinite_rows"": 0, ""keys"": [""nonfinite_values"", ""embedding_nonfinite_rows"", ""batches"", ""source_images"", ""augmented_embeddings"", ""target"", ""audited_input_rows"", ""audited_output_rows"", ""scope""], ""nonfinite_values"": 0, ""path"": ""work_dirs/channelwise_prelu_verified_20260915/ijbc_full/finite_audit.json""}], ""logs"": []}",docs/0915_result/selection_evidence.json,b3b3e645064c9908daf001457c568f17a43bbe1472855cd30b3113527fa81d28,work_dirs/channelwise_prelu_verified_20260915/ijbc_full/original_prelu/ijbc_tar_at_far.csv
channelwise_prelu_verified_20260915,ijbc-IJBC,1e-05,94.86,historical_nearest,unknown,unknown,unknown,needs_review,"{""audits"": [{""embedding_nonfinite_rows"": 0, ""keys"": [""nonfinite_values"", ""embedding_nonfinite_rows"", ""batches"", ""source_images"", ""augmented_embeddings"", ""target"", ""audited_input_rows"", ""audited_output_rows"", ""scope""], ""nonfinite_values"": 0, ""path"": ""work_dirs/channelwise_prelu_verified_20260915/ijbc_full/finite_audit.json""}], ""logs"": []}",docs/0915_result/selection_evidence.json,b3b3e645064c9908daf001457c568f17a43bbe1472855cd30b3113527fa81d28,work_dirs/channelwise_prelu_verified_20260915/ijbc_full/original_prelu/ijbc_tar_at_far.csv
channelwise_prelu_verified_20260915,ijbc-IJBC,0.0001,96.56,historical_nearest,unknown,unknown,unknown,needs_review,"{""audits"": [{""embedding_nonfinite_rows"": 0, ""keys"": [""nonfinite_values"", ""embedding_nonfinite_rows"", ""batches"", ""source_images"", ""augmented_embeddings"", ""target"", ""audited_input_rows"", ""audited_output_rows"", ""scope""], ""nonfinite_values"": 0, ""path"": ""work_dirs/channelwise_prelu_verified_20260915/ijbc_full/finite_audit.json""}], ""logs"": []}",docs/0915_result/selection_evidence.json,b3b3e645064c9908daf001457c568f17a43bbe1472855cd30b3113527fa81d28,work_dirs/channelwise_prelu_verified_20260915/ijbc_full/original_prelu/ijbc_tar_at_far.csv
channelwise_prelu_verified_20260915,ijbc-IJBC,0.001,97.72,historical_nearest,unknown,unknown,unknown,needs_review,"{""audits"": [{""embedding_nonfinite_rows"": 0, ""keys"": [""nonfinite_values"", ""embedding_nonfinite_rows"", ""batches"", ""source_images"", ""augmented_embeddings"", ""target"", ""audited_input_rows"", ""audited_output_rows"", ""scope""], ""nonfinite_values"": 0, ""path"": ""work_dirs/channelwise_prelu_verified_20260915/ijbc_full/finite_audit.json""}], ""logs"": []}",docs/0915_result/selection_evidence.json,b3b3e645064c9908daf001457c568f17a43bbe1472855cd30b3113527fa81d28,work_dirs/channelwise_prelu_verified_20260915/ijbc_full/original_prelu/ijbc_tar_at_far.csv
channelwise_prelu_verified_20260915,ijbc-IJBC,0.01,98.55,historical_nearest,unknown,unknown,unknown,needs_review,"{""audits"": [{""embedding_nonfinite_rows"": 0, ""keys"": [""nonfinite_values"", ""embedding_nonfinite_rows"", ""batches"", ""source_images"", ""augmented_embeddings"", ""target"", ""audited_input_rows"", ""audited_output_rows"", ""scope""], ""nonfinite_values"": 0, ""path"": ""work_dirs/channelwise_prelu_verified_20260915/ijbc_full/finite_audit.json""}], ""logs"": []}",docs/0915_result/selection_evidence.json,b3b3e645064c9908daf001457c568f17a43bbe1472855cd30b3113527fa81d28,work_dirs/channelwise_prelu_verified_20260915/ijbc_full/original_prelu/ijbc_tar_at_far.csv
channelwise_prelu_verified_20260915,ijbc-IJBC,0.1,99.11,historical_nearest,unknown,unknown,unknown,needs_review,"{""audits"": [{""embedding_nonfinite_rows"": 0, ""keys"": [""nonfinite_values"", ""embedding_nonfinite_rows"", ""batches"", ""source_images"", ""augmented_embeddings"", ""target"", ""audited_input_rows"", ""audited_output_rows"", ""scope""], ""nonfinite_values"": 0, ""path"": ""work_dirs/channelwise_prelu_verified_20260915/ijbc_full/finite_audit.json""}], ""logs"": []}",docs/0915_result/selection_evidence.json,b3b3e645064c9908daf001457c568f17a43bbe1472855cd30b3113527fa81d28,work_dirs/channelwise_prelu_verified_20260915/ijbc_full/original_prelu/ijbc_tar_at_far.csv
ms1mv3_r50_layerwise_poly_group4_d2,ijbc-IJBC,1e-06,75.66,historical_nearest,unknown,unknown,unknown,needs_review,"{""audits"": [], ""logs"": []}",docs/0915_result/selection_evidence.json,b3b3e645064c9908daf001457c568f17a43bbe1472855cd30b3113527fa81d28,work_dirs/ms1mv3_r50_layerwise_poly_group4_d2/ijbc_result/ms1mv3_r50_layerwise_poly_group4_d2/ijbc_tar_at_far.csv
ms1mv3_r50_layerwise_poly_group4_d2,ijbc-IJBC,1e-05,90.08,historical_nearest,unknown,unknown,unknown,needs_review,"{""audits"": [], ""logs"": []}",docs/0915_result/selection_evidence.json,b3b3e645064c9908daf001457c568f17a43bbe1472855cd30b3113527fa81d28,work_dirs/ms1mv3_r50_layerwise_poly_group4_d2/ijbc_result/ms1mv3_r50_layerwise_poly_group4_d2/ijbc_tar_at_far.csv
ms1mv3_r50_layerwise_poly_group4_d2,ijbc-IJBC,0.0001,94.51,historical_nearest,unknown,unknown,unknown,needs_review,"{""audits"": [], ""logs"": []}",docs/0915_result/selection_evidence.json,b3b3e645064c9908daf001457c568f17a43bbe1472855cd30b3113527fa81d28,work_dirs/ms1mv3_r50_layerwise_poly_group4_d2/ijbc_result/ms1mv3_r50_layerwise_poly_group4_d2/ijbc_tar_at_far.csv
ms1mv3_r50_layerwise_poly_group4_d2,ijbc-IJBC,0.001,96.55,historical_nearest,unknown,unknown,unknown,needs_review,"{""audits"": [], ""logs"": []}",docs/0915_result/selection_evidence.json,b3b3e645064c9908daf001457c568f17a43bbe1472855cd30b3113527fa81d28,work_dirs/ms1mv3_r50_layerwise_poly_group4_d2/ijbc_result/ms1mv3_r50_layerwise_poly_group4_d2/ijbc_tar_at_far.csv
ms1mv3_r50_layerwise_poly_group4_d2,ijbc-IJBC,0.01,97.97,historical_nearest,unknown,unknown,unknown,needs_review,"{""audits"": [], ""logs"": []}",docs/0915_result/selection_evidence.json,b3b3e645064c9908daf001457c568f17a43bbe1472855cd30b3113527fa81d28,work_dirs/ms1mv3_r50_layerwise_poly_group4_d2/ijbc_result/ms1mv3_r50_layerwise_poly_group4_d2/ijbc_tar_at_far.csv
ms1mv3_r50_layerwise_poly_group4_d2,ijbc-IJBC,0.1,98.77,historical_nearest,unknown,unknown,unknown,needs_review,"{""audits"": [], ""logs"": []}",docs/0915_result/selection_evidence.json,b3b3e645064c9908daf001457c568f17a43bbe1472855cd30b3113527fa81d28,work_dirs/ms1mv3_r50_layerwise_poly_group4_d2/ijbc_result/ms1mv3_r50_layerwise_poly_group4_d2/ijbc_tar_at_far.csv
channelwise_pair_geometry_8000_20260915,ijbc-IJBC,1e-06,90.09,historical_nearest,unknown,unknown,unknown,needs_review,"{""audits"": [{""embedding_nonfinite_rows"": 0, ""keys"": [""nonfinite_values"", ""embedding_nonfinite_rows"", ""batches"", ""source_images"", ""augmented_embeddings"", ""target"", ""audited_input_rows"", ""audited_output_rows"", ""scope""], ""nonfinite_values"": 0, ""path"": ""work_dirs/channelwise_pair_geometry_8000_20260915/ijbc_full/finite_audit.json""}], ""logs"": []}",docs/0915_result/selection_evidence.json,b3b3e645064c9908daf001457c568f17a43bbe1472855cd30b3113527fa81d28,work_dirs/channelwise_pair_geometry_8000_20260915/ijbc_full/pair_geometry/ijbc_tar_at_far.csv
channelwise_pair_geometry_8000_20260915,ijbc-IJBC,1e-05,93.66,historical_nearest,unknown,unknown,unknown,needs_review,"{""audits"": [{""embedding_nonfinite_rows"": 0, ""keys"": [""nonfinite_values"", ""embedding_nonfinite_rows"", ""batches"", ""source_images"", ""augmented_embeddings"", ""target"", ""audited_input_rows"", ""audited_output_rows"", ""scope""], ""nonfinite_values"": 0, ""path"": ""work_dirs/channelwise_pair_geometry_8000_20260915/ijbc_full/finite_audit.json""}], ""logs"": []}",docs/0915_result/selection_evidence.json,b3b3e645064c9908daf001457c568f17a43bbe1472855cd30b3113527fa81d28,work_dirs/channelwise_pair_geometry_8000_20260915/ijbc_full/pair_geometry/ijbc_tar_at_far.csv
channelwise_pair_geometry_8000_20260915,ijbc-IJBC,0.0001,95.87,historical_nearest,unknown,unknown,unknown,needs_review,"{""audits"": [{""embedding_nonfinite_rows"": 0, ""keys"": [""nonfinite_values"", ""embedding_nonfinite_rows"", ""batches"", ""source_images"", ""augmented_embeddings"", ""target"", ""audited_input_rows"", ""audited_output_rows"", ""scope""], ""nonfinite_values"": 0, ""path"": ""work_dirs/channelwise_pair_geometry_8000_20260915/ijbc_full/finite_audit.json""}], ""logs"": []}",docs/0915_result/selection_evidence.json,b3b3e645064c9908daf001457c568f17a43bbe1472855cd30b3113527fa81d28,work_dirs/channelwise_pair_geometry_8000_20260915/ijbc_full/pair_geometry/ijbc_tar_at_far.csv
channelwise_pair_geometry_8000_20260915,ijbc-IJBC,0.001,97.31,historical_nearest,unknown,unknown,unknown,needs_review,"{""audits"": [{""embedding_nonfinite_rows"": 0, ""keys"": [""nonfinite_values"", ""embedding_nonfinite_rows"", ""batches"", ""source_images"", ""augmented_embeddings"", ""target"", ""audited_input_rows"", ""audited_output_rows"", ""scope""], ""nonfinite_values"": 0, ""path"": ""work_dirs/channelwise_pair_geometry_8000_20260915/ijbc_full/finite_audit.json""}], ""logs"": []}",docs/0915_result/selection_evidence.json,b3b3e645064c9908daf001457c568f17a43bbe1472855cd30b3113527fa81d28,work_dirs/channelwise_pair_geometry_8000_20260915/ijbc_full/pair_geometry/ijbc_tar_at_far.csv
channelwise_pair_geometry_8000_20260915,ijbc-IJBC,0.01,98.35,historical_nearest,unknown,unknown,unknown,needs_review,"{""audits"": [{""embedding_nonfinite_rows"": 0, ""keys"": [""nonfinite_values"", ""embedding_nonfinite_rows"", ""batches"", ""source_images"", ""augmented_embeddings"", ""target"", ""audited_input_rows"", ""audited_output_rows"", ""scope""], ""nonfinite_values"": 0, ""path"": ""work_dirs/channelwise_pair_geometry_8000_20260915/ijbc_full/finite_audit.json""}], ""logs"": []}",docs/0915_result/selection_evidence.json,b3b3e645064c9908daf001457c568f17a43bbe1472855cd30b3113527fa81d28,work_dirs/channelwise_pair_geometry_8000_20260915/ijbc_full/pair_geometry/ijbc_tar_at_far.csv
channelwise_pair_geometry_8000_20260915,ijbc-IJBC,0.1,99.04,historical_nearest,unknown,unknown,unknown,needs_review,"{""audits"": [{""embedding_nonfinite_rows"": 0, ""keys"": [""nonfinite_values"", ""embedding_nonfinite_rows"", ""batches"", ""source_images"", ""augmented_embeddings"", ""target"", ""audited_input_rows"", ""audited_output_rows"", ""scope""], ""nonfinite_values"": 0, ""path"": ""work_dirs/channelwise_pair_geometry_8000_20260915/ijbc_full/finite_audit.json""}], ""logs"": []}",docs/0915_result/selection_evidence.json,b3b3e645064c9908daf001457c568f17a43bbe1472855cd30b3113527fa81d28,work_dirs/channelwise_pair_geometry_8000_20260915/ijbc_full/pair_geometry/ijbc_tar_at_far.csv
shared_d2_A_20260913,ijbc-IJBC,1e-06,4.22,historical_nearest,unknown,unknown,unknown,needs_review,"{""audits"": [{""embedding_nonfinite_rows"": 10, ""keys"": [""nonfinite_values"", ""embedding_nonfinite_rows"", ""batches"", ""scope""], ""nonfinite_values"": 146246796, ""path"": ""work_dirs/shared_d2_A_20260913/final_ijbc/finite_audit.json""}], ""logs"": []}",docs/0915_result/selection_evidence.json,b3b3e645064c9908daf001457c568f17a43bbe1472855cd30b3113527fa81d28,work_dirs/shared_d2_A_20260913/final_ijbc/shared_d2/ijbc_tar_at_far.csv
shared_d2_A_20260913,ijbc-IJBC,1e-05,7.88,historical_nearest,unknown,unknown,unknown,needs_review,"{""audits"": [{""embedding_nonfinite_rows"": 10, ""keys"": [""nonfinite_values"", ""embedding_nonfinite_rows"", ""batches"", ""scope""], ""nonfinite_values"": 146246796, ""path"": ""work_dirs/shared_d2_A_20260913/final_ijbc/finite_audit.json""}], ""logs"": []}",docs/0915_result/selection_evidence.json,b3b3e645064c9908daf001457c568f17a43bbe1472855cd30b3113527fa81d28,work_dirs/shared_d2_A_20260913/final_ijbc/shared_d2/ijbc_tar_at_far.csv
shared_d2_A_20260913,ijbc-IJBC,0.0001,14.16,historical_nearest,unknown,unknown,unknown,needs_review,"{""audits"": [{""embedding_nonfinite_rows"": 10, ""keys"": [""nonfinite_values"", ""embedding_nonfinite_rows"", ""batches"", ""scope""], ""nonfinite_values"": 146246796, ""path"": ""work_dirs/shared_d2_A_20260913/final_ijbc/finite_audit.json""}], ""logs"": []}",docs/0915_result/selection_evidence.json,b3b3e645064c9908daf001457c568f17a43bbe1472855cd30b3113527fa81d28,work_dirs/shared_d2_A_20260913/final_ijbc/shared_d2/ijbc_tar_at_far.csv
shared_d2_A_20260913,ijbc-IJBC,0.001,25.65,historical_nearest,unknown,unknown,unknown,needs_review,"{""audits"": [{""embedding_nonfinite_rows"": 10, ""keys"": [""nonfinite_values"", ""embedding_nonfinite_rows"", ""batches"", ""scope""], ""nonfinite_values"": 146246796, ""path"": ""work_dirs/shared_d2_A_20260913/final_ijbc/finite_audit.json""}], ""logs"": []}",docs/0915_result/selection_evidence.json,b3b3e645064c9908daf001457c568f17a43bbe1472855cd30b3113527fa81d28,work_dirs/shared_d2_A_20260913/final_ijbc/shared_d2/ijbc_tar_at_far.csv
shared_d2_A_20260913,ijbc-IJBC,0.01,43.08,historical_nearest,unknown,unknown,unknown,needs_review,"{""audits"": [{""embedding_nonfinite_rows"": 10, ""keys"": [""nonfinite_values"", ""embedding_nonfinite_rows"", ""batches"", ""scope""], ""nonfinite_values"": 146246796, ""path"": ""work_dirs/shared_d2_A_20260913/final_ijbc/finite_audit.json""}], ""logs"": []}",docs/0915_result/selection_evidence.json,b3b3e645064c9908daf001457c568f17a43bbe1472855cd30b3113527fa81d28,work_dirs/shared_d2_A_20260913/final_ijbc/shared_d2/ijbc_tar_at_far.csv
shared_d2_A_20260913,ijbc-IJBC,0.1,67.99,historical_nearest,unknown,unknown,unknown,needs_review,"{""audits"": [{""embedding_nonfinite_rows"": 10, ""keys"": [""nonfinite_values"", ""embedding_nonfinite_rows"", ""batches"", ""scope""], ""nonfinite_values"": 146246796, ""path"": ""work_dirs/shared_d2_A_20260913/final_ijbc/finite_audit.json""}], ""logs"": []}",docs/0915_result/selection_evidence.json,b3b3e645064c9908daf001457c568f17a43bbe1472855cd30b3113527fa81d28,work_dirs/shared_d2_A_20260913/final_ijbc/shared_d2/ijbc_tar_at_far.csv
channelwise_template_tail01_20260915,ijbc-IJBC,1e-06,89.92,historical_nearest,unknown,unknown,unknown,needs_review,"{""audits"": [{""embedding_nonfinite_rows"": 0, ""keys"": [""nonfinite_values"", ""embedding_nonfinite_rows"", ""batches"", ""source_images"", ""augmented_embeddings"", ""target"", ""audited_input_rows"", ""audited_output_rows"", ""scope""], ""nonfinite_values"": 0, ""path"": ""work_dirs/channelwise_template_tail01_20260915/ijbc_full/finite_audit.json""}], ""logs"": []}",docs/0915_result/selection_evidence.json,b3b3e645064c9908daf001457c568f17a43bbe1472855cd30b3113527fa81d28,work_dirs/channelwise_template_tail01_20260915/ijbc_full/pair_geometry/ijbc_tar_at_far.csv
channelwise_template_tail01_20260915,ijbc-IJBC,1e-05,93.78,historical_nearest,unknown,unknown,unknown,needs_review,"{""audits"": [{""embedding_nonfinite_rows"": 0, ""keys"": [""nonfinite_values"", ""embedding_nonfinite_rows"", ""batches"", ""source_images"", ""augmented_embeddings"", ""target"", ""audited_input_rows"", ""audited_output_rows"", ""scope""], ""nonfinite_values"": 0, ""path"": ""work_dirs/channelwise_template_tail01_20260915/ijbc_full/finite_audit.json""}], ""logs"": []}",docs/0915_result/selection_evidence.json,b3b3e645064c9908daf001457c568f17a43bbe1472855cd30b3113527fa81d28,work_dirs/channelwise_template_tail01_20260915/ijbc_full/pair_geometry/ijbc_tar_at_far.csv
channelwise_template_tail01_20260915,ijbc-IJBC,0.0001,95.84,historical_nearest,unknown,unknown,unknown,needs_review,"{""audits"": [{""embedding_nonfinite_rows"": 0, ""keys"": [""nonfinite_values"", ""embedding_nonfinite_rows"", ""batches"", ""source_images"", ""augmented_embeddings"", ""target"", ""audited_input_rows"", ""audited_output_rows"", ""scope""], ""nonfinite_values"": 0, ""path"": ""work_dirs/channelwise_template_tail01_20260915/ijbc_full/finite_audit.json""}], ""logs"": []}",docs/0915_result/selection_evidence.json,b3b3e645064c9908daf001457c568f17a43bbe1472855cd30b3113527fa81d28,work_dirs/channelwise_template_tail01_20260915/ijbc_full/pair_geometry/ijbc_tar_at_far.csv
channelwise_template_tail01_20260915,ijbc-IJBC,0.001,97.38,historical_nearest,unknown,unknown,unknown,needs_review,"{""audits"": [{""embedding_nonfinite_rows"": 0, ""keys"": [""nonfinite_values"", ""embedding_nonfinite_rows"", ""batches"", ""source_images"", ""augmented_embeddings"", ""target"", ""audited_input_rows"", ""audited_output_rows"", ""scope""], ""nonfinite_values"": 0, ""path"": ""work_dirs/channelwise_template_tail01_20260915/ijbc_full/finite_audit.json""}], ""logs"": []}",docs/0915_result/selection_evidence.json,b3b3e645064c9908daf001457c568f17a43bbe1472855cd30b3113527fa81d28,work_dirs/channelwise_template_tail01_20260915/ijbc_full/pair_geometry/ijbc_tar_at_far.csv
channelwise_template_tail01_20260915,ijbc-IJBC,0.01,98.37,historical_nearest,unknown,unknown,unknown,needs_review,"{""audits"": [{""embedding_nonfinite_rows"": 0, ""keys"": [""nonfinite_values"", ""embedding_nonfinite_rows"", ""batches"", ""source_images"", ""augmented_embeddings"", ""target"", ""audited_input_rows"", ""audited_output_rows"", ""scope""], ""nonfinite_values"": 0, ""path"": ""work_dirs/channelwise_template_tail01_20260915/ijbc_full/finite_audit.json""}], ""logs"": []}",docs/0915_result/selection_evidence.json,b3b3e645064c9908daf001457c568f17a43bbe1472855cd30b3113527fa81d28,work_dirs/channelwise_template_tail01_20260915/ijbc_full/pair_geometry/ijbc_tar_at_far.csv
channelwise_template_tail01_20260915,ijbc-IJBC,0.1,99.04,historical_nearest,unknown,unknown,unknown,needs_review,"{""audits"": [{""embedding_nonfinite_rows"": 0, ""keys"": [""nonfinite_values"", ""embedding_nonfinite_rows"", ""batches"", ""source_images"", ""augmented_embeddings"", ""target"", ""audited_input_rows"", ""audited_output_rows"", ""scope""], ""nonfinite_values"": 0, ""path"": ""work_dirs/channelwise_template_tail01_20260915/ijbc_full/finite_audit.json""}], ""logs"": []}",docs/0915_result/selection_evidence.json,b3b3e645064c9908daf001457c568f17a43bbe1472855cd30b3113527fa81d28,work_dirs/channelwise_template_tail01_20260915/ijbc_full/pair_geometry/ijbc_tar_at_far.csv
shared_d2_D_20260913,ijbc-IJBC,1e-06,71.54,historical_nearest,unknown,unknown,unknown,needs_review,"{""audits"": [{""embedding_nonfinite_rows"": 0, ""keys"": [""nonfinite_values"", ""embedding_nonfinite_rows"", ""batches"", ""scope""], ""nonfinite_values"": 0, ""path"": ""work_dirs/shared_d2_D_20260913/final_ijbc/finite_audit.json""}], ""logs"": []}",docs/0915_result/selection_evidence.json,b3b3e645064c9908daf001457c568f17a43bbe1472855cd30b3113527fa81d28,work_dirs/shared_d2_D_20260913/final_ijbc/shared_d2/ijbc_tar_at_far.csv
shared_d2_D_20260913,ijbc-IJBC,1e-05,91.11,historical_nearest,unknown,unknown,unknown,needs_review,"{""audits"": [{""embedding_nonfinite_rows"": 0, ""keys"": [""nonfinite_values"", ""embedding_nonfinite_rows"", ""batches"", ""scope""], ""nonfinite_values"": 0, ""path"": ""work_dirs/shared_d2_D_20260913/final_ijbc/finite_audit.json""}], ""logs"": []}",docs/0915_result/selection_evidence.json,b3b3e645064c9908daf001457c568f17a43bbe1472855cd30b3113527fa81d28,work_dirs/shared_d2_D_20260913/final_ijbc/shared_d2/ijbc_tar_at_far.csv
shared_d2_D_20260913,ijbc-IJBC,0.0001,96.06,historical_nearest,unknown,unknown,unknown,needs_review,"{""audits"": [{""embedding_nonfinite_rows"": 0, ""keys"": [""nonfinite_values"", ""embedding_nonfinite_rows"", ""batches"", ""scope""], ""nonfinite_values"": 0, ""path"": ""work_dirs/shared_d2_D_20260913/final_ijbc/finite_audit.json""}], ""logs"": []}",docs/0915_result/selection_evidence.json,b3b3e645064c9908daf001457c568f17a43bbe1472855cd30b3113527fa81d28,work_dirs/shared_d2_D_20260913/final_ijbc/shared_d2/ijbc_tar_at_far.csv
shared_d2_D_20260913,ijbc-IJBC,0.001,97.56,historical_nearest,unknown,unknown,unknown,needs_review,"{""audits"": [{""embedding_nonfinite_rows"": 0, ""keys"": [""nonfinite_values"", ""embedding_nonfinite_rows"", ""batches"", ""scope""], ""nonfinite_values"": 0, ""path"": ""work_dirs/shared_d2_D_20260913/final_ijbc/finite_audit.json""}], ""logs"": []}",docs/0915_result/selection_evidence.json,b3b3e645064c9908daf001457c568f17a43bbe1472855cd30b3113527fa81d28,work_dirs/shared_d2_D_20260913/final_ijbc/shared_d2/ijbc_tar_at_far.csv
shared_d2_D_20260913,ijbc-IJBC,0.01,98.51,historical_nearest,unknown,unknown,unknown,needs_review,"{""audits"": [{""embedding_nonfinite_rows"": 0, ""keys"": [""nonfinite_values"", ""embedding_nonfinite_rows"", ""batches"", ""scope""], ""nonfinite_values"": 0, ""path"": ""work_dirs/shared_d2_D_20260913/final_ijbc/finite_audit.json""}], ""logs"": []}",docs/0915_result/selection_evidence.json,b3b3e645064c9908daf001457c568f17a43bbe1472855cd30b3113527fa81d28,work_dirs/shared_d2_D_20260913/final_ijbc/shared_d2/ijbc_tar_at_far.csv
shared_d2_D_20260913,ijbc-IJBC,0.1,99.1,historical_nearest,unknown,unknown,unknown,needs_review,"{""audits"": [{""embedding_nonfinite_rows"": 0, ""keys"": [""nonfinite_values"", ""embedding_nonfinite_rows"", ""batches"", ""scope""], ""nonfinite_values"": 0, ""path"": ""work_dirs/shared_d2_D_20260913/final_ijbc/finite_audit.json""}], ""logs"": []}",docs/0915_result/selection_evidence.json,b3b3e645064c9908daf001457c568f17a43bbe1472855cd30b3113527fa81d28,work_dirs/shared_d2_D_20260913/final_ijbc/shared_d2/ijbc_tar_at_far.csv
ms1mv3_r50_herpn_full_conversion_phase2_ijbc_focus1,ijbc-IJBC,1e-06,85.86,historical_nearest,unknown,unknown,unknown,needs_review,"{""audits"": [], ""logs"": [{""nonfinite_augmented_embedding_rows"": [0], ""path"": ""work_dirs/ms1mv3_r50_herpn_full_conversion_phase2_ijbc_focus1/ijbb-339058.out""}]}",docs/0915_result/selection_evidence.json,b3b3e645064c9908daf001457c568f17a43bbe1472855cd30b3113527fa81d28,work_dirs/ms1mv3_r50_herpn_full_conversion_phase2_ijbc_focus1/ijbc_focus1_zero/r50_full_poly_focus1_zero/ijbc_tar_at_far.csv
ms1mv3_r50_herpn_full_conversion_phase2_ijbc_focus1,ijbc-IJBC,1e-05,92.06,historical_nearest,unknown,unknown,unknown,needs_review,"{""audits"": [], ""logs"": [{""nonfinite_augmented_embedding_rows"": [0], ""path"": ""work_dirs/ms1mv3_r50_herpn_full_conversion_phase2_ijbc_focus1/ijbb-339058.out""}]}",docs/0915_result/selection_evidence.json,b3b3e645064c9908daf001457c568f17a43bbe1472855cd30b3113527fa81d28,work_dirs/ms1mv3_r50_herpn_full_conversion_phase2_ijbc_focus1/ijbc_focus1_zero/r50_full_poly_focus1_zero/ijbc_tar_at_far.csv
ms1mv3_r50_herpn_full_conversion_phase2_ijbc_focus1,ijbc-IJBC,0.0001,94.87,historical_nearest,unknown,unknown,unknown,needs_review,"{""audits"": [], ""logs"": [{""nonfinite_augmented_embedding_rows"": [0], ""path"": ""work_dirs/ms1mv3_r50_herpn_full_conversion_phase2_ijbc_focus1/ijbb-339058.out""}]}",docs/0915_result/selection_evidence.json,b3b3e645064c9908daf001457c568f17a43bbe1472855cd30b3113527fa81d28,work_dirs/ms1mv3_r50_herpn_full_conversion_phase2_ijbc_focus1/ijbc_focus1_zero/r50_full_poly_focus1_zero/ijbc_tar_at_far.csv
ms1mv3_r50_herpn_full_conversion_phase2_ijbc_focus1,ijbc-IJBC,0.001,96.68,historical_nearest,unknown,unknown,unknown,needs_review,"{""audits"": [], ""logs"": [{""nonfinite_augmented_embedding_rows"": [0], ""path"": ""work_dirs/ms1mv3_r50_herpn_full_conversion_phase2_ijbc_focus1/ijbb-339058.out""}]}",docs/0915_result/selection_evidence.json,b3b3e645064c9908daf001457c568f17a43bbe1472855cd30b3113527fa81d28,work_dirs/ms1mv3_r50_herpn_full_conversion_phase2_ijbc_focus1/ijbc_focus1_zero/r50_full_poly_focus1_zero/ijbc_tar_at_far.csv
ms1mv3_r50_herpn_full_conversion_phase2_ijbc_focus1,ijbc-IJBC,0.01,97.93,historical_nearest,unknown,unknown,unknown,needs_review,"{""audits"": [], ""logs"": [{""nonfinite_augmented_embedding_rows"": [0], ""path"": ""work_dirs/ms1mv3_r50_herpn_full_conversion_phase2_ijbc_focus1/ijbb-339058.out""}]}",docs/0915_result/selection_evidence.json,b3b3e645064c9908daf001457c568f17a43bbe1472855cd30b3113527fa81d28,work_dirs/ms1mv3_r50_herpn_full_conversion_phase2_ijbc_focus1/ijbc_focus1_zero/r50_full_poly_focus1_zero/ijbc_tar_at_far.csv
ms1mv3_r50_herpn_full_conversion_phase2_ijbc_focus1,ijbc-IJBC,0.1,98.86,historical_nearest,unknown,unknown,unknown,needs_review,"{""audits"": [], ""logs"": [{""nonfinite_augmented_embedding_rows"": [0], ""path"": ""work_dirs/ms1mv3_r50_herpn_full_conversion_phase2_ijbc_focus1/ijbb-339058.out""}]}",docs/0915_result/selection_evidence.json,b3b3e645064c9908daf001457c568f17a43bbe1472855cd30b3113527fa81d28,work_dirs/ms1mv3_r50_herpn_full_conversion_phase2_ijbc_focus1/ijbc_focus1_zero/r50_full_poly_focus1_zero/ijbc_tar_at_far.csv
controlled_degree2_tail_ms1mv3_20260907,ijbc-IJBC,1e-06,84.5,historical_nearest,unknown,unknown,unknown,needs_review,"{""audits"": [], ""logs"": [{""nonfinite_augmented_embedding_rows"": [8], ""path"": ""work_dirs/controlled_degree2_tail_ms1mv3_20260907/ijbc_controlled/slurm-355702.out""}]}",docs/0915_result/selection_evidence.json,b3b3e645064c9908daf001457c568f17a43bbe1472855cd30b3113527fa81d28,work_dirs/controlled_degree2_tail_ms1mv3_20260907/ijbc_controlled/result/r50_controlled_d2_tail/ijbc_tar_at_far.csv
controlled_degree2_tail_ms1mv3_20260907,ijbc-IJBC,1e-05,92.75,historical_nearest,unknown,unknown,unknown,needs_review,"{""audits"": [], ""logs"": [{""nonfinite_augmented_embedding_rows"": [8], ""path"": ""work_dirs/controlled_degree2_tail_ms1mv3_20260907/ijbc_controlled/slurm-355702.out""}]}",docs/0915_result/selection_evidence.json,b3b3e645064c9908daf001457c568f17a43bbe1472855cd30b3113527fa81d28,work_dirs/controlled_degree2_tail_ms1mv3_20260907/ijbc_controlled/result/r50_controlled_d2_tail/ijbc_tar_at_far.csv
controlled_degree2_tail_ms1mv3_20260907,ijbc-IJBC,0.0001,95.64,historical_nearest,unknown,unknown,unknown,needs_review,"{""audits"": [], ""logs"": [{""nonfinite_augmented_embedding_rows"": [8], ""path"": ""work_dirs/controlled_degree2_tail_ms1mv3_20260907/ijbc_controlled/slurm-355702.out""}]}",docs/0915_result/selection_evidence.json,b3b3e645064c9908daf001457c568f17a43bbe1472855cd30b3113527fa81d28,work_dirs/controlled_degree2_tail_ms1mv3_20260907/ijbc_controlled/result/r50_controlled_d2_tail/ijbc_tar_at_far.csv
controlled_degree2_tail_ms1mv3_20260907,ijbc-IJBC,0.001,97.14,historical_nearest,unknown,unknown,unknown,needs_review,"{""audits"": [], ""logs"": [{""nonfinite_augmented_embedding_rows"": [8], ""path"": ""work_dirs/controlled_degree2_tail_ms1mv3_20260907/ijbc_controlled/slurm-355702.out""}]}",docs/0915_result/selection_evidence.json,b3b3e645064c9908daf001457c568f17a43bbe1472855cd30b3113527fa81d28,work_dirs/controlled_degree2_tail_ms1mv3_20260907/ijbc_controlled/result/r50_controlled_d2_tail/ijbc_tar_at_far.csv
controlled_degree2_tail_ms1mv3_20260907,ijbc-IJBC,0.01,98.32,historical_nearest,unknown,unknown,unknown,needs_review,"{""audits"": [], ""logs"": [{""nonfinite_augmented_embedding_rows"": [8], ""path"": ""work_dirs/controlled_degree2_tail_ms1mv3_20260907/ijbc_controlled/slurm-355702.out""}]}",docs/0915_result/selection_evidence.json,b3b3e645064c9908daf001457c568f17a43bbe1472855cd30b3113527fa81d28,work_dirs/controlled_degree2_tail_ms1mv3_20260907/ijbc_controlled/result/r50_controlled_d2_tail/ijbc_tar_at_far.csv
controlled_degree2_tail_ms1mv3_20260907,ijbc-IJBC,0.1,99.0,historical_nearest,unknown,unknown,unknown,needs_review,"{""audits"": [], ""logs"": [{""nonfinite_augmented_embedding_rows"": [8], ""path"": ""work_dirs/controlled_degree2_tail_ms1mv3_20260907/ijbc_controlled/slurm-355702.out""}]}",docs/0915_result/selection_evidence.json,b3b3e645064c9908daf001457c568f17a43bbe1472855cd30b3113527fa81d28,work_dirs/controlled_degree2_tail_ms1mv3_20260907/ijbc_controlled/result/r50_controlled_d2_tail/ijbc_tar_at_far.csv
controlled_direct_degree2,ijbc-IJBC,1e-06,85.86,historical_nearest,unknown,unknown,unknown,needs_review,"{""audits"": [], ""logs"": [{""nonfinite_augmented_embedding_rows"": [14], ""path"": ""work_dirs/controlled_direct_degree2/ijbc_polish_unclipped/ijbc-348567.out""}]}",docs/0915_result/selection_evidence.json,b3b3e645064c9908daf001457c568f17a43bbe1472855cd30b3113527fa81d28,work_dirs/controlled_direct_degree2/ijbc_polish_unclipped/controlled_degree2_polish_unclipped/ijbc_tar_at_far.csv
controlled_direct_degree2,ijbc-IJBC,1e-05,92.98,historical_nearest,unknown,unknown,unknown,needs_review,"{""audits"": [], ""logs"": [{""nonfinite_augmented_embedding_rows"": [14], ""path"": ""work_dirs/controlled_direct_degree2/ijbc_polish_unclipped/ijbc-348567.out""}]}",docs/0915_result/selection_evidence.json,b3b3e645064c9908daf001457c568f17a43bbe1472855cd30b3113527fa81d28,work_dirs/controlled_direct_degree2/ijbc_polish_unclipped/controlled_degree2_polish_unclipped/ijbc_tar_at_far.csv
controlled_direct_degree2,ijbc-IJBC,0.0001,95.68,historical_nearest,unknown,unknown,unknown,needs_review,"{""audits"": [], ""logs"": [{""nonfinite_augmented_embedding_rows"": [14], ""path"": ""work_dirs/controlled_direct_degree2/ijbc_polish_unclipped/ijbc-348567.out""}]}",docs/0915_result/selection_evidence.json,b3b3e645064c9908daf001457c568f17a43bbe1472855cd30b3113527fa81d28,work_dirs/controlled_direct_degree2/ijbc_polish_unclipped/controlled_degree2_polish_unclipped/ijbc_tar_at_far.csv
controlled_direct_degree2,ijbc-IJBC,0.001,97.1,historical_nearest,unknown,unknown,unknown,needs_review,"{""audits"": [], ""logs"": [{""nonfinite_augmented_embedding_rows"": [14], ""path"": ""work_dirs/controlled_direct_degree2/ijbc_polish_unclipped/ijbc-348567.out""}]}",docs/0915_result/selection_evidence.json,b3b3e645064c9908daf001457c568f17a43bbe1472855cd30b3113527fa81d28,work_dirs/controlled_direct_degree2/ijbc_polish_unclipped/controlled_degree2_polish_unclipped/ijbc_tar_at_far.csv
controlled_direct_degree2,ijbc-IJBC,0.01,98.24,historical_nearest,unknown,unknown,unknown,needs_review,"{""audits"": [], ""logs"": [{""nonfinite_augmented_embedding_rows"": [14], ""path"": ""work_dirs/controlled_direct_degree2/ijbc_polish_unclipped/ijbc-348567.out""}]}",docs/0915_result/selection_evidence.json,b3b3e645064c9908daf001457c568f17a43bbe1472855cd30b3113527fa81d28,work_dirs/controlled_direct_degree2/ijbc_polish_unclipped/controlled_degree2_polish_unclipped/ijbc_tar_at_far.csv
controlled_direct_degree2,ijbc-IJBC,0.1,98.96,historical_nearest,unknown,unknown,unknown,needs_review,"{""audits"": [], ""logs"": [{""nonfinite_augmented_embedding_rows"": [14], ""path"": ""work_dirs/controlled_direct_degree2/ijbc_polish_unclipped/ijbc-348567.out""}]}",docs/0915_result/selection_evidence.json,b3b3e645064c9908daf001457c568f17a43bbe1472855cd30b3113527fa81d28,work_dirs/controlled_direct_degree2/ijbc_polish_unclipped/controlled_degree2_polish_unclipped/ijbc_tar_at_far.csv
channelwise_exact_head_20260915,ijbc-IJBC,1e-06,87.52,historical_nearest,unknown,unknown,unknown,needs_review,"{""audits"": [{""embedding_nonfinite_rows"": 0, ""keys"": [""nonfinite_values"", ""embedding_nonfinite_rows"", ""batches"", ""source_images"", ""augmented_embeddings"", ""target"", ""audited_input_rows"", ""audited_output_rows"", ""scope""], ""nonfinite_values"": 0, ""path"": ""work_dirs/channelwise_exact_head_20260915/mse0/ijbc_full/finite_audit.json""}], ""logs"": []}",docs/0915_result/selection_evidence.json,b3b3e645064c9908daf001457c568f17a43bbe1472855cd30b3113527fa81d28,work_dirs/channelwise_exact_head_20260915/mse0/ijbc_full/exact_head_mse0/ijbc_tar_at_far.csv
channelwise_exact_head_20260915,ijbc-IJBC,1e-05,93.41,historical_nearest,unknown,unknown,unknown,needs_review,"{""audits"": [{""embedding_nonfinite_rows"": 0, ""keys"": [""nonfinite_values"", ""embedding_nonfinite_rows"", ""batches"", ""source_images"", ""augmented_embeddings"", ""target"", ""audited_input_rows"", ""audited_output_rows"", ""scope""], ""nonfinite_values"": 0, ""path"": ""work_dirs/channelwise_exact_head_20260915/mse0/ijbc_full/finite_audit.json""}], ""logs"": []}",docs/0915_result/selection_evidence.json,b3b3e645064c9908daf001457c568f17a43bbe1472855cd30b3113527fa81d28,work_dirs/channelwise_exact_head_20260915/mse0/ijbc_full/exact_head_mse0/ijbc_tar_at_far.csv
channelwise_exact_head_20260915,ijbc-IJBC,0.0001,95.8,historical_nearest,unknown,unknown,unknown,needs_review,"{""audits"": [{""embedding_nonfinite_rows"": 0, ""keys"": [""nonfinite_values"", ""embedding_nonfinite_rows"", ""batches"", ""source_images"", ""augmented_embeddings"", ""target"", ""audited_input_rows"", ""audited_output_rows"", ""scope""], ""nonfinite_values"": 0, ""path"": ""work_dirs/channelwise_exact_head_20260915/mse0/ijbc_full/finite_audit.json""}], ""logs"": []}",docs/0915_result/selection_evidence.json,b3b3e645064c9908daf001457c568f17a43bbe1472855cd30b3113527fa81d28,work_dirs/channelwise_exact_head_20260915/mse0/ijbc_full/exact_head_mse0/ijbc_tar_at_far.csv
channelwise_exact_head_20260915,ijbc-IJBC,0.001,97.39,historical_nearest,unknown,unknown,unknown,needs_review,"{""audits"": [{""embedding_nonfinite_rows"": 0, ""keys"": [""nonfinite_values"", ""embedding_nonfinite_rows"", ""batches"", ""source_images"", ""augmented_embeddings"", ""target"", ""audited_input_rows"", ""audited_output_rows"", ""scope""], ""nonfinite_values"": 0, ""path"": ""work_dirs/channelwise_exact_head_20260915/mse0/ijbc_full/finite_audit.json""}], ""logs"": []}",docs/0915_result/selection_evidence.json,b3b3e645064c9908daf001457c568f17a43bbe1472855cd30b3113527fa81d28,work_dirs/channelwise_exact_head_20260915/mse0/ijbc_full/exact_head_mse0/ijbc_tar_at_far.csv
channelwise_exact_head_20260915,ijbc-IJBC,0.01,98.39,historical_nearest,unknown,unknown,unknown,needs_review,"{""audits"": [{""embedding_nonfinite_rows"": 0, ""keys"": [""nonfinite_values"", ""embedding_nonfinite_rows"", ""batches"", ""source_images"", ""augmented_embeddings"", ""target"", ""audited_input_rows"", ""audited_output_rows"", ""scope""], ""nonfinite_values"": 0, ""path"": ""work_dirs/channelwise_exact_head_20260915/mse0/ijbc_full/finite_audit.json""}], ""logs"": []}",docs/0915_result/selection_evidence.json,b3b3e645064c9908daf001457c568f17a43bbe1472855cd30b3113527fa81d28,work_dirs/channelwise_exact_head_20260915/mse0/ijbc_full/exact_head_mse0/ijbc_tar_at_far.csv
channelwise_exact_head_20260915,ijbc-IJBC,0.1,99.02,historical_nearest,unknown,unknown,unknown,needs_review,"{""audits"": [{""embedding_nonfinite_rows"": 0, ""keys"": [""nonfinite_values"", ""embedding_nonfinite_rows"", ""batches"", ""source_images"", ""augmented_embeddings"", ""target"", ""audited_input_rows"", ""audited_output_rows"", ""scope""], ""nonfinite_values"": 0, ""path"": ""work_dirs/channelwise_exact_head_20260915/mse0/ijbc_full/finite_audit.json""}], ""logs"": []}",docs/0915_result/selection_evidence.json,b3b3e645064c9908daf001457c568f17a43bbe1472855cd30b3113527fa81d28,work_dirs/channelwise_exact_head_20260915/mse0/ijbc_full/exact_head_mse0/ijbc_tar_at_far.csv
channelwise_exact_head_20260915,ijbc-IJBC,1e-06,86.75,historical_nearest,unknown,unknown,unknown,needs_review,"{""audits"": [{""embedding_nonfinite_rows"": 0, ""keys"": [""nonfinite_values"", ""embedding_nonfinite_rows"", ""batches"", ""source_images"", ""augmented_embeddings"", ""target"", ""audited_input_rows"", ""audited_output_rows"", ""scope""], ""nonfinite_values"": 0, ""path"": ""work_dirs/channelwise_exact_head_20260915/mse1/ijbc_full/finite_audit.json""}], ""logs"": []}",docs/0915_result/selection_evidence.json,b3b3e645064c9908daf001457c568f17a43bbe1472855cd30b3113527fa81d28,work_dirs/channelwise_exact_head_20260915/mse1/ijbc_full/exact_head_mse1/ijbc_tar_at_far.csv
channelwise_exact_head_20260915,ijbc-IJBC,1e-05,93.22,historical_nearest,unknown,unknown,unknown,needs_review,"{""audits"": [{""embedding_nonfinite_rows"": 0, ""keys"": [""nonfinite_values"", ""embedding_nonfinite_rows"", ""batches"", ""source_images"", ""augmented_embeddings"", ""target"", ""audited_input_rows"", ""audited_output_rows"", ""scope""], ""nonfinite_values"": 0, ""path"": ""work_dirs/channelwise_exact_head_20260915/mse1/ijbc_full/finite_audit.json""}], ""logs"": []}",docs/0915_result/selection_evidence.json,b3b3e645064c9908daf001457c568f17a43bbe1472855cd30b3113527fa81d28,work_dirs/channelwise_exact_head_20260915/mse1/ijbc_full/exact_head_mse1/ijbc_tar_at_far.csv
channelwise_exact_head_20260915,ijbc-IJBC,0.0001,95.7,historical_nearest,unknown,unknown,unknown,needs_review,"{""audits"": [{""embedding_nonfinite_rows"": 0, ""keys"": [""nonfinite_values"", ""embedding_nonfinite_rows"", ""batches"", ""source_images"", ""augmented_embeddings"", ""target"", ""audited_input_rows"", ""audited_output_rows"", ""scope""], ""nonfinite_values"": 0, ""path"": ""work_dirs/channelwise_exact_head_20260915/mse1/ijbc_full/finite_audit.json""}], ""logs"": []}",docs/0915_result/selection_evidence.json,b3b3e645064c9908daf001457c568f17a43bbe1472855cd30b3113527fa81d28,work_dirs/channelwise_exact_head_20260915/mse1/ijbc_full/exact_head_mse1/ijbc_tar_at_far.csv
channelwise_exact_head_20260915,ijbc-IJBC,0.001,97.35,historical_nearest,unknown,unknown,unknown,needs_review,"{""audits"": [{""embedding_nonfinite_rows"": 0, ""keys"": [""nonfinite_values"", ""embedding_nonfinite_rows"", ""batches"", ""source_images"", ""augmented_embeddings"", ""target"", ""audited_input_rows"", ""audited_output_rows"", ""scope""], ""nonfinite_values"": 0, ""path"": ""work_dirs/channelwise_exact_head_20260915/mse1/ijbc_full/finite_audit.json""}], ""logs"": []}",docs/0915_result/selection_evidence.json,b3b3e645064c9908daf001457c568f17a43bbe1472855cd30b3113527fa81d28,work_dirs/channelwise_exact_head_20260915/mse1/ijbc_full/exact_head_mse1/ijbc_tar_at_far.csv
channelwise_exact_head_20260915,ijbc-IJBC,0.01,98.38,historical_nearest,unknown,unknown,unknown,needs_review,"{""audits"": [{""embedding_nonfinite_rows"": 0, ""keys"": [""nonfinite_values"", ""embedding_nonfinite_rows"", ""batches"", ""source_images"", ""augmented_embeddings"", ""target"", ""audited_input_rows"", ""audited_output_rows"", ""scope""], ""nonfinite_values"": 0, ""path"": ""work_dirs/channelwise_exact_head_20260915/mse1/ijbc_full/finite_audit.json""}], ""logs"": []}",docs/0915_result/selection_evidence.json,b3b3e645064c9908daf001457c568f17a43bbe1472855cd30b3113527fa81d28,work_dirs/channelwise_exact_head_20260915/mse1/ijbc_full/exact_head_mse1/ijbc_tar_at_far.csv
channelwise_exact_head_20260915,ijbc-IJBC,0.1,99.05,historical_nearest,unknown,unknown,unknown,needs_review,"{""audits"": [{""embedding_nonfinite_rows"": 0, ""keys"": [""nonfinite_values"", ""embedding_nonfinite_rows"", ""batches"", ""source_images"", ""augmented_embeddings"", ""target"", ""audited_input_rows"", ""audited_output_rows"", ""scope""], ""nonfinite_values"": 0, ""path"": ""work_dirs/channelwise_exact_head_20260915/mse1/ijbc_full/finite_audit.json""}], ""logs"": []}",docs/0915_result/selection_evidence.json,b3b3e645064c9908daf001457c568f17a43bbe1472855cd30b3113527fa81d28,work_dirs/channelwise_exact_head_20260915/mse1/ijbc_full/exact_head_mse1/ijbc_tar_at_far.csv
channelwise_template_anchor03_20260915,ijbc-IJBC,1e-06,89.25,historical_nearest,unknown,unknown,unknown,needs_review,"{""audits"": [{""embedding_nonfinite_rows"": 0, ""keys"": [""nonfinite_values"", ""embedding_nonfinite_rows"", ""batches"", ""source_images"", ""augmented_embeddings"", ""target"", ""audited_input_rows"", ""audited_output_rows"", ""scope""], ""nonfinite_values"": 0, ""path"": ""work_dirs/channelwise_template_anchor03_20260915/ijbc_full/finite_audit.json""}], ""logs"": []}",docs/0915_result/selection_evidence.json,b3b3e645064c9908daf001457c568f17a43bbe1472855cd30b3113527fa81d28,work_dirs/channelwise_template_anchor03_20260915/ijbc_full/pair_geometry/ijbc_tar_at_far.csv
channelwise_template_anchor03_20260915,ijbc-IJBC,1e-05,93.74,historical_nearest,unknown,unknown,unknown,needs_review,"{""audits"": [{""embedding_nonfinite_rows"": 0, ""keys"": [""nonfinite_values"", ""embedding_nonfinite_rows"", ""batches"", ""source_images"", ""augmented_embeddings"", ""target"", ""audited_input_rows"", ""audited_output_rows"", ""scope""], ""nonfinite_values"": 0, ""path"": ""work_dirs/channelwise_template_anchor03_20260915/ijbc_full/finite_audit.json""}], ""logs"": []}",docs/0915_result/selection_evidence.json,b3b3e645064c9908daf001457c568f17a43bbe1472855cd30b3113527fa81d28,work_dirs/channelwise_template_anchor03_20260915/ijbc_full/pair_geometry/ijbc_tar_at_far.csv
channelwise_template_anchor03_20260915,ijbc-IJBC,0.0001,95.95,historical_nearest,unknown,unknown,unknown,needs_review,"{""audits"": [{""embedding_nonfinite_rows"": 0, ""keys"": [""nonfinite_values"", ""embedding_nonfinite_rows"", ""batches"", ""source_images"", ""augmented_embeddings"", ""target"", ""audited_input_rows"", ""audited_output_rows"", ""scope""], ""nonfinite_values"": 0, ""path"": ""work_dirs/channelwise_template_anchor03_20260915/ijbc_full/finite_audit.json""}], ""logs"": []}",docs/0915_result/selection_evidence.json,b3b3e645064c9908daf001457c568f17a43bbe1472855cd30b3113527fa81d28,work_dirs/channelwise_template_anchor03_20260915/ijbc_full/pair_geometry/ijbc_tar_at_far.csv
channelwise_template_anchor03_20260915,ijbc-IJBC,0.001,97.43,historical_nearest,unknown,unknown,unknown,needs_review,"{""audits"": [{""embedding_nonfinite_rows"": 0, ""keys"": [""nonfinite_values"", ""embedding_nonfinite_rows"", ""batches"", ""source_images"", ""augmented_embeddings"", ""target"", ""audited_input_rows"", ""audited_output_rows"", ""scope""], ""nonfinite_values"": 0, ""path"": ""work_dirs/channelwise_template_anchor03_20260915/ijbc_full/finite_audit.json""}], ""logs"": []}",docs/0915_result/selection_evidence.json,b3b3e645064c9908daf001457c568f17a43bbe1472855cd30b3113527fa81d28,work_dirs/channelwise_template_anchor03_20260915/ijbc_full/pair_geometry/ijbc_tar_at_far.csv
channelwise_template_anchor03_20260915,ijbc-IJBC,0.01,98.32,historical_nearest,unknown,unknown,unknown,needs_review,"{""audits"": [{""embedding_nonfinite_rows"": 0, ""keys"": [""nonfinite_values"", ""embedding_nonfinite_rows"", ""batches"", ""source_images"", ""augmented_embeddings"", ""target"", ""audited_input_rows"", ""audited_output_rows"", ""scope""], ""nonfinite_values"": 0, ""path"": ""work_dirs/channelwise_template_anchor03_20260915/ijbc_full/finite_audit.json""}], ""logs"": []}",docs/0915_result/selection_evidence.json,b3b3e645064c9908daf001457c568f17a43bbe1472855cd30b3113527fa81d28,work_dirs/channelwise_template_anchor03_20260915/ijbc_full/pair_geometry/ijbc_tar_at_far.csv
channelwise_template_anchor03_20260915,ijbc-IJBC,0.1,99.03,historical_nearest,unknown,unknown,unknown,needs_review,"{""audits"": [{""embedding_nonfinite_rows"": 0, ""keys"": [""nonfinite_values"", ""embedding_nonfinite_rows"", ""batches"", ""source_images"", ""augmented_embeddings"", ""target"", ""audited_input_rows"", ""audited_output_rows"", ""scope""], ""nonfinite_values"": 0, ""path"": ""work_dirs/channelwise_template_anchor03_20260915/ijbc_full/finite_audit.json""}], ""logs"": []}",docs/0915_result/selection_evidence.json,b3b3e645064c9908daf001457c568f17a43bbe1472855cd30b3113527fa81d28,work_dirs/channelwise_template_anchor03_20260915/ijbc_full/pair_geometry/ijbc_tar_at_far.csv
channelwise_template_tail02_20260915,ijbc-IJBC,1e-06,90.16,historical_nearest,unknown,unknown,unknown,needs_review,"{""audits"": [{""embedding_nonfinite_rows"": 0, ""keys"": [""nonfinite_values"", ""embedding_nonfinite_rows"", ""batches"", ""source_images"", ""augmented_embeddings"", ""target"", ""audited_input_rows"", ""audited_output_rows"", ""scope""], ""nonfinite_values"": 0, ""path"": ""work_dirs/channelwise_template_tail02_20260915/ijbc_full/finite_audit.json""}], ""logs"": []}",docs/0915_result/selection_evidence.json,b3b3e645064c9908daf001457c568f17a43bbe1472855cd30b3113527fa81d28,work_dirs/channelwise_template_tail02_20260915/ijbc_full/pair_geometry/ijbc_tar_at_far.csv
channelwise_template_tail02_20260915,ijbc-IJBC,1e-05,93.74,historical_nearest,unknown,unknown,unknown,needs_review,"{""audits"": [{""embedding_nonfinite_rows"": 0, ""keys"": [""nonfinite_values"", ""embedding_nonfinite_rows"", ""batches"", ""source_images"", ""augmented_embeddings"", ""target"", ""audited_input_rows"", ""audited_output_rows"", ""scope""], ""nonfinite_values"": 0, ""path"": ""work_dirs/channelwise_template_tail02_20260915/ijbc_full/finite_audit.json""}], ""logs"": []}",docs/0915_result/selection_evidence.json,b3b3e645064c9908daf001457c568f17a43bbe1472855cd30b3113527fa81d28,work_dirs/channelwise_template_tail02_20260915/ijbc_full/pair_geometry/ijbc_tar_at_far.csv
channelwise_template_tail02_20260915,ijbc-IJBC,0.0001,95.96,historical_nearest,unknown,unknown,unknown,needs_review,"{""audits"": [{""embedding_nonfinite_rows"": 0, ""keys"": [""nonfinite_values"", ""embedding_nonfinite_rows"", ""batches"", ""source_images"", ""augmented_embeddings"", ""target"", ""audited_input_rows"", ""audited_output_rows"", ""scope""], ""nonfinite_values"": 0, ""path"": ""work_dirs/channelwise_template_tail02_20260915/ijbc_full/finite_audit.json""}], ""logs"": []}",docs/0915_result/selection_evidence.json,b3b3e645064c9908daf001457c568f17a43bbe1472855cd30b3113527fa81d28,work_dirs/channelwise_template_tail02_20260915/ijbc_full/pair_geometry/ijbc_tar_at_far.csv
channelwise_template_tail02_20260915,ijbc-IJBC,0.001,97.4,historical_nearest,unknown,unknown,unknown,needs_review,"{""audits"": [{""embedding_nonfinite_rows"": 0, ""keys"": [""nonfinite_values"", ""embedding_nonfinite_rows"", ""batches"", ""source_images"", ""augmented_embeddings"", ""target"", ""audited_input_rows"", ""audited_output_rows"", ""scope""], ""nonfinite_values"": 0, ""path"": ""work_dirs/channelwise_template_tail02_20260915/ijbc_full/finite_audit.json""}], ""logs"": []}",docs/0915_result/selection_evidence.json,b3b3e645064c9908daf001457c568f17a43bbe1472855cd30b3113527fa81d28,work_dirs/channelwise_template_tail02_20260915/ijbc_full/pair_geometry/ijbc_tar_at_far.csv
channelwise_template_tail02_20260915,ijbc-IJBC,0.01,98.35,historical_nearest,unknown,unknown,unknown,needs_review,"{""audits"": [{""embedding_nonfinite_rows"": 0, ""keys"": [""nonfinite_values"", ""embedding_nonfinite_rows"", ""batches"", ""source_images"", ""augmented_embeddings"", ""target"", ""audited_input_rows"", ""audited_output_rows"", ""scope""], ""nonfinite_values"": 0, ""path"": ""work_dirs/channelwise_template_tail02_20260915/ijbc_full/finite_audit.json""}], ""logs"": []}",docs/0915_result/selection_evidence.json,b3b3e645064c9908daf001457c568f17a43bbe1472855cd30b3113527fa81d28,work_dirs/channelwise_template_tail02_20260915/ijbc_full/pair_geometry/ijbc_tar_at_far.csv
channelwise_template_tail02_20260915,ijbc-IJBC,0.1,99.03,historical_nearest,unknown,unknown,unknown,needs_review,"{""audits"": [{""embedding_nonfinite_rows"": 0, ""keys"": [""nonfinite_values"", ""embedding_nonfinite_rows"", ""batches"", ""source_images"", ""augmented_embeddings"", ""target"", ""audited_input_rows"", ""audited_output_rows"", ""scope""], ""nonfinite_values"": 0, ""path"": ""work_dirs/channelwise_template_tail02_20260915/ijbc_full/finite_audit.json""}], ""logs"": []}",docs/0915_result/selection_evidence.json,b3b3e645064c9908daf001457c568f17a43bbe1472855cd30b3113527fa81d28,work_dirs/channelwise_template_tail02_20260915/ijbc_full/pair_geometry/ijbc_tar_at_far.csv
controlled_degree2_accuracy_recovery_ms1mv3_v1_20260908,ijbc-IJBC,1e-06,76.69,historical_nearest,unknown,unknown,unknown,needs_review,"{""audits"": [], ""logs"": [{""nonfinite_augmented_embedding_rows"": [16], ""path"": ""work_dirs/controlled_degree2_accuracy_recovery_ms1mv3_v1_20260908/ijbc_epoch1/slurm-357611.out""}]}",docs/0915_result/selection_evidence.json,b3b3e645064c9908daf001457c568f17a43bbe1472855cd30b3113527fa81d28,work_dirs/controlled_degree2_accuracy_recovery_ms1mv3_v1_20260908/ijbc_epoch1/result/controlled_d2/ijbc_tar_at_far.csv
controlled_degree2_accuracy_recovery_ms1mv3_v1_20260908,ijbc-IJBC,1e-05,87.74,historical_nearest,unknown,unknown,unknown,needs_review,"{""audits"": [], ""logs"": [{""nonfinite_augmented_embedding_rows"": [16], ""path"": ""work_dirs/controlled_degree2_accuracy_recovery_ms1mv3_v1_20260908/ijbc_epoch1/slurm-357611.out""}]}",docs/0915_result/selection_evidence.json,b3b3e645064c9908daf001457c568f17a43bbe1472855cd30b3113527fa81d28,work_dirs/controlled_degree2_accuracy_recovery_ms1mv3_v1_20260908/ijbc_epoch1/result/controlled_d2/ijbc_tar_at_far.csv
controlled_degree2_accuracy_recovery_ms1mv3_v1_20260908,ijbc-IJBC,0.0001,93.38,historical_nearest,unknown,unknown,unknown,needs_review,"{""audits"": [], ""logs"": [{""nonfinite_augmented_embedding_rows"": [16], ""path"": ""work_dirs/controlled_degree2_accuracy_recovery_ms1mv3_v1_20260908/ijbc_epoch1/slurm-357611.out""}]}",docs/0915_result/selection_evidence.json,b3b3e645064c9908daf001457c568f17a43bbe1472855cd30b3113527fa81d28,work_dirs/controlled_degree2_accuracy_recovery_ms1mv3_v1_20260908/ijbc_epoch1/result/controlled_d2/ijbc_tar_at_far.csv
controlled_degree2_accuracy_recovery_ms1mv3_v1_20260908,ijbc-IJBC,0.001,96.12,historical_nearest,unknown,unknown,unknown,needs_review,"{""audits"": [], ""logs"": [{""nonfinite_augmented_embedding_rows"": [16], ""path"": ""work_dirs/controlled_degree2_accuracy_recovery_ms1mv3_v1_20260908/ijbc_epoch1/slurm-357611.out""}]}",docs/0915_result/selection_evidence.json,b3b3e645064c9908daf001457c568f17a43bbe1472855cd30b3113527fa81d28,work_dirs/controlled_degree2_accuracy_recovery_ms1mv3_v1_20260908/ijbc_epoch1/result/controlled_d2/ijbc_tar_at_far.csv
controlled_degree2_accuracy_recovery_ms1mv3_v1_20260908,ijbc-IJBC,0.01,97.69,historical_nearest,unknown,unknown,unknown,needs_review,"{""audits"": [], ""logs"": [{""nonfinite_augmented_embedding_rows"": [16], ""path"": ""work_dirs/controlled_degree2_accuracy_recovery_ms1mv3_v1_20260908/ijbc_epoch1/slurm-357611.out""}]}",docs/0915_result/selection_evidence.json,b3b3e645064c9908daf001457c568f17a43bbe1472855cd30b3113527fa81d28,work_dirs/controlled_degree2_accuracy_recovery_ms1mv3_v1_20260908/ijbc_epoch1/result/controlled_d2/ijbc_tar_at_far.csv
controlled_degree2_accuracy_recovery_ms1mv3_v1_20260908,ijbc-IJBC,0.1,98.89,historical_nearest,unknown,unknown,unknown,needs_review,"{""audits"": [], ""logs"": [{""nonfinite_augmented_embedding_rows"": [16], ""path"": ""work_dirs/controlled_degree2_accuracy_recovery_ms1mv3_v1_20260908/ijbc_epoch1/slurm-357611.out""}]}",docs/0915_result/selection_evidence.json,b3b3e645064c9908daf001457c568f17a43bbe1472855cd30b3113527fa81d28,work_dirs/controlled_degree2_accuracy_recovery_ms1mv3_v1_20260908/ijbc_epoch1/result/controlled_d2/ijbc_tar_at_far.csv
controlled_degree2_tail_source_causal_v16_20260909,ijbc-IJBC,1e-06,49.76,historical_nearest,unknown,unknown,unknown,needs_review,"{""audits"": [], ""logs"": [{""nonfinite_augmented_embedding_rows"": [0], ""path"": ""work_dirs/controlled_degree2_tail_source_causal_v16_20260909/candidate_s1_0965/ijbc/slurm-362550.out""}, {""nonfinite_augmented_embedding_rows"": [0], ""path"": ""work_dirs/controlled_degree2_tail_source_causal_v16_20260909/candidate_s1_0965/ijbc/slurm-362546.out""}]}",docs/0915_result/selection_evidence.json,b3b3e645064c9908daf001457c568f17a43bbe1472855cd30b3113527fa81d28,work_dirs/controlled_degree2_tail_source_causal_v16_20260909/candidate_s1_0965/ijbc/result/controlled_d2/ijbc_tar_at_far.csv
controlled_degree2_tail_source_causal_v16_20260909,ijbc-IJBC,1e-05,74.44,historical_nearest,unknown,unknown,unknown,needs_review,"{""audits"": [], ""logs"": [{""nonfinite_augmented_embedding_rows"": [0], ""path"": ""work_dirs/controlled_degree2_tail_source_causal_v16_20260909/candidate_s1_0965/ijbc/slurm-362550.out""}, {""nonfinite_augmented_embedding_rows"": [0], ""path"": ""work_dirs/controlled_degree2_tail_source_causal_v16_20260909/candidate_s1_0965/ijbc/slurm-362546.out""}]}",docs/0915_result/selection_evidence.json,b3b3e645064c9908daf001457c568f17a43bbe1472855cd30b3113527fa81d28,work_dirs/controlled_degree2_tail_source_causal_v16_20260909/candidate_s1_0965/ijbc/result/controlled_d2/ijbc_tar_at_far.csv
controlled_degree2_tail_source_causal_v16_20260909,ijbc-IJBC,0.0001,90.58,historical_nearest,unknown,unknown,unknown,needs_review,"{""audits"": [], ""logs"": [{""nonfinite_augmented_embedding_rows"": [0], ""path"": ""work_dirs/controlled_degree2_tail_source_causal_v16_20260909/candidate_s1_0965/ijbc/slurm-362550.out""}, {""nonfinite_augmented_embedding_rows"": [0], ""path"": ""work_dirs/controlled_degree2_tail_source_causal_v16_20260909/candidate_s1_0965/ijbc/slurm-362546.out""}]}",docs/0915_result/selection_evidence.json,b3b3e645064c9908daf001457c568f17a43bbe1472855cd30b3113527fa81d28,work_dirs/controlled_degree2_tail_source_causal_v16_20260909/candidate_s1_0965/ijbc/result/controlled_d2/ijbc_tar_at_far.csv
controlled_degree2_tail_source_causal_v16_20260909,ijbc-IJBC,0.001,95.51,historical_nearest,unknown,unknown,unknown,needs_review,"{""audits"": [], ""logs"": [{""nonfinite_augmented_embedding_rows"": [0], ""path"": ""work_dirs/controlled_degree2_tail_source_causal_v16_20260909/candidate_s1_0965/ijbc/slurm-362550.out""}, {""nonfinite_augmented_embedding_rows"": [0], ""path"": ""work_dirs/controlled_degree2_tail_source_causal_v16_20260909/candidate_s1_0965/ijbc/slurm-362546.out""}]}",docs/0915_result/selection_evidence.json,b3b3e645064c9908daf001457c568f17a43bbe1472855cd30b3113527fa81d28,work_dirs/controlled_degree2_tail_source_causal_v16_20260909/candidate_s1_0965/ijbc/result/controlled_d2/ijbc_tar_at_far.csv
controlled_degree2_tail_source_causal_v16_20260909,ijbc-IJBC,0.01,97.75,historical_nearest,unknown,unknown,unknown,needs_review,"{""audits"": [], ""logs"": [{""nonfinite_augmented_embedding_rows"": [0], ""path"": ""work_dirs/controlled_degree2_tail_source_causal_v16_20260909/candidate_s1_0965/ijbc/slurm-362550.out""}, {""nonfinite_augmented_embedding_rows"": [0], ""path"": ""work_dirs/controlled_degree2_tail_source_causal_v16_20260909/candidate_s1_0965/ijbc/slurm-362546.out""}]}",docs/0915_result/selection_evidence.json,b3b3e645064c9908daf001457c568f17a43bbe1472855cd30b3113527fa81d28,work_dirs/controlled_degree2_tail_source_causal_v16_20260909/candidate_s1_0965/ijbc/result/controlled_d2/ijbc_tar_at_far.csv
controlled_degree2_tail_source_causal_v16_20260909,ijbc-IJBC,0.1,98.92,historical_nearest,unknown,unknown,unknown,needs_review,"{""audits"": [], ""logs"": [{""nonfinite_augmented_embedding_rows"": [0], ""path"": ""work_dirs/controlled_degree2_tail_source_causal_v16_20260909/candidate_s1_0965/ijbc/slurm-362550.out""}, {""nonfinite_augmented_embedding_rows"": [0], ""path"": ""work_dirs/controlled_degree2_tail_source_causal_v16_20260909/candidate_s1_0965/ijbc/slurm-362546.out""}]}",docs/0915_result/selection_evidence.json,b3b3e645064c9908daf001457c568f17a43bbe1472855cd30b3113527fa81d28,work_dirs/controlled_degree2_tail_source_causal_v16_20260909/candidate_s1_0965/ijbc/result/controlled_d2/ijbc_tar_at_far.csv
channelwise_template_geometry_20260915,ijbc-IJBC,1e-06,90.14,historical_nearest,unknown,unknown,unknown,needs_review,"{""audits"": [{""embedding_nonfinite_rows"": 0, ""keys"": [""nonfinite_values"", ""embedding_nonfinite_rows"", ""batches"", ""source_images"", ""augmented_embeddings"", ""target"", ""audited_input_rows"", ""audited_output_rows"", ""scope""], ""nonfinite_values"": 0, ""path"": ""work_dirs/channelwise_template_geometry_20260915/ijbc_full/finite_audit.json""}], ""logs"": []}",docs/0915_result/selection_evidence.json,b3b3e645064c9908daf001457c568f17a43bbe1472855cd30b3113527fa81d28,work_dirs/channelwise_template_geometry_20260915/ijbc_full/pair_geometry/ijbc_tar_at_far.csv
channelwise_template_geometry_20260915,ijbc-IJBC,1e-05,93.88,historical_nearest,unknown,unknown,unknown,needs_review,"{""audits"": [{""embedding_nonfinite_rows"": 0, ""keys"": [""nonfinite_values"", ""embedding_nonfinite_rows"", ""batches"", ""source_images"", ""augmented_embeddings"", ""target"", ""audited_input_rows"", ""audited_output_rows"", ""scope""], ""nonfinite_values"": 0, ""path"": ""work_dirs/channelwise_template_geometry_20260915/ijbc_full/finite_audit.json""}], ""logs"": []}",docs/0915_result/selection_evidence.json,b3b3e645064c9908daf001457c568f17a43bbe1472855cd30b3113527fa81d28,work_dirs/channelwise_template_geometry_20260915/ijbc_full/pair_geometry/ijbc_tar_at_far.csv
channelwise_template_geometry_20260915,ijbc-IJBC,0.0001,95.89,historical_nearest,unknown,unknown,unknown,needs_review,"{""audits"": [{""embedding_nonfinite_rows"": 0, ""keys"": [""nonfinite_values"", ""embedding_nonfinite_rows"", ""batches"", ""source_images"", ""augmented_embeddings"", ""target"", ""audited_input_rows"", ""audited_output_rows"", ""scope""], ""nonfinite_values"": 0, ""path"": ""work_dirs/channelwise_template_geometry_20260915/ijbc_full/finite_audit.json""}], ""logs"": []}",docs/0915_result/selection_evidence.json,b3b3e645064c9908daf001457c568f17a43bbe1472855cd30b3113527fa81d28,work_dirs/channelwise_template_geometry_20260915/ijbc_full/pair_geometry/ijbc_tar_at_far.csv
channelwise_template_geometry_20260915,ijbc-IJBC,0.001,97.35,historical_nearest,unknown,unknown,unknown,needs_review,"{""audits"": [{""embedding_nonfinite_rows"": 0, ""keys"": [""nonfinite_values"", ""embedding_nonfinite_rows"", ""batches"", ""source_images"", ""augmented_embeddings"", ""target"", ""audited_input_rows"", ""audited_output_rows"", ""scope""], ""nonfinite_values"": 0, ""path"": ""work_dirs/channelwise_template_geometry_20260915/ijbc_full/finite_audit.json""}], ""logs"": []}",docs/0915_result/selection_evidence.json,b3b3e645064c9908daf001457c568f17a43bbe1472855cd30b3113527fa81d28,work_dirs/channelwise_template_geometry_20260915/ijbc_full/pair_geometry/ijbc_tar_at_far.csv
channelwise_template_geometry_20260915,ijbc-IJBC,0.01,98.41,historical_nearest,unknown,unknown,unknown,needs_review,"{""audits"": [{""embedding_nonfinite_rows"": 0, ""keys"": [""nonfinite_values"", ""embedding_nonfinite_rows"", ""batches"", ""source_images"", ""augmented_embeddings"", ""target"", ""audited_input_rows"", ""audited_output_rows"", ""scope""], ""nonfinite_values"": 0, ""path"": ""work_dirs/channelwise_template_geometry_20260915/ijbc_full/finite_audit.json""}], ""logs"": []}",docs/0915_result/selection_evidence.json,b3b3e645064c9908daf001457c568f17a43bbe1472855cd30b3113527fa81d28,work_dirs/channelwise_template_geometry_20260915/ijbc_full/pair_geometry/ijbc_tar_at_far.csv
channelwise_template_geometry_20260915,ijbc-IJBC,0.1,99.05,historical_nearest,unknown,unknown,unknown,needs_review,"{""audits"": [{""embedding_nonfinite_rows"": 0, ""keys"": [""nonfinite_values"", ""embedding_nonfinite_rows"", ""batches"", ""source_images"", ""augmented_embeddings"", ""target"", ""audited_input_rows"", ""audited_output_rows"", ""scope""], ""nonfinite_values"": 0, ""path"": ""work_dirs/channelwise_template_geometry_20260915/ijbc_full/finite_audit.json""}], ""logs"": []}",docs/0915_result/selection_evidence.json,b3b3e645064c9908daf001457c568f17a43bbe1472855cd30b3113527fa81d28,work_dirs/channelwise_template_geometry_20260915/ijbc_full/pair_geometry/ijbc_tar_at_far.csv
channelwise_pair_geometry_20260915,ijbc-IJBC,1e-06,90.24,historical_nearest,unknown,unknown,unknown,needs_review,"{""audits"": [{""embedding_nonfinite_rows"": 0, ""keys"": [""nonfinite_values"", ""embedding_nonfinite_rows"", ""batches"", ""source_images"", ""augmented_embeddings"", ""target"", ""audited_input_rows"", ""audited_output_rows"", ""scope""], ""nonfinite_values"": 0, ""path"": ""work_dirs/channelwise_pair_geometry_20260915/ijbc_full/finite_audit.json""}], ""logs"": []}",docs/0915_result/selection_evidence.json,b3b3e645064c9908daf001457c568f17a43bbe1472855cd30b3113527fa81d28,work_dirs/channelwise_pair_geometry_20260915/ijbc_full/pair_geometry/ijbc_tar_at_far.csv
channelwise_pair_geometry_20260915,ijbc-IJBC,1e-05,93.83,historical_nearest,unknown,unknown,unknown,needs_review,"{""audits"": [{""embedding_nonfinite_rows"": 0, ""keys"": [""nonfinite_values"", ""embedding_nonfinite_rows"", ""batches"", ""source_images"", ""augmented_embeddings"", ""target"", ""audited_input_rows"", ""audited_output_rows"", ""scope""], ""nonfinite_values"": 0, ""path"": ""work_dirs/channelwise_pair_geometry_20260915/ijbc_full/finite_audit.json""}], ""logs"": []}",docs/0915_result/selection_evidence.json,b3b3e645064c9908daf001457c568f17a43bbe1472855cd30b3113527fa81d28,work_dirs/channelwise_pair_geometry_20260915/ijbc_full/pair_geometry/ijbc_tar_at_far.csv
channelwise_pair_geometry_20260915,ijbc-IJBC,0.0001,95.89,historical_nearest,unknown,unknown,unknown,needs_review,"{""audits"": [{""embedding_nonfinite_rows"": 0, ""keys"": [""nonfinite_values"", ""embedding_nonfinite_rows"", ""batches"", ""source_images"", ""augmented_embeddings"", ""target"", ""audited_input_rows"", ""audited_output_rows"", ""scope""], ""nonfinite_values"": 0, ""path"": ""work_dirs/channelwise_pair_geometry_20260915/ijbc_full/finite_audit.json""}], ""logs"": []}",docs/0915_result/selection_evidence.json,b3b3e645064c9908daf001457c568f17a43bbe1472855cd30b3113527fa81d28,work_dirs/channelwise_pair_geometry_20260915/ijbc_full/pair_geometry/ijbc_tar_at_far.csv
channelwise_pair_geometry_20260915,ijbc-IJBC,0.001,97.34,historical_nearest,unknown,unknown,unknown,needs_review,"{""audits"": [{""embedding_nonfinite_rows"": 0, ""keys"": [""nonfinite_values"", ""embedding_nonfinite_rows"", ""batches"", ""source_images"", ""augmented_embeddings"", ""target"", ""audited_input_rows"", ""audited_output_rows"", ""scope""], ""nonfinite_values"": 0, ""path"": ""work_dirs/channelwise_pair_geometry_20260915/ijbc_full/finite_audit.json""}], ""logs"": []}",docs/0915_result/selection_evidence.json,b3b3e645064c9908daf001457c568f17a43bbe1472855cd30b3113527fa81d28,work_dirs/channelwise_pair_geometry_20260915/ijbc_full/pair_geometry/ijbc_tar_at_far.csv
channelwise_pair_geometry_20260915,ijbc-IJBC,0.01,98.37,historical_nearest,unknown,unknown,unknown,needs_review,"{""audits"": [{""embedding_nonfinite_rows"": 0, ""keys"": [""nonfinite_values"", ""embedding_nonfinite_rows"", ""batches"", ""source_images"", ""augmented_embeddings"", ""target"", ""audited_input_rows"", ""audited_output_rows"", ""scope""], ""nonfinite_values"": 0, ""path"": ""work_dirs/channelwise_pair_geometry_20260915/ijbc_full/finite_audit.json""}], ""logs"": []}",docs/0915_result/selection_evidence.json,b3b3e645064c9908daf001457c568f17a43bbe1472855cd30b3113527fa81d28,work_dirs/channelwise_pair_geometry_20260915/ijbc_full/pair_geometry/ijbc_tar_at_far.csv
channelwise_pair_geometry_20260915,ijbc-IJBC,0.1,99.04,historical_nearest,unknown,unknown,unknown,needs_review,"{""audits"": [{""embedding_nonfinite_rows"": 0, ""keys"": [""nonfinite_values"", ""embedding_nonfinite_rows"", ""batches"", ""source_images"", ""augmented_embeddings"", ""target"", ""audited_input_rows"", ""audited_output_rows"", ""scope""], ""nonfinite_values"": 0, ""path"": ""work_dirs/channelwise_pair_geometry_20260915/ijbc_full/finite_audit.json""}], ""logs"": []}",docs/0915_result/selection_evidence.json,b3b3e645064c9908daf001457c568f17a43bbe1472855cd30b3113527fa81d28,work_dirs/channelwise_pair_geometry_20260915/ijbc_full/pair_geometry/ijbc_tar_at_far.csv
controlled_degree2_tail_ms1mv3_narrow_guard_v4_20260908,ijbc-IJBC,1e-06,84.82,historical_nearest,unknown,unknown,unknown,needs_review,"{""audits"": [], ""logs"": [{""nonfinite_augmented_embedding_rows"": [12], ""path"": ""work_dirs/controlled_degree2_tail_ms1mv3_narrow_guard_v4_20260908/ijbc_final_manual/slurm-358333.out""}]}",docs/0915_result/selection_evidence.json,b3b3e645064c9908daf001457c568f17a43bbe1472855cd30b3113527fa81d28,work_dirs/controlled_degree2_tail_ms1mv3_narrow_guard_v4_20260908/ijbc_final_manual/result/controlled_d2/ijbc_tar_at_far.csv
controlled_degree2_tail_ms1mv3_narrow_guard_v4_20260908,ijbc-IJBC,1e-05,92.98,historical_nearest,unknown,unknown,unknown,needs_review,"{""audits"": [], ""logs"": [{""nonfinite_augmented_embedding_rows"": [12], ""path"": ""work_dirs/controlled_degree2_tail_ms1mv3_narrow_guard_v4_20260908/ijbc_final_manual/slurm-358333.out""}]}",docs/0915_result/selection_evidence.json,b3b3e645064c9908daf001457c568f17a43bbe1472855cd30b3113527fa81d28,work_dirs/controlled_degree2_tail_ms1mv3_narrow_guard_v4_20260908/ijbc_final_manual/result/controlled_d2/ijbc_tar_at_far.csv
controlled_degree2_tail_ms1mv3_narrow_guard_v4_20260908,ijbc-IJBC,0.0001,95.76,historical_nearest,unknown,unknown,unknown,needs_review,"{""audits"": [], ""logs"": [{""nonfinite_augmented_embedding_rows"": [12], ""path"": ""work_dirs/controlled_degree2_tail_ms1mv3_narrow_guard_v4_20260908/ijbc_final_manual/slurm-358333.out""}]}",docs/0915_result/selection_evidence.json,b3b3e645064c9908daf001457c568f17a43bbe1472855cd30b3113527fa81d28,work_dirs/controlled_degree2_tail_ms1mv3_narrow_guard_v4_20260908/ijbc_final_manual/result/controlled_d2/ijbc_tar_at_far.csv
controlled_degree2_tail_ms1mv3_narrow_guard_v4_20260908,ijbc-IJBC,0.001,97.17,historical_nearest,unknown,unknown,unknown,needs_review,"{""audits"": [], ""logs"": [{""nonfinite_augmented_embedding_rows"": [12], ""path"": ""work_dirs/controlled_degree2_tail_ms1mv3_narrow_guard_v4_20260908/ijbc_final_manual/slurm-358333.out""}]}",docs/0915_result/selection_evidence.json,b3b3e645064c9908daf001457c568f17a43bbe1472855cd30b3113527fa81d28,work_dirs/controlled_degree2_tail_ms1mv3_narrow_guard_v4_20260908/ijbc_final_manual/result/controlled_d2/ijbc_tar_at_far.csv
controlled_degree2_tail_ms1mv3_narrow_guard_v4_20260908,ijbc-IJBC,0.01,98.33,historical_nearest,unknown,unknown,unknown,needs_review,"{""audits"": [], ""logs"": [{""nonfinite_augmented_embedding_rows"": [12], ""path"": ""work_dirs/controlled_degree2_tail_ms1mv3_narrow_guard_v4_20260908/ijbc_final_manual/slurm-358333.out""}]}",docs/0915_result/selection_evidence.json,b3b3e645064c9908daf001457c568f17a43bbe1472855cd30b3113527fa81d28,work_dirs/controlled_degree2_tail_ms1mv3_narrow_guard_v4_20260908/ijbc_final_manual/result/controlled_d2/ijbc_tar_at_far.csv
controlled_degree2_tail_ms1mv3_narrow_guard_v4_20260908,ijbc-IJBC,0.1,99.04,historical_nearest,unknown,unknown,unknown,needs_review,"{""audits"": [], ""logs"": [{""nonfinite_augmented_embedding_rows"": [12], ""path"": ""work_dirs/controlled_degree2_tail_ms1mv3_narrow_guard_v4_20260908/ijbc_final_manual/slurm-358333.out""}]}",docs/0915_result/selection_evidence.json,b3b3e645064c9908daf001457c568f17a43bbe1472855cd30b3113527fa81d28,work_dirs/controlled_degree2_tail_ms1mv3_narrow_guard_v4_20260908/ijbc_final_manual/result/controlled_d2/ijbc_tar_at_far.csv
controlled_degree2_tail_ms1mv3_narrow_guard_v4_20260908,ijbc-IJBC,1e-06,85.56,historical_nearest,unknown,unknown,unknown,needs_review,"{""audits"": [], ""logs"": [{""nonfinite_augmented_embedding_rows"": [13], ""path"": ""work_dirs/controlled_degree2_tail_ms1mv3_narrow_guard_v4_20260908/ijbc_epoch2/slurm-358226.out""}]}",docs/0915_result/selection_evidence.json,b3b3e645064c9908daf001457c568f17a43bbe1472855cd30b3113527fa81d28,work_dirs/controlled_degree2_tail_ms1mv3_narrow_guard_v4_20260908/ijbc_epoch2/result/controlled_d2/ijbc_tar_at_far.csv
controlled_degree2_tail_ms1mv3_narrow_guard_v4_20260908,ijbc-IJBC,1e-05,93.01,historical_nearest,unknown,unknown,unknown,needs_review,"{""audits"": [], ""logs"": [{""nonfinite_augmented_embedding_rows"": [13], ""path"": ""work_dirs/controlled_degree2_tail_ms1mv3_narrow_guard_v4_20260908/ijbc_epoch2/slurm-358226.out""}]}",docs/0915_result/selection_evidence.json,b3b3e645064c9908daf001457c568f17a43bbe1472855cd30b3113527fa81d28,work_dirs/controlled_degree2_tail_ms1mv3_narrow_guard_v4_20260908/ijbc_epoch2/result/controlled_d2/ijbc_tar_at_far.csv
controlled_degree2_tail_ms1mv3_narrow_guard_v4_20260908,ijbc-IJBC,0.0001,95.78,historical_nearest,unknown,unknown,unknown,needs_review,"{""audits"": [], ""logs"": [{""nonfinite_augmented_embedding_rows"": [13], ""path"": ""work_dirs/controlled_degree2_tail_ms1mv3_narrow_guard_v4_20260908/ijbc_epoch2/slurm-358226.out""}]}",docs/0915_result/selection_evidence.json,b3b3e645064c9908daf001457c568f17a43bbe1472855cd30b3113527fa81d28,work_dirs/controlled_degree2_tail_ms1mv3_narrow_guard_v4_20260908/ijbc_epoch2/result/controlled_d2/ijbc_tar_at_far.csv
controlled_degree2_tail_ms1mv3_narrow_guard_v4_20260908,ijbc-IJBC,0.001,97.19,historical_nearest,unknown,unknown,unknown,needs_review,"{""audits"": [], ""logs"": [{""nonfinite_augmented_embedding_rows"": [13], ""path"": ""work_dirs/controlled_degree2_tail_ms1mv3_narrow_guard_v4_20260908/ijbc_epoch2/slurm-358226.out""}]}",docs/0915_result/selection_evidence.json,b3b3e645064c9908daf001457c568f17a43bbe1472855cd30b3113527fa81d28,work_dirs/controlled_degree2_tail_ms1mv3_narrow_guard_v4_20260908/ijbc_epoch2/result/controlled_d2/ijbc_tar_at_far.csv
controlled_degree2_tail_ms1mv3_narrow_guard_v4_20260908,ijbc-IJBC,0.01,98.35,historical_nearest,unknown,unknown,unknown,needs_review,"{""audits"": [], ""logs"": [{""nonfinite_augmented_embedding_rows"": [13], ""path"": ""work_dirs/controlled_degree2_tail_ms1mv3_narrow_guard_v4_20260908/ijbc_epoch2/slurm-358226.out""}]}",docs/0915_result/selection_evidence.json,b3b3e645064c9908daf001457c568f17a43bbe1472855cd30b3113527fa81d28,work_dirs/controlled_degree2_tail_ms1mv3_narrow_guard_v4_20260908/ijbc_epoch2/result/controlled_d2/ijbc_tar_at_far.csv
controlled_degree2_tail_ms1mv3_narrow_guard_v4_20260908,ijbc-IJBC,0.1,99.03,historical_nearest,unknown,unknown,unknown,needs_review,"{""audits"": [], ""logs"": [{""nonfinite_augmented_embedding_rows"": [13], ""path"": ""work_dirs/controlled_degree2_tail_ms1mv3_narrow_guard_v4_20260908/ijbc_epoch2/slurm-358226.out""}]}",docs/0915_result/selection_evidence.json,b3b3e645064c9908daf001457c568f17a43bbe1472855cd30b3113527fa81d28,work_dirs/controlled_degree2_tail_ms1mv3_narrow_guard_v4_20260908/ijbc_epoch2/result/controlled_d2/ijbc_tar_at_far.csv
controlled_degree2_tail_ms1mv3_narrow_guard_v4_20260908,ijbc-IJBC,1e-06,85.52,historical_nearest,unknown,unknown,unknown,needs_review,"{""audits"": [], ""logs"": [{""nonfinite_augmented_embedding_rows"": [9], ""path"": ""work_dirs/controlled_degree2_tail_ms1mv3_narrow_guard_v4_20260908/ijbc_epoch1/slurm-357998.out""}]}",docs/0915_result/selection_evidence.json,b3b3e645064c9908daf001457c568f17a43bbe1472855cd30b3113527fa81d28,work_dirs/controlled_degree2_tail_ms1mv3_narrow_guard_v4_20260908/ijbc_epoch1/result/controlled_d2/ijbc_tar_at_far.csv
controlled_degree2_tail_ms1mv3_narrow_guard_v4_20260908,ijbc-IJBC,1e-05,93.06,historical_nearest,unknown,unknown,unknown,needs_review,"{""audits"": [], ""logs"": [{""nonfinite_augmented_embedding_rows"": [9], ""path"": ""work_dirs/controlled_degree2_tail_ms1mv3_narrow_guard_v4_20260908/ijbc_epoch1/slurm-357998.out""}]}",docs/0915_result/selection_evidence.json,b3b3e645064c9908daf001457c568f17a43bbe1472855cd30b3113527fa81d28,work_dirs/controlled_degree2_tail_ms1mv3_narrow_guard_v4_20260908/ijbc_epoch1/result/controlled_d2/ijbc_tar_at_far.csv
controlled_degree2_tail_ms1mv3_narrow_guard_v4_20260908,ijbc-IJBC,0.0001,95.74,historical_nearest,unknown,unknown,unknown,needs_review,"{""audits"": [], ""logs"": [{""nonfinite_augmented_embedding_rows"": [9], ""path"": ""work_dirs/controlled_degree2_tail_ms1mv3_narrow_guard_v4_20260908/ijbc_epoch1/slurm-357998.out""}]}",docs/0915_result/selection_evidence.json,b3b3e645064c9908daf001457c568f17a43bbe1472855cd30b3113527fa81d28,work_dirs/controlled_degree2_tail_ms1mv3_narrow_guard_v4_20260908/ijbc_epoch1/result/controlled_d2/ijbc_tar_at_far.csv
controlled_degree2_tail_ms1mv3_narrow_guard_v4_20260908,ijbc-IJBC,0.001,97.19,historical_nearest,unknown,unknown,unknown,needs_review,"{""audits"": [], ""logs"": [{""nonfinite_augmented_embedding_rows"": [9], ""path"": ""work_dirs/controlled_degree2_tail_ms1mv3_narrow_guard_v4_20260908/ijbc_epoch1/slurm-357998.out""}]}",docs/0915_result/selection_evidence.json,b3b3e645064c9908daf001457c568f17a43bbe1472855cd30b3113527fa81d28,work_dirs/controlled_degree2_tail_ms1mv3_narrow_guard_v4_20260908/ijbc_epoch1/result/controlled_d2/ijbc_tar_at_far.csv
controlled_degree2_tail_ms1mv3_narrow_guard_v4_20260908,ijbc-IJBC,0.01,98.31,historical_nearest,unknown,unknown,unknown,needs_review,"{""audits"": [], ""logs"": [{""nonfinite_augmented_embedding_rows"": [9], ""path"": ""work_dirs/controlled_degree2_tail_ms1mv3_narrow_guard_v4_20260908/ijbc_epoch1/slurm-357998.out""}]}",docs/0915_result/selection_evidence.json,b3b3e645064c9908daf001457c568f17a43bbe1472855cd30b3113527fa81d28,work_dirs/controlled_degree2_tail_ms1mv3_narrow_guard_v4_20260908/ijbc_epoch1/result/controlled_d2/ijbc_tar_at_far.csv
controlled_degree2_tail_ms1mv3_narrow_guard_v4_20260908,ijbc-IJBC,0.1,99.01,historical_nearest,unknown,unknown,unknown,needs_review,"{""audits"": [], ""logs"": [{""nonfinite_augmented_embedding_rows"": [9], ""path"": ""work_dirs/controlled_degree2_tail_ms1mv3_narrow_guard_v4_20260908/ijbc_epoch1/slurm-357998.out""}]}",docs/0915_result/selection_evidence.json,b3b3e645064c9908daf001457c568f17a43bbe1472855cd30b3113527fa81d28,work_dirs/controlled_degree2_tail_ms1mv3_narrow_guard_v4_20260908/ijbc_epoch1/result/controlled_d2/ijbc_tar_at_far.csv
channelwise_template_population_expanded_20260915,ijbc-IJBC,1e-06,89.01,historical_nearest,unknown,unknown,unknown,needs_review,"{""audits"": [{""embedding_nonfinite_rows"": 0, ""keys"": [""nonfinite_values"", ""embedding_nonfinite_rows"", ""batches"", ""source_images"", ""augmented_embeddings"", ""target"", ""audited_input_rows"", ""audited_output_rows"", ""scope""], ""nonfinite_values"": 0, ""path"": ""work_dirs/channelwise_template_population_expanded_20260915/ijbc_full/finite_audit.json""}], ""logs"": []}",docs/0915_result/selection_evidence.json,b3b3e645064c9908daf001457c568f17a43bbe1472855cd30b3113527fa81d28,work_dirs/channelwise_template_population_expanded_20260915/ijbc_full/pair_geometry/ijbc_tar_at_far.csv
channelwise_template_population_expanded_20260915,ijbc-IJBC,1e-05,93.78,historical_nearest,unknown,unknown,unknown,needs_review,"{""audits"": [{""embedding_nonfinite_rows"": 0, ""keys"": [""nonfinite_values"", ""embedding_nonfinite_rows"", ""batches"", ""source_images"", ""augmented_embeddings"", ""target"", ""audited_input_rows"", ""audited_output_rows"", ""scope""], ""nonfinite_values"": 0, ""path"": ""work_dirs/channelwise_template_population_expanded_20260915/ijbc_full/finite_audit.json""}], ""logs"": []}",docs/0915_result/selection_evidence.json,b3b3e645064c9908daf001457c568f17a43bbe1472855cd30b3113527fa81d28,work_dirs/channelwise_template_population_expanded_20260915/ijbc_full/pair_geometry/ijbc_tar_at_far.csv
channelwise_template_population_expanded_20260915,ijbc-IJBC,0.0001,95.97,historical_nearest,unknown,unknown,unknown,needs_review,"{""audits"": [{""embedding_nonfinite_rows"": 0, ""keys"": [""nonfinite_values"", ""embedding_nonfinite_rows"", ""batches"", ""source_images"", ""augmented_embeddings"", ""target"", ""audited_input_rows"", ""audited_output_rows"", ""scope""], ""nonfinite_values"": 0, ""path"": ""work_dirs/channelwise_template_population_expanded_20260915/ijbc_full/finite_audit.json""}], ""logs"": []}",docs/0915_result/selection_evidence.json,b3b3e645064c9908daf001457c568f17a43bbe1472855cd30b3113527fa81d28,work_dirs/channelwise_template_population_expanded_20260915/ijbc_full/pair_geometry/ijbc_tar_at_far.csv
channelwise_template_population_expanded_20260915,ijbc-IJBC,0.001,97.43,historical_nearest,unknown,unknown,unknown,needs_review,"{""audits"": [{""embedding_nonfinite_rows"": 0, ""keys"": [""nonfinite_values"", ""embedding_nonfinite_rows"", ""batches"", ""source_images"", ""augmented_embeddings"", ""target"", ""audited_input_rows"", ""audited_output_rows"", ""scope""], ""nonfinite_values"": 0, ""path"": ""work_dirs/channelwise_template_population_expanded_20260915/ijbc_full/finite_audit.json""}], ""logs"": []}",docs/0915_result/selection_evidence.json,b3b3e645064c9908daf001457c568f17a43bbe1472855cd30b3113527fa81d28,work_dirs/channelwise_template_population_expanded_20260915/ijbc_full/pair_geometry/ijbc_tar_at_far.csv
channelwise_template_population_expanded_20260915,ijbc-IJBC,0.01,98.32,historical_nearest,unknown,unknown,unknown,needs_review,"{""audits"": [{""embedding_nonfinite_rows"": 0, ""keys"": [""nonfinite_values"", ""embedding_nonfinite_rows"", ""batches"", ""source_images"", ""augmented_embeddings"", ""target"", ""audited_input_rows"", ""audited_output_rows"", ""scope""], ""nonfinite_values"": 0, ""path"": ""work_dirs/channelwise_template_population_expanded_20260915/ijbc_full/finite_audit.json""}], ""logs"": []}",docs/0915_result/selection_evidence.json,b3b3e645064c9908daf001457c568f17a43bbe1472855cd30b3113527fa81d28,work_dirs/channelwise_template_population_expanded_20260915/ijbc_full/pair_geometry/ijbc_tar_at_far.csv
channelwise_template_population_expanded_20260915,ijbc-IJBC,0.1,99.02,historical_nearest,unknown,unknown,unknown,needs_review,"{""audits"": [{""embedding_nonfinite_rows"": 0, ""keys"": [""nonfinite_values"", ""embedding_nonfinite_rows"", ""batches"", ""source_images"", ""augmented_embeddings"", ""target"", ""audited_input_rows"", ""audited_output_rows"", ""scope""], ""nonfinite_values"": 0, ""path"": ""work_dirs/channelwise_template_population_expanded_20260915/ijbc_full/finite_audit.json""}], ""logs"": []}",docs/0915_result/selection_evidence.json,b3b3e645064c9908daf001457c568f17a43bbe1472855cd30b3113527fa81d28,work_dirs/channelwise_template_population_expanded_20260915/ijbc_full/pair_geometry/ijbc_tar_at_far.csv
unclipped_round_20260913,ijbc-IJBC,1e-06,0.18,historical_nearest,unknown,unknown,unknown,needs_review,"{""audits"": [{""embedding_nonfinite_rows"": 337466, ""keys"": [""nonfinite_values"", ""embedding_nonfinite_rows"", ""batches"", ""scope""], ""nonfinite_values"": 1976240019266, ""path"": ""work_dirs/unclipped_round_20260913/adaptive_prefix/final_ijbc/finite_audit.json""}], ""logs"": []}",docs/0915_result/selection_evidence.json,b3b3e645064c9908daf001457c568f17a43bbe1472855cd30b3113527fa81d28,work_dirs/unclipped_round_20260913/adaptive_prefix/final_ijbc/unclipped_d2/ijbc_tar_at_far.csv
unclipped_round_20260913,ijbc-IJBC,1e-05,47.87,historical_nearest,unknown,unknown,unknown,needs_review,"{""audits"": [{""embedding_nonfinite_rows"": 337466, ""keys"": [""nonfinite_values"", ""embedding_nonfinite_rows"", ""batches"", ""scope""], ""nonfinite_values"": 1976240019266, ""path"": ""work_dirs/unclipped_round_20260913/adaptive_prefix/final_ijbc/finite_audit.json""}], ""logs"": []}",docs/0915_result/selection_evidence.json,b3b3e645064c9908daf001457c568f17a43bbe1472855cd30b3113527fa81d28,work_dirs/unclipped_round_20260913/adaptive_prefix/final_ijbc/unclipped_d2/ijbc_tar_at_far.csv
unclipped_round_20260913,ijbc-IJBC,0.0001,71.02,historical_nearest,unknown,unknown,unknown,needs_review,"{""audits"": [{""embedding_nonfinite_rows"": 337466, ""keys"": [""nonfinite_values"", ""embedding_nonfinite_rows"", ""batches"", ""scope""], ""nonfinite_values"": 1976240019266, ""path"": ""work_dirs/unclipped_round_20260913/adaptive_prefix/final_ijbc/finite_audit.json""}], ""logs"": []}",docs/0915_result/selection_evidence.json,b3b3e645064c9908daf001457c568f17a43bbe1472855cd30b3113527fa81d28,work_dirs/unclipped_round_20260913/adaptive_prefix/final_ijbc/unclipped_d2/ijbc_tar_at_far.csv
unclipped_round_20260913,ijbc-IJBC,0.001,74.78,historical_nearest,unknown,unknown,unknown,needs_review,"{""audits"": [{""embedding_nonfinite_rows"": 337466, ""keys"": [""nonfinite_values"", ""embedding_nonfinite_rows"", ""batches"", ""scope""], ""nonfinite_values"": 1976240019266, ""path"": ""work_dirs/unclipped_round_20260913/adaptive_prefix/final_ijbc/finite_audit.json""}], ""logs"": []}",docs/0915_result/selection_evidence.json,b3b3e645064c9908daf001457c568f17a43bbe1472855cd30b3113527fa81d28,work_dirs/unclipped_round_20260913/adaptive_prefix/final_ijbc/unclipped_d2/ijbc_tar_at_far.csv
unclipped_round_20260913,ijbc-IJBC,0.01,76.32,historical_nearest,unknown,unknown,unknown,needs_review,"{""audits"": [{""embedding_nonfinite_rows"": 337466, ""keys"": [""nonfinite_values"", ""embedding_nonfinite_rows"", ""batches"", ""scope""], ""nonfinite_values"": 1976240019266, ""path"": ""work_dirs/unclipped_round_20260913/adaptive_prefix/final_ijbc/finite_audit.json""}], ""logs"": []}",docs/0915_result/selection_evidence.json,b3b3e645064c9908daf001457c568f17a43bbe1472855cd30b3113527fa81d28,work_dirs/unclipped_round_20260913/adaptive_prefix/final_ijbc/unclipped_d2/ijbc_tar_at_far.csv
unclipped_round_20260913,ijbc-IJBC,0.1,77.56,historical_nearest,unknown,unknown,unknown,needs_review,"{""audits"": [{""embedding_nonfinite_rows"": 337466, ""keys"": [""nonfinite_values"", ""embedding_nonfinite_rows"", ""batches"", ""scope""], ""nonfinite_values"": 1976240019266, ""path"": ""work_dirs/unclipped_round_20260913/adaptive_prefix/final_ijbc/finite_audit.json""}], ""logs"": []}",docs/0915_result/selection_evidence.json,b3b3e645064c9908daf001457c568f17a43bbe1472855cd30b3113527fa81d28,work_dirs/unclipped_round_20260913/adaptive_prefix/final_ijbc/unclipped_d2/ijbc_tar_at_far.csv
unclipped_round_20260913,ijbc-IJBC,1e-06,25.43,historical_nearest,unknown,unknown,unknown,needs_review,"{""audits"": [{""embedding_nonfinite_rows"": 0, ""keys"": [""nonfinite_values"", ""embedding_nonfinite_rows"", ""batches"", ""scope""], ""nonfinite_values"": 0, ""path"": ""work_dirs/unclipped_round_20260913/adaptive_bn/final_ijbc/finite_audit.json""}], ""logs"": []}",docs/0915_result/selection_evidence.json,b3b3e645064c9908daf001457c568f17a43bbe1472855cd30b3113527fa81d28,work_dirs/unclipped_round_20260913/adaptive_bn/final_ijbc/unclipped_d2/ijbc_tar_at_far.csv
unclipped_round_20260913,ijbc-IJBC,1e-05,37.8,historical_nearest,unknown,unknown,unknown,needs_review,"{""audits"": [{""embedding_nonfinite_rows"": 0, ""keys"": [""nonfinite_values"", ""embedding_nonfinite_rows"", ""batches"", ""scope""], ""nonfinite_values"": 0, ""path"": ""work_dirs/unclipped_round_20260913/adaptive_bn/final_ijbc/finite_audit.json""}], ""logs"": []}",docs/0915_result/selection_evidence.json,b3b3e645064c9908daf001457c568f17a43bbe1472855cd30b3113527fa81d28,work_dirs/unclipped_round_20260913/adaptive_bn/final_ijbc/unclipped_d2/ijbc_tar_at_far.csv
unclipped_round_20260913,ijbc-IJBC,0.0001,55.51,historical_nearest,unknown,unknown,unknown,needs_review,"{""audits"": [{""embedding_nonfinite_rows"": 0, ""keys"": [""nonfinite_values"", ""embedding_nonfinite_rows"", ""batches"", ""scope""], ""nonfinite_values"": 0, ""path"": ""work_dirs/unclipped_round_20260913/adaptive_bn/final_ijbc/finite_audit.json""}], ""logs"": []}",docs/0915_result/selection_evidence.json,b3b3e645064c9908daf001457c568f17a43bbe1472855cd30b3113527fa81d28,work_dirs/unclipped_round_20260913/adaptive_bn/final_ijbc/unclipped_d2/ijbc_tar_at_far.csv
unclipped_round_20260913,ijbc-IJBC,0.001,74.9,historical_nearest,unknown,unknown,unknown,needs_review,"{""audits"": [{""embedding_nonfinite_rows"": 0, ""keys"": [""nonfinite_values"", ""embedding_nonfinite_rows"", ""batches"", ""scope""], ""nonfinite_values"": 0, ""path"": ""work_dirs/unclipped_round_20260913/adaptive_bn/final_ijbc/finite_audit.json""}], ""logs"": []}",docs/0915_result/selection_evidence.json,b3b3e645064c9908daf001457c568f17a43bbe1472855cd30b3113527fa81d28,work_dirs/unclipped_round_20260913/adaptive_bn/final_ijbc/unclipped_d2/ijbc_tar_at_far.csv
unclipped_round_20260913,ijbc-IJBC,0.01,88.33,historical_nearest,unknown,unknown,unknown,needs_review,"{""audits"": [{""embedding_nonfinite_rows"": 0, ""keys"": [""nonfinite_values"", ""embedding_nonfinite_rows"", ""batches"", ""scope""], ""nonfinite_values"": 0, ""path"": ""work_dirs/unclipped_round_20260913/adaptive_bn/final_ijbc/finite_audit.json""}], ""logs"": []}",docs/0915_result/selection_evidence.json,b3b3e645064c9908daf001457c568f17a43bbe1472855cd30b3113527fa81d28,work_dirs/unclipped_round_20260913/adaptive_bn/final_ijbc/unclipped_d2/ijbc_tar_at_far.csv
unclipped_round_20260913,ijbc-IJBC,0.1,95.22,historical_nearest,unknown,unknown,unknown,needs_review,"{""audits"": [{""embedding_nonfinite_rows"": 0, ""keys"": [""nonfinite_values"", ""embedding_nonfinite_rows"", ""batches"", ""scope""], ""nonfinite_values"": 0, ""path"": ""work_dirs/unclipped_round_20260913/adaptive_bn/final_ijbc/finite_audit.json""}], ""logs"": []}",docs/0915_result/selection_evidence.json,b3b3e645064c9908daf001457c568f17a43bbe1472855cd30b3113527fa81d28,work_dirs/unclipped_round_20260913/adaptive_bn/final_ijbc/unclipped_d2/ijbc_tar_at_far.csv
unclipped_round_20260913,ijbc-IJBC,1e-06,8.32,historical_nearest,unknown,unknown,unknown,needs_review,"{""audits"": [{""embedding_nonfinite_rows"": 0, ""keys"": [""nonfinite_values"", ""embedding_nonfinite_rows"", ""batches"", ""scope""], ""nonfinite_values"": 0, ""path"": ""work_dirs/unclipped_round_20260913/small_curvature/final_ijbc/finite_audit.json""}], ""logs"": []}",docs/0915_result/selection_evidence.json,b3b3e645064c9908daf001457c568f17a43bbe1472855cd30b3113527fa81d28,work_dirs/unclipped_round_20260913/small_curvature/final_ijbc/unclipped_d2/ijbc_tar_at_far.csv
unclipped_round_20260913,ijbc-IJBC,1e-05,16.39,historical_nearest,unknown,unknown,unknown,needs_review,"{""audits"": [{""embedding_nonfinite_rows"": 0, ""keys"": [""nonfinite_values"", ""embedding_nonfinite_rows"", ""batches"", ""scope""], ""nonfinite_values"": 0, ""path"": ""work_dirs/unclipped_round_20260913/small_curvature/final_ijbc/finite_audit.json""}], ""logs"": []}",docs/0915_result/selection_evidence.json,b3b3e645064c9908daf001457c568f17a43bbe1472855cd30b3113527fa81d28,work_dirs/unclipped_round_20260913/small_curvature/final_ijbc/unclipped_d2/ijbc_tar_at_far.csv
unclipped_round_20260913,ijbc-IJBC,0.0001,26.76,historical_nearest,unknown,unknown,unknown,needs_review,"{""audits"": [{""embedding_nonfinite_rows"": 0, ""keys"": [""nonfinite_values"", ""embedding_nonfinite_rows"", ""batches"", ""scope""], ""nonfinite_values"": 0, ""path"": ""work_dirs/unclipped_round_20260913/small_curvature/final_ijbc/finite_audit.json""}], ""logs"": []}",docs/0915_result/selection_evidence.json,b3b3e645064c9908daf001457c568f17a43bbe1472855cd30b3113527fa81d28,work_dirs/unclipped_round_20260913/small_curvature/final_ijbc/unclipped_d2/ijbc_tar_at_far.csv
unclipped_round_20260913,ijbc-IJBC,0.001,40.85,historical_nearest,unknown,unknown,unknown,needs_review,"{""audits"": [{""embedding_nonfinite_rows"": 0, ""keys"": [""nonfinite_values"", ""embedding_nonfinite_rows"", ""batches"", ""scope""], ""nonfinite_values"": 0, ""path"": ""work_dirs/unclipped_round_20260913/small_curvature/final_ijbc/finite_audit.json""}], ""logs"": []}",docs/0915_result/selection_evidence.json,b3b3e645064c9908daf001457c568f17a43bbe1472855cd30b3113527fa81d28,work_dirs/unclipped_round_20260913/small_curvature/final_ijbc/unclipped_d2/ijbc_tar_at_far.csv
unclipped_round_20260913,ijbc-IJBC,0.01,59.59,historical_nearest,unknown,unknown,unknown,needs_review,"{""audits"": [{""embedding_nonfinite_rows"": 0, ""keys"": [""nonfinite_values"", ""embedding_nonfinite_rows"", ""batches"", ""scope""], ""nonfinite_values"": 0, ""path"": ""work_dirs/unclipped_round_20260913/small_curvature/final_ijbc/finite_audit.json""}], ""logs"": []}",docs/0915_result/selection_evidence.json,b3b3e645064c9908daf001457c568f17a43bbe1472855cd30b3113527fa81d28,work_dirs/unclipped_round_20260913/small_curvature/final_ijbc/unclipped_d2/ijbc_tar_at_far.csv
unclipped_round_20260913,ijbc-IJBC,0.1,80.96,historical_nearest,unknown,unknown,unknown,needs_review,"{""audits"": [{""embedding_nonfinite_rows"": 0, ""keys"": [""nonfinite_values"", ""embedding_nonfinite_rows"", ""batches"", ""scope""], ""nonfinite_values"": 0, ""path"": ""work_dirs/unclipped_round_20260913/small_curvature/final_ijbc/finite_audit.json""}], ""logs"": []}",docs/0915_result/selection_evidence.json,b3b3e645064c9908daf001457c568f17a43bbe1472855cd30b3113527fa81d28,work_dirs/unclipped_round_20260913/small_curvature/final_ijbc/unclipped_d2/ijbc_tar_at_far.csv
unclipped_round_20260913,ijbc-IJBC,1e-06,5.55,historical_nearest,unknown,unknown,unknown,needs_review,"{""audits"": [{""embedding_nonfinite_rows"": 4, ""keys"": [""nonfinite_values"", ""embedding_nonfinite_rows"", ""batches"", ""scope""], ""nonfinite_values"": 17878542, ""path"": ""work_dirs/unclipped_round_20260913/adaptive_bn_moderate/final_ijbc/finite_audit.json""}], ""logs"": []}",docs/0915_result/selection_evidence.json,b3b3e645064c9908daf001457c568f17a43bbe1472855cd30b3113527fa81d28,work_dirs/unclipped_round_20260913/adaptive_bn_moderate/final_ijbc/unclipped_d2/ijbc_tar_at_far.csv
unclipped_round_20260913,ijbc-IJBC,1e-05,9.5,historical_nearest,unknown,unknown,unknown,needs_review,"{""audits"": [{""embedding_nonfinite_rows"": 4, ""keys"": [""nonfinite_values"", ""embedding_nonfinite_rows"", ""batches"", ""scope""], ""nonfinite_values"": 17878542, ""path"": ""work_dirs/unclipped_round_20260913/adaptive_bn_moderate/final_ijbc/finite_audit.json""}], ""logs"": []}",docs/0915_result/selection_evidence.json,b3b3e645064c9908daf001457c568f17a43bbe1472855cd30b3113527fa81d28,work_dirs/unclipped_round_20260913/adaptive_bn_moderate/final_ijbc/unclipped_d2/ijbc_tar_at_far.csv
unclipped_round_20260913,ijbc-IJBC,0.0001,16.75,historical_nearest,unknown,unknown,unknown,needs_review,"{""audits"": [{""embedding_nonfinite_rows"": 4, ""keys"": [""nonfinite_values"", ""embedding_nonfinite_rows"", ""batches"", ""scope""], ""nonfinite_values"": 17878542, ""path"": ""work_dirs/unclipped_round_20260913/adaptive_bn_moderate/final_ijbc/finite_audit.json""}], ""logs"": []}",docs/0915_result/selection_evidence.json,b3b3e645064c9908daf001457c568f17a43bbe1472855cd30b3113527fa81d28,work_dirs/unclipped_round_20260913/adaptive_bn_moderate/final_ijbc/unclipped_d2/ijbc_tar_at_far.csv
unclipped_round_20260913,ijbc-IJBC,0.001,28.36,historical_nearest,unknown,unknown,unknown,needs_review,"{""audits"": [{""embedding_nonfinite_rows"": 4, ""keys"": [""nonfinite_values"", ""embedding_nonfinite_rows"", ""batches"", ""scope""], ""nonfinite_values"": 17878542, ""path"": ""work_dirs/unclipped_round_20260913/adaptive_bn_moderate/final_ijbc/finite_audit.json""}], ""logs"": []}",docs/0915_result/selection_evidence.json,b3b3e645064c9908daf001457c568f17a43bbe1472855cd30b3113527fa81d28,work_dirs/unclipped_round_20260913/adaptive_bn_moderate/final_ijbc/unclipped_d2/ijbc_tar_at_far.csv
unclipped_round_20260913,ijbc-IJBC,0.01,45.97,historical_nearest,unknown,unknown,unknown,needs_review,"{""audits"": [{""embedding_nonfinite_rows"": 4, ""keys"": [""nonfinite_values"", ""embedding_nonfinite_rows"", ""batches"", ""scope""], ""nonfinite_values"": 17878542, ""path"": ""work_dirs/unclipped_round_20260913/adaptive_bn_moderate/final_ijbc/finite_audit.json""}], ""logs"": []}",docs/0915_result/selection_evidence.json,b3b3e645064c9908daf001457c568f17a43bbe1472855cd30b3113527fa81d28,work_dirs/unclipped_round_20260913/adaptive_bn_moderate/final_ijbc/unclipped_d2/ijbc_tar_at_far.csv
unclipped_round_20260913,ijbc-IJBC,0.1,69.71,historical_nearest,unknown,unknown,unknown,needs_review,"{""audits"": [{""embedding_nonfinite_rows"": 4, ""keys"": [""nonfinite_values"", ""embedding_nonfinite_rows"", ""batches"", ""scope""], ""nonfinite_values"": 17878542, ""path"": ""work_dirs/unclipped_round_20260913/adaptive_bn_moderate/final_ijbc/finite_audit.json""}], ""logs"": []}",docs/0915_result/selection_evidence.json,b3b3e645064c9908daf001457c568f17a43bbe1472855cd30b3113527fa81d28,work_dirs/unclipped_round_20260913/adaptive_bn_moderate/final_ijbc/unclipped_d2/ijbc_tar_at_far.csv
unclipped_round_20260913,ijbc-IJBC,1e-06,8.38,historical_nearest,unknown,unknown,unknown,needs_review,"{""audits"": [{""embedding_nonfinite_rows"": 14, ""keys"": [""nonfinite_values"", ""embedding_nonfinite_rows"", ""batches"", ""scope""], ""nonfinite_values"": 65850110, ""path"": ""work_dirs/unclipped_round_20260913/adaptive_bn_free_retry/final_ijbc/finite_audit.json""}], ""logs"": []}",docs/0915_result/selection_evidence.json,b3b3e645064c9908daf001457c568f17a43bbe1472855cd30b3113527fa81d28,work_dirs/unclipped_round_20260913/adaptive_bn_free_retry/final_ijbc/unclipped_d2/ijbc_tar_at_far.csv
unclipped_round_20260913,ijbc-IJBC,1e-05,13.33,historical_nearest,unknown,unknown,unknown,needs_review,"{""audits"": [{""embedding_nonfinite_rows"": 14, ""keys"": [""nonfinite_values"", ""embedding_nonfinite_rows"", ""batches"", ""scope""], ""nonfinite_values"": 65850110, ""path"": ""work_dirs/unclipped_round_20260913/adaptive_bn_free_retry/final_ijbc/finite_audit.json""}], ""logs"": []}",docs/0915_result/selection_evidence.json,b3b3e645064c9908daf001457c568f17a43bbe1472855cd30b3113527fa81d28,work_dirs/unclipped_round_20260913/adaptive_bn_free_retry/final_ijbc/unclipped_d2/ijbc_tar_at_far.csv
unclipped_round_20260913,ijbc-IJBC,0.0001,21.64,historical_nearest,unknown,unknown,unknown,needs_review,"{""audits"": [{""embedding_nonfinite_rows"": 14, ""keys"": [""nonfinite_values"", ""embedding_nonfinite_rows"", ""batches"", ""scope""], ""nonfinite_values"": 65850110, ""path"": ""work_dirs/unclipped_round_20260913/adaptive_bn_free_retry/final_ijbc/finite_audit.json""}], ""logs"": []}",docs/0915_result/selection_evidence.json,b3b3e645064c9908daf001457c568f17a43bbe1472855cd30b3113527fa81d28,work_dirs/unclipped_round_20260913/adaptive_bn_free_retry/final_ijbc/unclipped_d2/ijbc_tar_at_far.csv
unclipped_round_20260913,ijbc-IJBC,0.001,34.85,historical_nearest,unknown,unknown,unknown,needs_review,"{""audits"": [{""embedding_nonfinite_rows"": 14, ""keys"": [""nonfinite_values"", ""embedding_nonfinite_rows"", ""batches"", ""scope""], ""nonfinite_values"": 65850110, ""path"": ""work_dirs/unclipped_round_20260913/adaptive_bn_free_retry/final_ijbc/finite_audit.json""}], ""logs"": []}",docs/0915_result/selection_evidence.json,b3b3e645064c9908daf001457c568f17a43bbe1472855cd30b3113527fa81d28,work_dirs/unclipped_round_20260913/adaptive_bn_free_retry/final_ijbc/unclipped_d2/ijbc_tar_at_far.csv
unclipped_round_20260913,ijbc-IJBC,0.01,52.32,historical_nearest,unknown,unknown,unknown,needs_review,"{""audits"": [{""embedding_nonfinite_rows"": 14, ""keys"": [""nonfinite_values"", ""embedding_nonfinite_rows"", ""batches"", ""scope""], ""nonfinite_values"": 65850110, ""path"": ""work_dirs/unclipped_round_20260913/adaptive_bn_free_retry/final_ijbc/finite_audit.json""}], ""logs"": []}",docs/0915_result/selection_evidence.json,b3b3e645064c9908daf001457c568f17a43bbe1472855cd30b3113527fa81d28,work_dirs/unclipped_round_20260913/adaptive_bn_free_retry/final_ijbc/unclipped_d2/ijbc_tar_at_far.csv
unclipped_round_20260913,ijbc-IJBC,0.1,75.47,historical_nearest,unknown,unknown,unknown,needs_review,"{""audits"": [{""embedding_nonfinite_rows"": 14, ""keys"": [""nonfinite_values"", ""embedding_nonfinite_rows"", ""batches"", ""scope""], ""nonfinite_values"": 65850110, ""path"": ""work_dirs/unclipped_round_20260913/adaptive_bn_free_retry/final_ijbc/finite_audit.json""}], ""logs"": []}",docs/0915_result/selection_evidence.json,b3b3e645064c9908daf001457c568f17a43bbe1472855cd30b3113527fa81d28,work_dirs/unclipped_round_20260913/adaptive_bn_free_retry/final_ijbc/unclipped_d2/ijbc_tar_at_far.csv
unclipped_round_20260913,ijbc-IJBC,1e-06,0.22,historical_nearest,unknown,unknown,unknown,needs_review,"{""audits"": [{""embedding_nonfinite_rows"": 4287, ""keys"": [""nonfinite_values"", ""embedding_nonfinite_rows"", ""batches"", ""scope""], ""nonfinite_values"": 1290206600, ""path"": ""work_dirs/unclipped_round_20260913/projected/final_ijbc/finite_audit.json""}], ""logs"": []}",docs/0915_result/selection_evidence.json,b3b3e645064c9908daf001457c568f17a43bbe1472855cd30b3113527fa81d28,work_dirs/unclipped_round_20260913/projected/final_ijbc/unclipped_d2/ijbc_tar_at_far.csv
unclipped_round_20260913,ijbc-IJBC,1e-05,1.87,historical_nearest,unknown,unknown,unknown,needs_review,"{""audits"": [{""embedding_nonfinite_rows"": 4287, ""keys"": [""nonfinite_values"", ""embedding_nonfinite_rows"", ""batches"", ""scope""], ""nonfinite_values"": 1290206600, ""path"": ""work_dirs/unclipped_round_20260913/projected/final_ijbc/finite_audit.json""}], ""logs"": []}",docs/0915_result/selection_evidence.json,b3b3e645064c9908daf001457c568f17a43bbe1472855cd30b3113527fa81d28,work_dirs/unclipped_round_20260913/projected/final_ijbc/unclipped_d2/ijbc_tar_at_far.csv
unclipped_round_20260913,ijbc-IJBC,0.0001,18.91,historical_nearest,unknown,unknown,unknown,needs_review,"{""audits"": [{""embedding_nonfinite_rows"": 4287, ""keys"": [""nonfinite_values"", ""embedding_nonfinite_rows"", ""batches"", ""scope""], ""nonfinite_values"": 1290206600, ""path"": ""work_dirs/unclipped_round_20260913/projected/final_ijbc/finite_audit.json""}], ""logs"": []}",docs/0915_result/selection_evidence.json,b3b3e645064c9908daf001457c568f17a43bbe1472855cd30b3113527fa81d28,work_dirs/unclipped_round_20260913/projected/final_ijbc/unclipped_d2/ijbc_tar_at_far.csv
unclipped_round_20260913,ijbc-IJBC,0.001,43.91,historical_nearest,unknown,unknown,unknown,needs_review,"{""audits"": [{""embedding_nonfinite_rows"": 4287, ""keys"": [""nonfinite_values"", ""embedding_nonfinite_rows"", ""batches"", ""scope""], ""nonfinite_values"": 1290206600, ""path"": ""work_dirs/unclipped_round_20260913/projected/final_ijbc/finite_audit.json""}], ""logs"": []}",docs/0915_result/selection_evidence.json,b3b3e645064c9908daf001457c568f17a43bbe1472855cd30b3113527fa81d28,work_dirs/unclipped_round_20260913/projected/final_ijbc/unclipped_d2/ijbc_tar_at_far.csv
unclipped_round_20260913,ijbc-IJBC,0.01,57.78,historical_nearest,unknown,unknown,unknown,needs_review,"{""audits"": [{""embedding_nonfinite_rows"": 4287, ""keys"": [""nonfinite_values"", ""embedding_nonfinite_rows"", ""batches"", ""scope""], ""nonfinite_values"": 1290206600, ""path"": ""work_dirs/unclipped_round_20260913/projected/final_ijbc/finite_audit.json""}], ""logs"": []}",docs/0915_result/selection_evidence.json,b3b3e645064c9908daf001457c568f17a43bbe1472855cd30b3113527fa81d28,work_dirs/unclipped_round_20260913/projected/final_ijbc/unclipped_d2/ijbc_tar_at_far.csv
unclipped_round_20260913,ijbc-IJBC,0.1,67.35,historical_nearest,unknown,unknown,unknown,needs_review,"{""audits"": [{""embedding_nonfinite_rows"": 4287, ""keys"": [""nonfinite_values"", ""embedding_nonfinite_rows"", ""batches"", ""scope""], ""nonfinite_values"": 1290206600, ""path"": ""work_dirs/unclipped_round_20260913/projected/final_ijbc/finite_audit.json""}], ""logs"": []}",docs/0915_result/selection_evidence.json,b3b3e645064c9908daf001457c568f17a43bbe1472855cd30b3113527fa81d28,work_dirs/unclipped_round_20260913/projected/final_ijbc/unclipped_d2/ijbc_tar_at_far.csv
unclipped_round_20260913,ijbc-IJBC,1e-06,0.05,historical_nearest,unknown,unknown,unknown,needs_review,"{""audits"": [{""embedding_nonfinite_rows"": 25541, ""keys"": [""nonfinite_values"", ""embedding_nonfinite_rows"", ""batches"", ""scope""], ""nonfinite_values"": 30625358238, ""path"": ""work_dirs/unclipped_round_20260913/gradual/final_ijbc/finite_audit.json""}], ""logs"": []}",docs/0915_result/selection_evidence.json,b3b3e645064c9908daf001457c568f17a43bbe1472855cd30b3113527fa81d28,work_dirs/unclipped_round_20260913/gradual/final_ijbc/unclipped_d2/ijbc_tar_at_far.csv
unclipped_round_20260913,ijbc-IJBC,1e-05,0.17,historical_nearest,unknown,unknown,unknown,needs_review,"{""audits"": [{""embedding_nonfinite_rows"": 25541, ""keys"": [""nonfinite_values"", ""embedding_nonfinite_rows"", ""batches"", ""scope""], ""nonfinite_values"": 30625358238, ""path"": ""work_dirs/unclipped_round_20260913/gradual/final_ijbc/finite_audit.json""}], ""logs"": []}",docs/0915_result/selection_evidence.json,b3b3e645064c9908daf001457c568f17a43bbe1472855cd30b3113527fa81d28,work_dirs/unclipped_round_20260913/gradual/final_ijbc/unclipped_d2/ijbc_tar_at_far.csv
unclipped_round_20260913,ijbc-IJBC,0.0001,2.76,historical_nearest,unknown,unknown,unknown,needs_review,"{""audits"": [{""embedding_nonfinite_rows"": 25541, ""keys"": [""nonfinite_values"", ""embedding_nonfinite_rows"", ""batches"", ""scope""], ""nonfinite_values"": 30625358238, ""path"": ""work_dirs/unclipped_round_20260913/gradual/final_ijbc/finite_audit.json""}], ""logs"": []}",docs/0915_result/selection_evidence.json,b3b3e645064c9908daf001457c568f17a43bbe1472855cd30b3113527fa81d28,work_dirs/unclipped_round_20260913/gradual/final_ijbc/unclipped_d2/ijbc_tar_at_far.csv
unclipped_round_20260913,ijbc-IJBC,0.001,74.89,historical_nearest,unknown,unknown,unknown,needs_review,"{""audits"": [{""embedding_nonfinite_rows"": 25541, ""keys"": [""nonfinite_values"", ""embedding_nonfinite_rows"", ""batches"", ""scope""], ""nonfinite_values"": 30625358238, ""path"": ""work_dirs/unclipped_round_20260913/gradual/final_ijbc/finite_audit.json""}], ""logs"": []}",docs/0915_result/selection_evidence.json,b3b3e645064c9908daf001457c568f17a43bbe1472855cd30b3113527fa81d28,work_dirs/unclipped_round_20260913/gradual/final_ijbc/unclipped_d2/ijbc_tar_at_far.csv
unclipped_round_20260913,ijbc-IJBC,0.01,85.64,historical_nearest,unknown,unknown,unknown,needs_review,"{""audits"": [{""embedding_nonfinite_rows"": 25541, ""keys"": [""nonfinite_values"", ""embedding_nonfinite_rows"", ""batches"", ""scope""], ""nonfinite_values"": 30625358238, ""path"": ""work_dirs/unclipped_round_20260913/gradual/final_ijbc/finite_audit.json""}], ""logs"": []}",docs/0915_result/selection_evidence.json,b3b3e645064c9908daf001457c568f17a43bbe1472855cd30b3113527fa81d28,work_dirs/unclipped_round_20260913/gradual/final_ijbc/unclipped_d2/ijbc_tar_at_far.csv
unclipped_round_20260913,ijbc-IJBC,0.1,87.84,historical_nearest,unknown,unknown,unknown,needs_review,"{""audits"": [{""embedding_nonfinite_rows"": 25541, ""keys"": [""nonfinite_values"", ""embedding_nonfinite_rows"", ""batches"", ""scope""], ""nonfinite_values"": 30625358238, ""path"": ""work_dirs/unclipped_round_20260913/gradual/final_ijbc/finite_audit.json""}], ""logs"": []}",docs/0915_result/selection_evidence.json,b3b3e645064c9908daf001457c568f17a43bbe1472855cd30b3113527fa81d28,work_dirs/unclipped_round_20260913/gradual/final_ijbc/unclipped_d2/ijbc_tar_at_far.csv
controlled_degree2_accuracy_recovery_head_only_v3_20260908,ijbc-IJBC,1e-06,80.47,historical_nearest,unknown,unknown,unknown,needs_review,"{""audits"": [], ""logs"": [{""nonfinite_augmented_embedding_rows"": [0], ""path"": ""work_dirs/controlled_degree2_accuracy_recovery_head_only_v3_20260908/ijbc_epoch1/slurm-357754.out""}]}",docs/0915_result/selection_evidence.json,b3b3e645064c9908daf001457c568f17a43bbe1472855cd30b3113527fa81d28,work_dirs/controlled_degree2_accuracy_recovery_head_only_v3_20260908/ijbc_epoch1/result/controlled_d2/ijbc_tar_at_far.csv
controlled_degree2_accuracy_recovery_head_only_v3_20260908,ijbc-IJBC,1e-05,88.7,historical_nearest,unknown,unknown,unknown,needs_review,"{""audits"": [], ""logs"": [{""nonfinite_augmented_embedding_rows"": [0], ""path"": ""work_dirs/controlled_degree2_accuracy_recovery_head_only_v3_20260908/ijbc_epoch1/slurm-357754.out""}]}",docs/0915_result/selection_evidence.json,b3b3e645064c9908daf001457c568f17a43bbe1472855cd30b3113527fa81d28,work_dirs/controlled_degree2_accuracy_recovery_head_only_v3_20260908/ijbc_epoch1/result/controlled_d2/ijbc_tar_at_far.csv
controlled_degree2_accuracy_recovery_head_only_v3_20260908,ijbc-IJBC,0.0001,93.42,historical_nearest,unknown,unknown,unknown,needs_review,"{""audits"": [], ""logs"": [{""nonfinite_augmented_embedding_rows"": [0], ""path"": ""work_dirs/controlled_degree2_accuracy_recovery_head_only_v3_20260908/ijbc_epoch1/slurm-357754.out""}]}",docs/0915_result/selection_evidence.json,b3b3e645064c9908daf001457c568f17a43bbe1472855cd30b3113527fa81d28,work_dirs/controlled_degree2_accuracy_recovery_head_only_v3_20260908/ijbc_epoch1/result/controlled_d2/ijbc_tar_at_far.csv
controlled_degree2_accuracy_recovery_head_only_v3_20260908,ijbc-IJBC,0.001,95.97,historical_nearest,unknown,unknown,unknown,needs_review,"{""audits"": [], ""logs"": [{""nonfinite_augmented_embedding_rows"": [0], ""path"": ""work_dirs/controlled_degree2_accuracy_recovery_head_only_v3_20260908/ijbc_epoch1/slurm-357754.out""}]}",docs/0915_result/selection_evidence.json,b3b3e645064c9908daf001457c568f17a43bbe1472855cd30b3113527fa81d28,work_dirs/controlled_degree2_accuracy_recovery_head_only_v3_20260908/ijbc_epoch1/result/controlled_d2/ijbc_tar_at_far.csv
controlled_degree2_accuracy_recovery_head_only_v3_20260908,ijbc-IJBC,0.01,97.64,historical_nearest,unknown,unknown,unknown,needs_review,"{""audits"": [], ""logs"": [{""nonfinite_augmented_embedding_rows"": [0], ""path"": ""work_dirs/controlled_degree2_accuracy_recovery_head_only_v3_20260908/ijbc_epoch1/slurm-357754.out""}]}",docs/0915_result/selection_evidence.json,b3b3e645064c9908daf001457c568f17a43bbe1472855cd30b3113527fa81d28,work_dirs/controlled_degree2_accuracy_recovery_head_only_v3_20260908/ijbc_epoch1/result/controlled_d2/ijbc_tar_at_far.csv
controlled_degree2_accuracy_recovery_head_only_v3_20260908,ijbc-IJBC,0.1,98.81,historical_nearest,unknown,unknown,unknown,needs_review,"{""audits"": [], ""logs"": [{""nonfinite_augmented_embedding_rows"": [0], ""path"": ""work_dirs/controlled_degree2_accuracy_recovery_head_only_v3_20260908/ijbc_epoch1/slurm-357754.out""}]}",docs/0915_result/selection_evidence.json,b3b3e645064c9908daf001457c568f17a43bbe1472855cd30b3113527fa81d28,work_dirs/controlled_degree2_accuracy_recovery_head_only_v3_20260908/ijbc_epoch1/result/controlled_d2/ijbc_tar_at_far.csv
controlled_degree2_tail_source_channel_v17_20260909,ijbc-IJBC,1e-06,64.72,historical_nearest,unknown,unknown,unknown,needs_review,"{""audits"": [], ""logs"": [{""nonfinite_augmented_embedding_rows"": [4], ""path"": ""work_dirs/controlled_degree2_tail_source_channel_v17_20260909/l10_k2_f09/ijbc/slurm-362851.out""}]}",docs/0915_result/selection_evidence.json,b3b3e645064c9908daf001457c568f17a43bbe1472855cd30b3113527fa81d28,work_dirs/controlled_degree2_tail_source_channel_v17_20260909/l10_k2_f09/ijbc/result/controlled_d2/ijbc_tar_at_far.csv
controlled_degree2_tail_source_channel_v17_20260909,ijbc-IJBC,1e-05,84.77,historical_nearest,unknown,unknown,unknown,needs_review,"{""audits"": [], ""logs"": [{""nonfinite_augmented_embedding_rows"": [4], ""path"": ""work_dirs/controlled_degree2_tail_source_channel_v17_20260909/l10_k2_f09/ijbc/slurm-362851.out""}]}",docs/0915_result/selection_evidence.json,b3b3e645064c9908daf001457c568f17a43bbe1472855cd30b3113527fa81d28,work_dirs/controlled_degree2_tail_source_channel_v17_20260909/l10_k2_f09/ijbc/result/controlled_d2/ijbc_tar_at_far.csv
controlled_degree2_tail_source_channel_v17_20260909,ijbc-IJBC,0.0001,93.56,historical_nearest,unknown,unknown,unknown,needs_review,"{""audits"": [], ""logs"": [{""nonfinite_augmented_embedding_rows"": [4], ""path"": ""work_dirs/controlled_degree2_tail_source_channel_v17_20260909/l10_k2_f09/ijbc/slurm-362851.out""}]}",docs/0915_result/selection_evidence.json,b3b3e645064c9908daf001457c568f17a43bbe1472855cd30b3113527fa81d28,work_dirs/controlled_degree2_tail_source_channel_v17_20260909/l10_k2_f09/ijbc/result/controlled_d2/ijbc_tar_at_far.csv
controlled_degree2_tail_source_channel_v17_20260909,ijbc-IJBC,0.001,96.26,historical_nearest,unknown,unknown,unknown,needs_review,"{""audits"": [], ""logs"": [{""nonfinite_augmented_embedding_rows"": [4], ""path"": ""work_dirs/controlled_degree2_tail_source_channel_v17_20260909/l10_k2_f09/ijbc/slurm-362851.out""}]}",docs/0915_result/selection_evidence.json,b3b3e645064c9908daf001457c568f17a43bbe1472855cd30b3113527fa81d28,work_dirs/controlled_degree2_tail_source_channel_v17_20260909/l10_k2_f09/ijbc/result/controlled_d2/ijbc_tar_at_far.csv
controlled_degree2_tail_source_channel_v17_20260909,ijbc-IJBC,0.01,98.02,historical_nearest,unknown,unknown,unknown,needs_review,"{""audits"": [], ""logs"": [{""nonfinite_augmented_embedding_rows"": [4], ""path"": ""work_dirs/controlled_degree2_tail_source_channel_v17_20260909/l10_k2_f09/ijbc/slurm-362851.out""}]}",docs/0915_result/selection_evidence.json,b3b3e645064c9908daf001457c568f17a43bbe1472855cd30b3113527fa81d28,work_dirs/controlled_degree2_tail_source_channel_v17_20260909/l10_k2_f09/ijbc/result/controlled_d2/ijbc_tar_at_far.csv
controlled_degree2_tail_source_channel_v17_20260909,ijbc-IJBC,0.1,98.97,historical_nearest,unknown,unknown,unknown,needs_review,"{""audits"": [], ""logs"": [{""nonfinite_augmented_embedding_rows"": [4], ""path"": ""work_dirs/controlled_degree2_tail_source_channel_v17_20260909/l10_k2_f09/ijbc/slurm-362851.out""}]}",docs/0915_result/selection_evidence.json,b3b3e645064c9908daf001457c568f17a43bbe1472855cd30b3113527fa81d28,work_dirs/controlled_degree2_tail_source_channel_v17_20260909/l10_k2_f09/ijbc/result/controlled_d2/ijbc_tar_at_far.csv
controlled_degree2_tail_ms1mv3_lam4_20260908,ijbc-IJBC,1e-06,78.63,historical_nearest,unknown,unknown,unknown,needs_review,"{""audits"": [], ""logs"": [{""nonfinite_augmented_embedding_rows"": [1], ""path"": ""work_dirs/controlled_degree2_tail_ms1mv3_lam4_20260908/ijbc_controlled/slurm-355788.out""}]}",docs/0915_result/selection_evidence.json,b3b3e645064c9908daf001457c568f17a43bbe1472855cd30b3113527fa81d28,work_dirs/controlled_degree2_tail_ms1mv3_lam4_20260908/ijbc_controlled/result/r50_controlled_d2_lam4/ijbc_tar_at_far.csv
controlled_degree2_tail_ms1mv3_lam4_20260908,ijbc-IJBC,1e-05,87.76,historical_nearest,unknown,unknown,unknown,needs_review,"{""audits"": [], ""logs"": [{""nonfinite_augmented_embedding_rows"": [1], ""path"": ""work_dirs/controlled_degree2_tail_ms1mv3_lam4_20260908/ijbc_controlled/slurm-355788.out""}]}",docs/0915_result/selection_evidence.json,b3b3e645064c9908daf001457c568f17a43bbe1472855cd30b3113527fa81d28,work_dirs/controlled_degree2_tail_ms1mv3_lam4_20260908/ijbc_controlled/result/r50_controlled_d2_lam4/ijbc_tar_at_far.csv
controlled_degree2_tail_ms1mv3_lam4_20260908,ijbc-IJBC,0.0001,92.79,historical_nearest,unknown,unknown,unknown,needs_review,"{""audits"": [], ""logs"": [{""nonfinite_augmented_embedding_rows"": [1], ""path"": ""work_dirs/controlled_degree2_tail_ms1mv3_lam4_20260908/ijbc_controlled/slurm-355788.out""}]}",docs/0915_result/selection_evidence.json,b3b3e645064c9908daf001457c568f17a43bbe1472855cd30b3113527fa81d28,work_dirs/controlled_degree2_tail_ms1mv3_lam4_20260908/ijbc_controlled/result/r50_controlled_d2_lam4/ijbc_tar_at_far.csv
controlled_degree2_tail_ms1mv3_lam4_20260908,ijbc-IJBC,0.001,95.65,historical_nearest,unknown,unknown,unknown,needs_review,"{""audits"": [], ""logs"": [{""nonfinite_augmented_embedding_rows"": [1], ""path"": ""work_dirs/controlled_degree2_tail_ms1mv3_lam4_20260908/ijbc_controlled/slurm-355788.out""}]}",docs/0915_result/selection_evidence.json,b3b3e645064c9908daf001457c568f17a43bbe1472855cd30b3113527fa81d28,work_dirs/controlled_degree2_tail_ms1mv3_lam4_20260908/ijbc_controlled/result/r50_controlled_d2_lam4/ijbc_tar_at_far.csv
controlled_degree2_tail_ms1mv3_lam4_20260908,ijbc-IJBC,0.01,97.48,historical_nearest,unknown,unknown,unknown,needs_review,"{""audits"": [], ""logs"": [{""nonfinite_augmented_embedding_rows"": [1], ""path"": ""work_dirs/controlled_degree2_tail_ms1mv3_lam4_20260908/ijbc_controlled/slurm-355788.out""}]}",docs/0915_result/selection_evidence.json,b3b3e645064c9908daf001457c568f17a43bbe1472855cd30b3113527fa81d28,work_dirs/controlled_degree2_tail_ms1mv3_lam4_20260908/ijbc_controlled/result/r50_controlled_d2_lam4/ijbc_tar_at_far.csv
controlled_degree2_tail_ms1mv3_lam4_20260908,ijbc-IJBC,0.1,98.83,historical_nearest,unknown,unknown,unknown,needs_review,"{""audits"": [], ""logs"": [{""nonfinite_augmented_embedding_rows"": [1], ""path"": ""work_dirs/controlled_degree2_tail_ms1mv3_lam4_20260908/ijbc_controlled/slurm-355788.out""}]}",docs/0915_result/selection_evidence.json,b3b3e645064c9908daf001457c568f17a43bbe1472855cd30b3113527fa81d28,work_dirs/controlled_degree2_tail_ms1mv3_lam4_20260908/ijbc_controlled/result/r50_controlled_d2_lam4/ijbc_tar_at_far.csv
controlled_degree2_tail_ms1mv3_lam4_20260908,ijbc-IJBC,1e-06,0.0,historical_nearest,unknown,unknown,unknown,needs_review,"{""audits"": [], ""logs"": [{""nonfinite_augmented_embedding_rows"": [938750], ""path"": ""work_dirs/controlled_degree2_tail_ms1mv3_lam4_20260908/ijbc_lam8/slurm-356133.out""}]}",docs/0915_result/selection_evidence.json,b3b3e645064c9908daf001457c568f17a43bbe1472855cd30b3113527fa81d28,work_dirs/controlled_degree2_tail_ms1mv3_lam4_20260908/ijbc_lam8/result/r50_controlled_d2_lam8/ijbc_tar_at_far.csv
controlled_degree2_tail_ms1mv3_lam4_20260908,ijbc-IJBC,1e-05,0.0,historical_nearest,unknown,unknown,unknown,needs_review,"{""audits"": [], ""logs"": [{""nonfinite_augmented_embedding_rows"": [938750], ""path"": ""work_dirs/controlled_degree2_tail_ms1mv3_lam4_20260908/ijbc_lam8/slurm-356133.out""}]}",docs/0915_result/selection_evidence.json,b3b3e645064c9908daf001457c568f17a43bbe1472855cd30b3113527fa81d28,work_dirs/controlled_degree2_tail_ms1mv3_lam4_20260908/ijbc_lam8/result/r50_controlled_d2_lam8/ijbc_tar_at_far.csv
controlled_degree2_tail_ms1mv3_lam4_20260908,ijbc-IJBC,0.0001,0.0,historical_nearest,unknown,unknown,unknown,needs_review,"{""audits"": [], ""logs"": [{""nonfinite_augmented_embedding_rows"": [938750], ""path"": ""work_dirs/controlled_degree2_tail_ms1mv3_lam4_20260908/ijbc_lam8/slurm-356133.out""}]}",docs/0915_result/selection_evidence.json,b3b3e645064c9908daf001457c568f17a43bbe1472855cd30b3113527fa81d28,work_dirs/controlled_degree2_tail_ms1mv3_lam4_20260908/ijbc_lam8/result/r50_controlled_d2_lam8/ijbc_tar_at_far.csv
controlled_degree2_tail_ms1mv3_lam4_20260908,ijbc-IJBC,0.001,0.0,historical_nearest,unknown,unknown,unknown,needs_review,"{""audits"": [], ""logs"": [{""nonfinite_augmented_embedding_rows"": [938750], ""path"": ""work_dirs/controlled_degree2_tail_ms1mv3_lam4_20260908/ijbc_lam8/slurm-356133.out""}]}",docs/0915_result/selection_evidence.json,b3b3e645064c9908daf001457c568f17a43bbe1472855cd30b3113527fa81d28,work_dirs/controlled_degree2_tail_ms1mv3_lam4_20260908/ijbc_lam8/result/r50_controlled_d2_lam8/ijbc_tar_at_far.csv
controlled_degree2_tail_ms1mv3_lam4_20260908,ijbc-IJBC,0.01,0.0,historical_nearest,unknown,unknown,unknown,needs_review,"{""audits"": [], ""logs"": [{""nonfinite_augmented_embedding_rows"": [938750], ""path"": ""work_dirs/controlled_degree2_tail_ms1mv3_lam4_20260908/ijbc_lam8/slurm-356133.out""}]}",docs/0915_result/selection_evidence.json,b3b3e645064c9908daf001457c568f17a43bbe1472855cd30b3113527fa81d28,work_dirs/controlled_degree2_tail_ms1mv3_lam4_20260908/ijbc_lam8/result/r50_controlled_d2_lam8/ijbc_tar_at_far.csv
controlled_degree2_tail_ms1mv3_lam4_20260908,ijbc-IJBC,0.1,0.0,historical_nearest,unknown,unknown,unknown,needs_review,"{""audits"": [], ""logs"": [{""nonfinite_augmented_embedding_rows"": [938750], ""path"": ""work_dirs/controlled_degree2_tail_ms1mv3_lam4_20260908/ijbc_lam8/slurm-356133.out""}]}",docs/0915_result/selection_evidence.json,b3b3e645064c9908daf001457c568f17a43bbe1472855cd30b3113527fa81d28,work_dirs/controlled_degree2_tail_ms1mv3_lam4_20260908/ijbc_lam8/result/r50_controlled_d2_lam8/ijbc_tar_at_far.csv
channelwise_linear_head_20260915,ijbc-IJBC,1e-06,89.1,historical_nearest,unknown,unknown,unknown,needs_review,"{""audits"": [{""embedding_nonfinite_rows"": 0, ""keys"": [""nonfinite_values"", ""embedding_nonfinite_rows"", ""batches"", ""source_images"", ""augmented_embeddings"", ""target"", ""audited_input_rows"", ""audited_output_rows"", ""scope""], ""nonfinite_values"": 0, ""path"": ""work_dirs/channelwise_linear_head_20260915/ijbc_full/finite_audit.json""}], ""logs"": []}",docs/0915_result/selection_evidence.json,b3b3e645064c9908daf001457c568f17a43bbe1472855cd30b3113527fa81d28,work_dirs/channelwise_linear_head_20260915/ijbc_full/linear_head/ijbc_tar_at_far.csv
channelwise_linear_head_20260915,ijbc-IJBC,1e-05,93.39,historical_nearest,unknown,unknown,unknown,needs_review,"{""audits"": [{""embedding_nonfinite_rows"": 0, ""keys"": [""nonfinite_values"", ""embedding_nonfinite_rows"", ""batches"", ""source_images"", ""augmented_embeddings"", ""target"", ""audited_input_rows"", ""audited_output_rows"", ""scope""], ""nonfinite_values"": 0, ""path"": ""work_dirs/channelwise_linear_head_20260915/ijbc_full/finite_audit.json""}], ""logs"": []}",docs/0915_result/selection_evidence.json,b3b3e645064c9908daf001457c568f17a43bbe1472855cd30b3113527fa81d28,work_dirs/channelwise_linear_head_20260915/ijbc_full/linear_head/ijbc_tar_at_far.csv
channelwise_linear_head_20260915,ijbc-IJBC,0.0001,95.78,historical_nearest,unknown,unknown,unknown,needs_review,"{""audits"": [{""embedding_nonfinite_rows"": 0, ""keys"": [""nonfinite_values"", ""embedding_nonfinite_rows"", ""batches"", ""source_images"", ""augmented_embeddings"", ""target"", ""audited_input_rows"", ""audited_output_rows"", ""scope""], ""nonfinite_values"": 0, ""path"": ""work_dirs/channelwise_linear_head_20260915/ijbc_full/finite_audit.json""}], ""logs"": []}",docs/0915_result/selection_evidence.json,b3b3e645064c9908daf001457c568f17a43bbe1472855cd30b3113527fa81d28,work_dirs/channelwise_linear_head_20260915/ijbc_full/linear_head/ijbc_tar_at_far.csv
channelwise_linear_head_20260915,ijbc-IJBC,0.001,97.32,historical_nearest,unknown,unknown,unknown,needs_review,"{""audits"": [{""embedding_nonfinite_rows"": 0, ""keys"": [""nonfinite_values"", ""embedding_nonfinite_rows"", ""batches"", ""source_images"", ""augmented_embeddings"", ""target"", ""audited_input_rows"", ""audited_output_rows"", ""scope""], ""nonfinite_values"": 0, ""path"": ""work_dirs/channelwise_linear_head_20260915/ijbc_full/finite_audit.json""}], ""logs"": []}",docs/0915_result/selection_evidence.json,b3b3e645064c9908daf001457c568f17a43bbe1472855cd30b3113527fa81d28,work_dirs/channelwise_linear_head_20260915/ijbc_full/linear_head/ijbc_tar_at_far.csv
channelwise_linear_head_20260915,ijbc-IJBC,0.01,98.39,historical_nearest,unknown,unknown,unknown,needs_review,"{""audits"": [{""embedding_nonfinite_rows"": 0, ""keys"": [""nonfinite_values"", ""embedding_nonfinite_rows"", ""batches"", ""source_images"", ""augmented_embeddings"", ""target"", ""audited_input_rows"", ""audited_output_rows"", ""scope""], ""nonfinite_values"": 0, ""path"": ""work_dirs/channelwise_linear_head_20260915/ijbc_full/finite_audit.json""}], ""logs"": []}",docs/0915_result/selection_evidence.json,b3b3e645064c9908daf001457c568f17a43bbe1472855cd30b3113527fa81d28,work_dirs/channelwise_linear_head_20260915/ijbc_full/linear_head/ijbc_tar_at_far.csv
channelwise_linear_head_20260915,ijbc-IJBC,0.1,98.99,historical_nearest,unknown,unknown,unknown,needs_review,"{""audits"": [{""embedding_nonfinite_rows"": 0, ""keys"": [""nonfinite_values"", ""embedding_nonfinite_rows"", ""batches"", ""source_images"", ""augmented_embeddings"", ""target"", ""audited_input_rows"", ""audited_output_rows"", ""scope""], ""nonfinite_values"": 0, ""path"": ""work_dirs/channelwise_linear_head_20260915/ijbc_full/finite_audit.json""}], ""logs"": []}",docs/0915_result/selection_evidence.json,b3b3e645064c9908daf001457c568f17a43bbe1472855cd30b3113527fa81d28,work_dirs/channelwise_linear_head_20260915/ijbc_full/linear_head/ijbc_tar_at_far.csv
controlled_degree2_tail_ms1mv3_deployment_v7_20260908,ijbc-IJBC,1e-06,83.11,historical_nearest,unknown,unknown,unknown,needs_review,"{""audits"": [], ""logs"": [{""nonfinite_augmented_embedding_rows"": [11], ""path"": ""work_dirs/controlled_degree2_tail_ms1mv3_deployment_v7_20260908/ijbc_final/slurm-358939.out""}]}",docs/0915_result/selection_evidence.json,b3b3e645064c9908daf001457c568f17a43bbe1472855cd30b3113527fa81d28,work_dirs/controlled_degree2_tail_ms1mv3_deployment_v7_20260908/ijbc_final/result/controlled_d2/ijbc_tar_at_far.csv
controlled_degree2_tail_ms1mv3_deployment_v7_20260908,ijbc-IJBC,1e-05,91.89,historical_nearest,unknown,unknown,unknown,needs_review,"{""audits"": [], ""logs"": [{""nonfinite_augmented_embedding_rows"": [11], ""path"": ""work_dirs/controlled_degree2_tail_ms1mv3_deployment_v7_20260908/ijbc_final/slurm-358939.out""}]}",docs/0915_result/selection_evidence.json,b3b3e645064c9908daf001457c568f17a43bbe1472855cd30b3113527fa81d28,work_dirs/controlled_degree2_tail_ms1mv3_deployment_v7_20260908/ijbc_final/result/controlled_d2/ijbc_tar_at_far.csv
controlled_degree2_tail_ms1mv3_deployment_v7_20260908,ijbc-IJBC,0.0001,95.18,historical_nearest,unknown,unknown,unknown,needs_review,"{""audits"": [], ""logs"": [{""nonfinite_augmented_embedding_rows"": [11], ""path"": ""work_dirs/controlled_degree2_tail_ms1mv3_deployment_v7_20260908/ijbc_final/slurm-358939.out""}]}",docs/0915_result/selection_evidence.json,b3b3e645064c9908daf001457c568f17a43bbe1472855cd30b3113527fa81d28,work_dirs/controlled_degree2_tail_ms1mv3_deployment_v7_20260908/ijbc_final/result/controlled_d2/ijbc_tar_at_far.csv
controlled_degree2_tail_ms1mv3_deployment_v7_20260908,ijbc-IJBC,0.001,96.84,historical_nearest,unknown,unknown,unknown,needs_review,"{""audits"": [], ""logs"": [{""nonfinite_augmented_embedding_rows"": [11], ""path"": ""work_dirs/controlled_degree2_tail_ms1mv3_deployment_v7_20260908/ijbc_final/slurm-358939.out""}]}",docs/0915_result/selection_evidence.json,b3b3e645064c9908daf001457c568f17a43bbe1472855cd30b3113527fa81d28,work_dirs/controlled_degree2_tail_ms1mv3_deployment_v7_20260908/ijbc_final/result/controlled_d2/ijbc_tar_at_far.csv
controlled_degree2_tail_ms1mv3_deployment_v7_20260908,ijbc-IJBC,0.01,98.22,historical_nearest,unknown,unknown,unknown,needs_review,"{""audits"": [], ""logs"": [{""nonfinite_augmented_embedding_rows"": [11], ""path"": ""work_dirs/controlled_degree2_tail_ms1mv3_deployment_v7_20260908/ijbc_final/slurm-358939.out""}]}",docs/0915_result/selection_evidence.json,b3b3e645064c9908daf001457c568f17a43bbe1472855cd30b3113527fa81d28,work_dirs/controlled_degree2_tail_ms1mv3_deployment_v7_20260908/ijbc_final/result/controlled_d2/ijbc_tar_at_far.csv
controlled_degree2_tail_ms1mv3_deployment_v7_20260908,ijbc-IJBC,0.1,98.99,historical_nearest,unknown,unknown,unknown,needs_review,"{""audits"": [], ""logs"": [{""nonfinite_augmented_embedding_rows"": [11], ""path"": ""work_dirs/controlled_degree2_tail_ms1mv3_deployment_v7_20260908/ijbc_final/slurm-358939.out""}]}",docs/0915_result/selection_evidence.json,b3b3e645064c9908daf001457c568f17a43bbe1472855cd30b3113527fa81d28,work_dirs/controlled_degree2_tail_ms1mv3_deployment_v7_20260908/ijbc_final/result/controlled_d2/ijbc_tar_at_far.csv
controlled_degree2_tail_ms1mv3_layer3x2_20260908,ijbc-IJBC,1e-06,79.31,historical_nearest,unknown,unknown,unknown,needs_review,"{""audits"": [], ""logs"": [{""nonfinite_augmented_embedding_rows"": [13], ""path"": ""work_dirs/controlled_degree2_tail_ms1mv3_layer3x2_20260908/ijbc/slurm-356239.out""}]}",docs/0915_result/selection_evidence.json,b3b3e645064c9908daf001457c568f17a43bbe1472855cd30b3113527fa81d28,work_dirs/controlled_degree2_tail_ms1mv3_layer3x2_20260908/ijbc/result/r50_controlled_d2_l3x2/ijbc_tar_at_far.csv
controlled_degree2_tail_ms1mv3_layer3x2_20260908,ijbc-IJBC,1e-05,88.7,historical_nearest,unknown,unknown,unknown,needs_review,"{""audits"": [], ""logs"": [{""nonfinite_augmented_embedding_rows"": [13], ""path"": ""work_dirs/controlled_degree2_tail_ms1mv3_layer3x2_20260908/ijbc/slurm-356239.out""}]}",docs/0915_result/selection_evidence.json,b3b3e645064c9908daf001457c568f17a43bbe1472855cd30b3113527fa81d28,work_dirs/controlled_degree2_tail_ms1mv3_layer3x2_20260908/ijbc/result/r50_controlled_d2_l3x2/ijbc_tar_at_far.csv
controlled_degree2_tail_ms1mv3_layer3x2_20260908,ijbc-IJBC,0.0001,93.04,historical_nearest,unknown,unknown,unknown,needs_review,"{""audits"": [], ""logs"": [{""nonfinite_augmented_embedding_rows"": [13], ""path"": ""work_dirs/controlled_degree2_tail_ms1mv3_layer3x2_20260908/ijbc/slurm-356239.out""}]}",docs/0915_result/selection_evidence.json,b3b3e645064c9908daf001457c568f17a43bbe1472855cd30b3113527fa81d28,work_dirs/controlled_degree2_tail_ms1mv3_layer3x2_20260908/ijbc/result/r50_controlled_d2_l3x2/ijbc_tar_at_far.csv
controlled_degree2_tail_ms1mv3_layer3x2_20260908,ijbc-IJBC,0.001,95.72,historical_nearest,unknown,unknown,unknown,needs_review,"{""audits"": [], ""logs"": [{""nonfinite_augmented_embedding_rows"": [13], ""path"": ""work_dirs/controlled_degree2_tail_ms1mv3_layer3x2_20260908/ijbc/slurm-356239.out""}]}",docs/0915_result/selection_evidence.json,b3b3e645064c9908daf001457c568f17a43bbe1472855cd30b3113527fa81d28,work_dirs/controlled_degree2_tail_ms1mv3_layer3x2_20260908/ijbc/result/r50_controlled_d2_l3x2/ijbc_tar_at_far.csv
controlled_degree2_tail_ms1mv3_layer3x2_20260908,ijbc-IJBC,0.01,97.57,historical_nearest,unknown,unknown,unknown,needs_review,"{""audits"": [], ""logs"": [{""nonfinite_augmented_embedding_rows"": [13], ""path"": ""work_dirs/controlled_degree2_tail_ms1mv3_layer3x2_20260908/ijbc/slurm-356239.out""}]}",docs/0915_result/selection_evidence.json,b3b3e645064c9908daf001457c568f17a43bbe1472855cd30b3113527fa81d28,work_dirs/controlled_degree2_tail_ms1mv3_layer3x2_20260908/ijbc/result/r50_controlled_d2_l3x2/ijbc_tar_at_far.csv
controlled_degree2_tail_ms1mv3_layer3x2_20260908,ijbc-IJBC,0.1,98.8,historical_nearest,unknown,unknown,unknown,needs_review,"{""audits"": [], ""logs"": [{""nonfinite_augmented_embedding_rows"": [13], ""path"": ""work_dirs/controlled_degree2_tail_ms1mv3_layer3x2_20260908/ijbc/slurm-356239.out""}]}",docs/0915_result/selection_evidence.json,b3b3e645064c9908daf001457c568f17a43bbe1472855cd30b3113527fa81d28,work_dirs/controlled_degree2_tail_ms1mv3_layer3x2_20260908/ijbc/result/r50_controlled_d2_l3x2/ijbc_tar_at_far.csv
shared_d2_C_20260913,ijbc-IJBC,1e-06,0.0,historical_nearest,unknown,unknown,unknown,needs_review,"{""audits"": [{""embedding_nonfinite_rows"": 938647, ""keys"": [""nonfinite_values"", ""embedding_nonfinite_rows"", ""batches"", ""scope""], ""nonfinite_values"": 27439355249656, ""path"": ""work_dirs/shared_d2_C_20260913/final_ijbc/finite_audit.json""}], ""logs"": []}",docs/0915_result/selection_evidence.json,b3b3e645064c9908daf001457c568f17a43bbe1472855cd30b3113527fa81d28,work_dirs/shared_d2_C_20260913/final_ijbc/shared_d2/ijbc_tar_at_far.csv
shared_d2_C_20260913,ijbc-IJBC,1e-05,0.0,historical_nearest,unknown,unknown,unknown,needs_review,"{""audits"": [{""embedding_nonfinite_rows"": 938647, ""keys"": [""nonfinite_values"", ""embedding_nonfinite_rows"", ""batches"", ""scope""], ""nonfinite_values"": 27439355249656, ""path"": ""work_dirs/shared_d2_C_20260913/final_ijbc/finite_audit.json""}], ""logs"": []}",docs/0915_result/selection_evidence.json,b3b3e645064c9908daf001457c568f17a43bbe1472855cd30b3113527fa81d28,work_dirs/shared_d2_C_20260913/final_ijbc/shared_d2/ijbc_tar_at_far.csv
shared_d2_C_20260913,ijbc-IJBC,0.0001,0.0,historical_nearest,unknown,unknown,unknown,needs_review,"{""audits"": [{""embedding_nonfinite_rows"": 938647, ""keys"": [""nonfinite_values"", ""embedding_nonfinite_rows"", ""batches"", ""scope""], ""nonfinite_values"": 27439355249656, ""path"": ""work_dirs/shared_d2_C_20260913/final_ijbc/finite_audit.json""}], ""logs"": []}",docs/0915_result/selection_evidence.json,b3b3e645064c9908daf001457c568f17a43bbe1472855cd30b3113527fa81d28,work_dirs/shared_d2_C_20260913/final_ijbc/shared_d2/ijbc_tar_at_far.csv
shared_d2_C_20260913,ijbc-IJBC,0.001,0.0,historical_nearest,unknown,unknown,unknown,needs_review,"{""audits"": [{""embedding_nonfinite_rows"": 938647, ""keys"": [""nonfinite_values"", ""embedding_nonfinite_rows"", ""batches"", ""scope""], ""nonfinite_values"": 27439355249656, ""path"": ""work_dirs/shared_d2_C_20260913/final_ijbc/finite_audit.json""}], ""logs"": []}",docs/0915_result/selection_evidence.json,b3b3e645064c9908daf001457c568f17a43bbe1472855cd30b3113527fa81d28,work_dirs/shared_d2_C_20260913/final_ijbc/shared_d2/ijbc_tar_at_far.csv
shared_d2_C_20260913,ijbc-IJBC,0.01,0.0,historical_nearest,unknown,unknown,unknown,needs_review,"{""audits"": [{""embedding_nonfinite_rows"": 938647, ""keys"": [""nonfinite_values"", ""embedding_nonfinite_rows"", ""batches"", ""scope""], ""nonfinite_values"": 27439355249656, ""path"": ""work_dirs/shared_d2_C_20260913/final_ijbc/finite_audit.json""}], ""logs"": []}",docs/0915_result/selection_evidence.json,b3b3e645064c9908daf001457c568f17a43bbe1472855cd30b3113527fa81d28,work_dirs/shared_d2_C_20260913/final_ijbc/shared_d2/ijbc_tar_at_far.csv
shared_d2_C_20260913,ijbc-IJBC,0.1,0.0,historical_nearest,unknown,unknown,unknown,needs_review,"{""audits"": [{""embedding_nonfinite_rows"": 938647, ""keys"": [""nonfinite_values"", ""embedding_nonfinite_rows"", ""batches"", ""scope""], ""nonfinite_values"": 27439355249656, ""path"": ""work_dirs/shared_d2_C_20260913/final_ijbc/finite_audit.json""}], ""logs"": []}",docs/0915_result/selection_evidence.json,b3b3e645064c9908daf001457c568f17a43bbe1472855cd30b3113527fa81d28,work_dirs/shared_d2_C_20260913/final_ijbc/shared_d2/ijbc_tar_at_far.csv
controlled_degree2_tail_source_channel_v18_20260909,ijbc-IJBC,1e-06,80.27,historical_nearest,unknown,unknown,unknown,needs_review,"{""audits"": [], ""logs"": [{""nonfinite_augmented_embedding_rows"": [4], ""path"": ""work_dirs/controlled_degree2_tail_source_channel_v18_20260909/c093_l10_k1_f085/ijbc/slurm-363184.out""}]}",docs/0915_result/selection_evidence.json,b3b3e645064c9908daf001457c568f17a43bbe1472855cd30b3113527fa81d28,work_dirs/controlled_degree2_tail_source_channel_v18_20260909/c093_l10_k1_f085/ijbc/result/controlled_d2/ijbc_tar_at_far.csv
controlled_degree2_tail_source_channel_v18_20260909,ijbc-IJBC,1e-05,90.83,historical_nearest,unknown,unknown,unknown,needs_review,"{""audits"": [], ""logs"": [{""nonfinite_augmented_embedding_rows"": [4], ""path"": ""work_dirs/controlled_degree2_tail_source_channel_v18_20260909/c093_l10_k1_f085/ijbc/slurm-363184.out""}]}",docs/0915_result/selection_evidence.json,b3b3e645064c9908daf001457c568f17a43bbe1472855cd30b3113527fa81d28,work_dirs/controlled_degree2_tail_source_channel_v18_20260909/c093_l10_k1_f085/ijbc/result/controlled_d2/ijbc_tar_at_far.csv
controlled_degree2_tail_source_channel_v18_20260909,ijbc-IJBC,0.0001,94.89,historical_nearest,unknown,unknown,unknown,needs_review,"{""audits"": [], ""logs"": [{""nonfinite_augmented_embedding_rows"": [4], ""path"": ""work_dirs/controlled_degree2_tail_source_channel_v18_20260909/c093_l10_k1_f085/ijbc/slurm-363184.out""}]}",docs/0915_result/selection_evidence.json,b3b3e645064c9908daf001457c568f17a43bbe1472855cd30b3113527fa81d28,work_dirs/controlled_degree2_tail_source_channel_v18_20260909/c093_l10_k1_f085/ijbc/result/controlled_d2/ijbc_tar_at_far.csv
controlled_degree2_tail_source_channel_v18_20260909,ijbc-IJBC,0.001,96.71,historical_nearest,unknown,unknown,unknown,needs_review,"{""audits"": [], ""logs"": [{""nonfinite_augmented_embedding_rows"": [4], ""path"": ""work_dirs/controlled_degree2_tail_source_channel_v18_20260909/c093_l10_k1_f085/ijbc/slurm-363184.out""}]}",docs/0915_result/selection_evidence.json,b3b3e645064c9908daf001457c568f17a43bbe1472855cd30b3113527fa81d28,work_dirs/controlled_degree2_tail_source_channel_v18_20260909/c093_l10_k1_f085/ijbc/result/controlled_d2/ijbc_tar_at_far.csv
controlled_degree2_tail_source_channel_v18_20260909,ijbc-IJBC,0.01,98.19,historical_nearest,unknown,unknown,unknown,needs_review,"{""audits"": [], ""logs"": [{""nonfinite_augmented_embedding_rows"": [4], ""path"": ""work_dirs/controlled_degree2_tail_source_channel_v18_20260909/c093_l10_k1_f085/ijbc/slurm-363184.out""}]}",docs/0915_result/selection_evidence.json,b3b3e645064c9908daf001457c568f17a43bbe1472855cd30b3113527fa81d28,work_dirs/controlled_degree2_tail_source_channel_v18_20260909/c093_l10_k1_f085/ijbc/result/controlled_d2/ijbc_tar_at_far.csv
controlled_degree2_tail_source_channel_v18_20260909,ijbc-IJBC,0.1,98.96,historical_nearest,unknown,unknown,unknown,needs_review,"{""audits"": [], ""logs"": [{""nonfinite_augmented_embedding_rows"": [4], ""path"": ""work_dirs/controlled_degree2_tail_source_channel_v18_20260909/c093_l10_k1_f085/ijbc/slurm-363184.out""}]}",docs/0915_result/selection_evidence.json,b3b3e645064c9908daf001457c568f17a43bbe1472855cd30b3113527fa81d28,work_dirs/controlled_degree2_tail_source_channel_v18_20260909/c093_l10_k1_f085/ijbc/result/controlled_d2/ijbc_tar_at_far.csv
shared_d2_B_20260913,ijbc-IJBC,1e-06,4.78,historical_nearest,unknown,unknown,unknown,needs_review,"{""audits"": [{""embedding_nonfinite_rows"": 0, ""keys"": [""nonfinite_values"", ""embedding_nonfinite_rows"", ""batches"", ""scope""], ""nonfinite_values"": 0, ""path"": ""work_dirs/shared_d2_B_20260913/final_ijbc/finite_audit.json""}], ""logs"": []}",docs/0915_result/selection_evidence.json,b3b3e645064c9908daf001457c568f17a43bbe1472855cd30b3113527fa81d28,work_dirs/shared_d2_B_20260913/final_ijbc/shared_d2/ijbc_tar_at_far.csv
shared_d2_B_20260913,ijbc-IJBC,1e-05,7.99,historical_nearest,unknown,unknown,unknown,needs_review,"{""audits"": [{""embedding_nonfinite_rows"": 0, ""keys"": [""nonfinite_values"", ""embedding_nonfinite_rows"", ""batches"", ""scope""], ""nonfinite_values"": 0, ""path"": ""work_dirs/shared_d2_B_20260913/final_ijbc/finite_audit.json""}], ""logs"": []}",docs/0915_result/selection_evidence.json,b3b3e645064c9908daf001457c568f17a43bbe1472855cd30b3113527fa81d28,work_dirs/shared_d2_B_20260913/final_ijbc/shared_d2/ijbc_tar_at_far.csv
shared_d2_B_20260913,ijbc-IJBC,0.0001,15.68,historical_nearest,unknown,unknown,unknown,needs_review,"{""audits"": [{""embedding_nonfinite_rows"": 0, ""keys"": [""nonfinite_values"", ""embedding_nonfinite_rows"", ""batches"", ""scope""], ""nonfinite_values"": 0, ""path"": ""work_dirs/shared_d2_B_20260913/final_ijbc/finite_audit.json""}], ""logs"": []}",docs/0915_result/selection_evidence.json,b3b3e645064c9908daf001457c568f17a43bbe1472855cd30b3113527fa81d28,work_dirs/shared_d2_B_20260913/final_ijbc/shared_d2/ijbc_tar_at_far.csv
shared_d2_B_20260913,ijbc-IJBC,0.001,27.65,historical_nearest,unknown,unknown,unknown,needs_review,"{""audits"": [{""embedding_nonfinite_rows"": 0, ""keys"": [""nonfinite_values"", ""embedding_nonfinite_rows"", ""batches"", ""scope""], ""nonfinite_values"": 0, ""path"": ""work_dirs/shared_d2_B_20260913/final_ijbc/finite_audit.json""}], ""logs"": []}",docs/0915_result/selection_evidence.json,b3b3e645064c9908daf001457c568f17a43bbe1472855cd30b3113527fa81d28,work_dirs/shared_d2_B_20260913/final_ijbc/shared_d2/ijbc_tar_at_far.csv
shared_d2_B_20260913,ijbc-IJBC,0.01,46.35,historical_nearest,unknown,unknown,unknown,needs_review,"{""audits"": [{""embedding_nonfinite_rows"": 0, ""keys"": [""nonfinite_values"", ""embedding_nonfinite_rows"", ""batches"", ""scope""], ""nonfinite_values"": 0, ""path"": ""work_dirs/shared_d2_B_20260913/final_ijbc/finite_audit.json""}], ""logs"": []}",docs/0915_result/selection_evidence.json,b3b3e645064c9908daf001457c568f17a43bbe1472855cd30b3113527fa81d28,work_dirs/shared_d2_B_20260913/final_ijbc/shared_d2/ijbc_tar_at_far.csv
shared_d2_B_20260913,ijbc-IJBC,0.1,71.37,historical_nearest,unknown,unknown,unknown,needs_review,"{""audits"": [{""embedding_nonfinite_rows"": 0, ""keys"": [""nonfinite_values"", ""embedding_nonfinite_rows"", ""batches"", ""scope""], ""nonfinite_values"": 0, ""path"": ""work_dirs/shared_d2_B_20260913/final_ijbc/finite_audit.json""}], ""logs"": []}",docs/0915_result/selection_evidence.json,b3b3e645064c9908daf001457c568f17a43bbe1472855cd30b3113527fa81d28,work_dirs/shared_d2_B_20260913/final_ijbc/shared_d2/ijbc_tar_at_far.csv
channelwise_ijbc96_guarded_resume_20260914,ijbc-IJBC,1e-06,90.04,historical_nearest,unknown,unknown,unknown,needs_review,"{""audits"": [{""embedding_nonfinite_rows"": 7931, ""keys"": [""nonfinite_values"", ""embedding_nonfinite_rows"", ""batches"", ""source_images"", ""augmented_embeddings"", ""target"", ""audited_input_rows"", ""audited_output_rows"", ""scope""], ""nonfinite_values"": 20508091907, ""path"": ""work_dirs/channelwise_ijbc96_guarded_resume_20260914/ijbc_calibration_epoch14_1000_full/finite_audit.json""}], ""logs"": [{""nonfinite_augmented_embedding_rows"": [7931], ""path"": ""work_dirs/channelwise_ijbc96_guarded_resume_20260914/calibration1000_eval_step.out""}, {""nonfinite_augmented_embedding_rows"": [110], ""path"": ""work_dirs/channelwise_ijbc96_guarded_resume_20260914/calibration_lr1e4_3000_eval_step.out""}, {""nonfinite_augmented_embedding_rows"": [104], ""path"": ""work_dirs/channelwise_ijbc96_guarded_resume_20260914/calibration_head2000_eval_step.out""}, {""nonfinite_augmented_embedding_rows"": [9712], ""path"": ""work_dirs/channelwise_ijbc96_guarded_resume_20260914/epoch14_eval_step.out""}, {""nonfinite_augmented_embedding_rows"": [0], ""path"": ""work_dirs/channelwise_ijbc96_guarded_resume_20260914/calibration_residual6_eval_step.out""}, {""nonfinite_augmented_embedding_rows"": [0], ""path"": ""work_dirs/channelwise_ijbc96_guarded_resume_20260914/calibration_head_random_eval_step.out""}]}",docs/0915_result/selection_evidence.json,b3b3e645064c9908daf001457c568f17a43bbe1472855cd30b3113527fa81d28,work_dirs/channelwise_ijbc96_guarded_resume_20260914/ijbc_calibration_epoch14_1000_full/channelwise_calibration1000/ijbc_tar_at_far.csv
channelwise_ijbc96_guarded_resume_20260914,ijbc-IJBC,1e-05,93.77,historical_nearest,unknown,unknown,unknown,needs_review,"{""audits"": [{""embedding_nonfinite_rows"": 7931, ""keys"": [""nonfinite_values"", ""embedding_nonfinite_rows"", ""batches"", ""source_images"", ""augmented_embeddings"", ""target"", ""audited_input_rows"", ""audited_output_rows"", ""scope""], ""nonfinite_values"": 20508091907, ""path"": ""work_dirs/channelwise_ijbc96_guarded_resume_20260914/ijbc_calibration_epoch14_1000_full/finite_audit.json""}], ""logs"": [{""nonfinite_augmented_embedding_rows"": [7931], ""path"": ""work_dirs/channelwise_ijbc96_guarded_resume_20260914/calibration1000_eval_step.out""}, {""nonfinite_augmented_embedding_rows"": [110], ""path"": ""work_dirs/channelwise_ijbc96_guarded_resume_20260914/calibration_lr1e4_3000_eval_step.out""}, {""nonfinite_augmented_embedding_rows"": [104], ""path"": ""work_dirs/channelwise_ijbc96_guarded_resume_20260914/calibration_head2000_eval_step.out""}, {""nonfinite_augmented_embedding_rows"": [9712], ""path"": ""work_dirs/channelwise_ijbc96_guarded_resume_20260914/epoch14_eval_step.out""}, {""nonfinite_augmented_embedding_rows"": [0], ""path"": ""work_dirs/channelwise_ijbc96_guarded_resume_20260914/calibration_residual6_eval_step.out""}, {""nonfinite_augmented_embedding_rows"": [0], ""path"": ""work_dirs/channelwise_ijbc96_guarded_resume_20260914/calibration_head_random_eval_step.out""}]}",docs/0915_result/selection_evidence.json,b3b3e645064c9908daf001457c568f17a43bbe1472855cd30b3113527fa81d28,work_dirs/channelwise_ijbc96_guarded_resume_20260914/ijbc_calibration_epoch14_1000_full/channelwise_calibration1000/ijbc_tar_at_far.csv
channelwise_ijbc96_guarded_resume_20260914,ijbc-IJBC,0.0001,95.64,historical_nearest,unknown,unknown,unknown,needs_review,"{""audits"": [{""embedding_nonfinite_rows"": 7931, ""keys"": [""nonfinite_values"", ""embedding_nonfinite_rows"", ""batches"", ""source_images"", ""augmented_embeddings"", ""target"", ""audited_input_rows"", ""audited_output_rows"", ""scope""], ""nonfinite_values"": 20508091907, ""path"": ""work_dirs/channelwise_ijbc96_guarded_resume_20260914/ijbc_calibration_epoch14_1000_full/finite_audit.json""}], ""logs"": [{""nonfinite_augmented_embedding_rows"": [7931], ""path"": ""work_dirs/channelwise_ijbc96_guarded_resume_20260914/calibration1000_eval_step.out""}, {""nonfinite_augmented_embedding_rows"": [110], ""path"": ""work_dirs/channelwise_ijbc96_guarded_resume_20260914/calibration_lr1e4_3000_eval_step.out""}, {""nonfinite_augmented_embedding_rows"": [104], ""path"": ""work_dirs/channelwise_ijbc96_guarded_resume_20260914/calibration_head2000_eval_step.out""}, {""nonfinite_augmented_embedding_rows"": [9712], ""path"": ""work_dirs/channelwise_ijbc96_guarded_resume_20260914/epoch14_eval_step.out""}, {""nonfinite_augmented_embedding_rows"": [0], ""path"": ""work_dirs/channelwise_ijbc96_guarded_resume_20260914/calibration_residual6_eval_step.out""}, {""nonfinite_augmented_embedding_rows"": [0], ""path"": ""work_dirs/channelwise_ijbc96_guarded_resume_20260914/calibration_head_random_eval_step.out""}]}",docs/0915_result/selection_evidence.json,b3b3e645064c9908daf001457c568f17a43bbe1472855cd30b3113527fa81d28,work_dirs/channelwise_ijbc96_guarded_resume_20260914/ijbc_calibration_epoch14_1000_full/channelwise_calibration1000/ijbc_tar_at_far.csv
channelwise_ijbc96_guarded_resume_20260914,ijbc-IJBC,0.001,97.04,historical_nearest,unknown,unknown,unknown,needs_review,"{""audits"": [{""embedding_nonfinite_rows"": 7931, ""keys"": [""nonfinite_values"", ""embedding_nonfinite_rows"", ""batches"", ""source_images"", ""augmented_embeddings"", ""target"", ""audited_input_rows"", ""audited_output_rows"", ""scope""], ""nonfinite_values"": 20508091907, ""path"": ""work_dirs/channelwise_ijbc96_guarded_resume_20260914/ijbc_calibration_epoch14_1000_full/finite_audit.json""}], ""logs"": [{""nonfinite_augmented_embedding_rows"": [7931], ""path"": ""work_dirs/channelwise_ijbc96_guarded_resume_20260914/calibration1000_eval_step.out""}, {""nonfinite_augmented_embedding_rows"": [110], ""path"": ""work_dirs/channelwise_ijbc96_guarded_resume_20260914/calibration_lr1e4_3000_eval_step.out""}, {""nonfinite_augmented_embedding_rows"": [104], ""path"": ""work_dirs/channelwise_ijbc96_guarded_resume_20260914/calibration_head2000_eval_step.out""}, {""nonfinite_augmented_embedding_rows"": [9712], ""path"": ""work_dirs/channelwise_ijbc96_guarded_resume_20260914/epoch14_eval_step.out""}, {""nonfinite_augmented_embedding_rows"": [0], ""path"": ""work_dirs/channelwise_ijbc96_guarded_resume_20260914/calibration_residual6_eval_step.out""}, {""nonfinite_augmented_embedding_rows"": [0], ""path"": ""work_dirs/channelwise_ijbc96_guarded_resume_20260914/calibration_head_random_eval_step.out""}]}",docs/0915_result/selection_evidence.json,b3b3e645064c9908daf001457c568f17a43bbe1472855cd30b3113527fa81d28,work_dirs/channelwise_ijbc96_guarded_resume_20260914/ijbc_calibration_epoch14_1000_full/channelwise_calibration1000/ijbc_tar_at_far.csv
channelwise_ijbc96_guarded_resume_20260914,ijbc-IJBC,0.01,98.01,historical_nearest,unknown,unknown,unknown,needs_review,"{""audits"": [{""embedding_nonfinite_rows"": 7931, ""keys"": [""nonfinite_values"", ""embedding_nonfinite_rows"", ""batches"", ""source_images"", ""augmented_embeddings"", ""target"", ""audited_input_rows"", ""audited_output_rows"", ""scope""], ""nonfinite_values"": 20508091907, ""path"": ""work_dirs/channelwise_ijbc96_guarded_resume_20260914/ijbc_calibration_epoch14_1000_full/finite_audit.json""}], ""logs"": [{""nonfinite_augmented_embedding_rows"": [7931], ""path"": ""work_dirs/channelwise_ijbc96_guarded_resume_20260914/calibration1000_eval_step.out""}, {""nonfinite_augmented_embedding_rows"": [110], ""path"": ""work_dirs/channelwise_ijbc96_guarded_resume_20260914/calibration_lr1e4_3000_eval_step.out""}, {""nonfinite_augmented_embedding_rows"": [104], ""path"": ""work_dirs/channelwise_ijbc96_guarded_resume_20260914/calibration_head2000_eval_step.out""}, {""nonfinite_augmented_embedding_rows"": [9712], ""path"": ""work_dirs/channelwise_ijbc96_guarded_resume_20260914/epoch14_eval_step.out""}, {""nonfinite_augmented_embedding_rows"": [0], ""path"": ""work_dirs/channelwise_ijbc96_guarded_resume_20260914/calibration_residual6_eval_step.out""}, {""nonfinite_augmented_embedding_rows"": [0], ""path"": ""work_dirs/channelwise_ijbc96_guarded_resume_20260914/calibration_head_random_eval_step.out""}]}",docs/0915_result/selection_evidence.json,b3b3e645064c9908daf001457c568f17a43bbe1472855cd30b3113527fa81d28,work_dirs/channelwise_ijbc96_guarded_resume_20260914/ijbc_calibration_epoch14_1000_full/channelwise_calibration1000/ijbc_tar_at_far.csv
channelwise_ijbc96_guarded_resume_20260914,ijbc-IJBC,0.1,98.68,historical_nearest,unknown,unknown,unknown,needs_review,"{""audits"": [{""embedding_nonfinite_rows"": 7931, ""keys"": [""nonfinite_values"", ""embedding_nonfinite_rows"", ""batches"", ""source_images"", ""augmented_embeddings"", ""target"", ""audited_input_rows"", ""audited_output_rows"", ""scope""], ""nonfinite_values"": 20508091907, ""path"": ""work_dirs/channelwise_ijbc96_guarded_resume_20260914/ijbc_calibration_epoch14_1000_full/finite_audit.json""}], ""logs"": [{""nonfinite_augmented_embedding_rows"": [7931], ""path"": ""work_dirs/channelwise_ijbc96_guarded_resume_20260914/calibration1000_eval_step.out""}, {""nonfinite_augmented_embedding_rows"": [110], ""path"": ""work_dirs/channelwise_ijbc96_guarded_resume_20260914/calibration_lr1e4_3000_eval_step.out""}, {""nonfinite_augmented_embedding_rows"": [104], ""path"": ""work_dirs/channelwise_ijbc96_guarded_resume_20260914/calibration_head2000_eval_step.out""}, {""nonfinite_augmented_embedding_rows"": [9712], ""path"": ""work_dirs/channelwise_ijbc96_guarded_resume_20260914/epoch14_eval_step.out""}, {""nonfinite_augmented_embedding_rows"": [0], ""path"": ""work_dirs/channelwise_ijbc96_guarded_resume_20260914/calibration_residual6_eval_step.out""}, {""nonfinite_augmented_embedding_rows"": [0], ""path"": ""work_dirs/channelwise_ijbc96_guarded_resume_20260914/calibration_head_random_eval_step.out""}]}",docs/0915_result/selection_evidence.json,b3b3e645064c9908daf001457c568f17a43bbe1472855cd30b3113527fa81d28,work_dirs/channelwise_ijbc96_guarded_resume_20260914/ijbc_calibration_epoch14_1000_full/channelwise_calibration1000/ijbc_tar_at_far.csv
channelwise_ijbc96_guarded_resume_20260914,ijbc-IJBC,1e-06,86.93,historical_nearest,unknown,unknown,unknown,needs_review,"{""audits"": [{""embedding_nonfinite_rows"": 0, ""keys"": [""nonfinite_values"", ""embedding_nonfinite_rows"", ""batches"", ""source_images"", ""augmented_embeddings"", ""target"", ""audited_input_rows"", ""audited_output_rows"", ""scope""], ""nonfinite_values"": 0, ""path"": ""work_dirs/channelwise_ijbc96_guarded_resume_20260914/ijbc_calibration_epoch14_head_random_full/finite_audit.json""}], ""logs"": [{""nonfinite_augmented_embedding_rows"": [7931], ""path"": ""work_dirs/channelwise_ijbc96_guarded_resume_20260914/calibration1000_eval_step.out""}, {""nonfinite_augmented_embedding_rows"": [110], ""path"": ""work_dirs/channelwise_ijbc96_guarded_resume_20260914/calibration_lr1e4_3000_eval_step.out""}, {""nonfinite_augmented_embedding_rows"": [104], ""path"": ""work_dirs/channelwise_ijbc96_guarded_resume_20260914/calibration_head2000_eval_step.out""}, {""nonfinite_augmented_embedding_rows"": [9712], ""path"": ""work_dirs/channelwise_ijbc96_guarded_resume_20260914/epoch14_eval_step.out""}, {""nonfinite_augmented_embedding_rows"": [0], ""path"": ""work_dirs/channelwise_ijbc96_guarded_resume_20260914/calibration_residual6_eval_step.out""}, {""nonfinite_augmented_embedding_rows"": [0], ""path"": ""work_dirs/channelwise_ijbc96_guarded_resume_20260914/calibration_head_random_eval_step.out""}]}",docs/0915_result/selection_evidence.json,b3b3e645064c9908daf001457c568f17a43bbe1472855cd30b3113527fa81d28,work_dirs/channelwise_ijbc96_guarded_resume_20260914/ijbc_calibration_epoch14_head_random_full/channelwise_head_random/ijbc_tar_at_far.csv
channelwise_ijbc96_guarded_resume_20260914,ijbc-IJBC,1e-05,93.15,historical_nearest,unknown,unknown,unknown,needs_review,"{""audits"": [{""embedding_nonfinite_rows"": 0, ""keys"": [""nonfinite_values"", ""embedding_nonfinite_rows"", ""batches"", ""source_images"", ""augmented_embeddings"", ""target"", ""audited_input_rows"", ""audited_output_rows"", ""scope""], ""nonfinite_values"": 0, ""path"": ""work_dirs/channelwise_ijbc96_guarded_resume_20260914/ijbc_calibration_epoch14_head_random_full/finite_audit.json""}], ""logs"": [{""nonfinite_augmented_embedding_rows"": [7931], ""path"": ""work_dirs/channelwise_ijbc96_guarded_resume_20260914/calibration1000_eval_step.out""}, {""nonfinite_augmented_embedding_rows"": [110], ""path"": ""work_dirs/channelwise_ijbc96_guarded_resume_20260914/calibration_lr1e4_3000_eval_step.out""}, {""nonfinite_augmented_embedding_rows"": [104], ""path"": ""work_dirs/channelwise_ijbc96_guarded_resume_20260914/calibration_head2000_eval_step.out""}, {""nonfinite_augmented_embedding_rows"": [9712], ""path"": ""work_dirs/channelwise_ijbc96_guarded_resume_20260914/epoch14_eval_step.out""}, {""nonfinite_augmented_embedding_rows"": [0], ""path"": ""work_dirs/channelwise_ijbc96_guarded_resume_20260914/calibration_residual6_eval_step.out""}, {""nonfinite_augmented_embedding_rows"": [0], ""path"": ""work_dirs/channelwise_ijbc96_guarded_resume_20260914/calibration_head_random_eval_step.out""}]}",docs/0915_result/selection_evidence.json,b3b3e645064c9908daf001457c568f17a43bbe1472855cd30b3113527fa81d28,work_dirs/channelwise_ijbc96_guarded_resume_20260914/ijbc_calibration_epoch14_head_random_full/channelwise_head_random/ijbc_tar_at_far.csv
channelwise_ijbc96_guarded_resume_20260914,ijbc-IJBC,0.0001,95.77,historical_nearest,unknown,unknown,unknown,needs_review,"{""audits"": [{""embedding_nonfinite_rows"": 0, ""keys"": [""nonfinite_values"", ""embedding_nonfinite_rows"", ""batches"", ""source_images"", ""augmented_embeddings"", ""target"", ""audited_input_rows"", ""audited_output_rows"", ""scope""], ""nonfinite_values"": 0, ""path"": ""work_dirs/channelwise_ijbc96_guarded_resume_20260914/ijbc_calibration_epoch14_head_random_full/finite_audit.json""}], ""logs"": [{""nonfinite_augmented_embedding_rows"": [7931], ""path"": ""work_dirs/channelwise_ijbc96_guarded_resume_20260914/calibration1000_eval_step.out""}, {""nonfinite_augmented_embedding_rows"": [110], ""path"": ""work_dirs/channelwise_ijbc96_guarded_resume_20260914/calibration_lr1e4_3000_eval_step.out""}, {""nonfinite_augmented_embedding_rows"": [104], ""path"": ""work_dirs/channelwise_ijbc96_guarded_resume_20260914/calibration_head2000_eval_step.out""}, {""nonfinite_augmented_embedding_rows"": [9712], ""path"": ""work_dirs/channelwise_ijbc96_guarded_resume_20260914/epoch14_eval_step.out""}, {""nonfinite_augmented_embedding_rows"": [0], ""path"": ""work_dirs/channelwise_ijbc96_guarded_resume_20260914/calibration_residual6_eval_step.out""}, {""nonfinite_augmented_embedding_rows"": [0], ""path"": ""work_dirs/channelwise_ijbc96_guarded_resume_20260914/calibration_head_random_eval_step.out""}]}",docs/0915_result/selection_evidence.json,b3b3e645064c9908daf001457c568f17a43bbe1472855cd30b3113527fa81d28,work_dirs/channelwise_ijbc96_guarded_resume_20260914/ijbc_calibration_epoch14_head_random_full/channelwise_head_random/ijbc_tar_at_far.csv
channelwise_ijbc96_guarded_resume_20260914,ijbc-IJBC,0.001,97.37,historical_nearest,unknown,unknown,unknown,needs_review,"{""audits"": [{""embedding_nonfinite_rows"": 0, ""keys"": [""nonfinite_values"", ""embedding_nonfinite_rows"", ""batches"", ""source_images"", ""augmented_embeddings"", ""target"", ""audited_input_rows"", ""audited_output_rows"", ""scope""], ""nonfinite_values"": 0, ""path"": ""work_dirs/channelwise_ijbc96_guarded_resume_20260914/ijbc_calibration_epoch14_head_random_full/finite_audit.json""}], ""logs"": [{""nonfinite_augmented_embedding_rows"": [7931], ""path"": ""work_dirs/channelwise_ijbc96_guarded_resume_20260914/calibration1000_eval_step.out""}, {""nonfinite_augmented_embedding_rows"": [110], ""path"": ""work_dirs/channelwise_ijbc96_guarded_resume_20260914/calibration_lr1e4_3000_eval_step.out""}, {""nonfinite_augmented_embedding_rows"": [104], ""path"": ""work_dirs/channelwise_ijbc96_guarded_resume_20260914/calibration_head2000_eval_step.out""}, {""nonfinite_augmented_embedding_rows"": [9712], ""path"": ""work_dirs/channelwise_ijbc96_guarded_resume_20260914/epoch14_eval_step.out""}, {""nonfinite_augmented_embedding_rows"": [0], ""path"": ""work_dirs/channelwise_ijbc96_guarded_resume_20260914/calibration_residual6_eval_step.out""}, {""nonfinite_augmented_embedding_rows"": [0], ""path"": ""work_dirs/channelwise_ijbc96_guarded_resume_20260914/calibration_head_random_eval_step.out""}]}",docs/0915_result/selection_evidence.json,b3b3e645064c9908daf001457c568f17a43bbe1472855cd30b3113527fa81d28,work_dirs/channelwise_ijbc96_guarded_resume_20260914/ijbc_calibration_epoch14_head_random_full/channelwise_head_random/ijbc_tar_at_far.csv
channelwise_ijbc96_guarded_resume_20260914,ijbc-IJBC,0.01,98.39,historical_nearest,unknown,unknown,unknown,needs_review,"{""audits"": [{""embedding_nonfinite_rows"": 0, ""keys"": [""nonfinite_values"", ""embedding_nonfinite_rows"", ""batches"", ""source_images"", ""augmented_embeddings"", ""target"", ""audited_input_rows"", ""audited_output_rows"", ""scope""], ""nonfinite_values"": 0, ""path"": ""work_dirs/channelwise_ijbc96_guarded_resume_20260914/ijbc_calibration_epoch14_head_random_full/finite_audit.json""}], ""logs"": [{""nonfinite_augmented_embedding_rows"": [7931], ""path"": ""work_dirs/channelwise_ijbc96_guarded_resume_20260914/calibration1000_eval_step.out""}, {""nonfinite_augmented_embedding_rows"": [110], ""path"": ""work_dirs/channelwise_ijbc96_guarded_resume_20260914/calibration_lr1e4_3000_eval_step.out""}, {""nonfinite_augmented_embedding_rows"": [104], ""path"": ""work_dirs/channelwise_ijbc96_guarded_resume_20260914/calibration_head2000_eval_step.out""}, {""nonfinite_augmented_embedding_rows"": [9712], ""path"": ""work_dirs/channelwise_ijbc96_guarded_resume_20260914/epoch14_eval_step.out""}, {""nonfinite_augmented_embedding_rows"": [0], ""path"": ""work_dirs/channelwise_ijbc96_guarded_resume_20260914/calibration_residual6_eval_step.out""}, {""nonfinite_augmented_embedding_rows"": [0], ""path"": ""work_dirs/channelwise_ijbc96_guarded_resume_20260914/calibration_head_random_eval_step.out""}]}",docs/0915_result/selection_evidence.json,b3b3e645064c9908daf001457c568f17a43bbe1472855cd30b3113527fa81d28,work_dirs/channelwise_ijbc96_guarded_resume_20260914/ijbc_calibration_epoch14_head_random_full/channelwise_head_random/ijbc_tar_at_far.csv
channelwise_ijbc96_guarded_resume_20260914,ijbc-IJBC,0.1,99.04,historical_nearest,unknown,unknown,unknown,needs_review,"{""audits"": [{""embedding_nonfinite_rows"": 0, ""keys"": [""nonfinite_values"", ""embedding_nonfinite_rows"", ""batches"", ""source_images"", ""augmented_embeddings"", ""target"", ""audited_input_rows"", ""audited_output_rows"", ""scope""], ""nonfinite_values"": 0, ""path"": ""work_dirs/channelwise_ijbc96_guarded_resume_20260914/ijbc_calibration_epoch14_head_random_full/finite_audit.json""}], ""logs"": [{""nonfinite_augmented_embedding_rows"": [7931], ""path"": ""work_dirs/channelwise_ijbc96_guarded_resume_20260914/calibration1000_eval_step.out""}, {""nonfinite_augmented_embedding_rows"": [110], ""path"": ""work_dirs/channelwise_ijbc96_guarded_resume_20260914/calibration_lr1e4_3000_eval_step.out""}, {""nonfinite_augmented_embedding_rows"": [104], ""path"": ""work_dirs/channelwise_ijbc96_guarded_resume_20260914/calibration_head2000_eval_step.out""}, {""nonfinite_augmented_embedding_rows"": [9712], ""path"": ""work_dirs/channelwise_ijbc96_guarded_resume_20260914/epoch14_eval_step.out""}, {""nonfinite_augmented_embedding_rows"": [0], ""path"": ""work_dirs/channelwise_ijbc96_guarded_resume_20260914/calibration_residual6_eval_step.out""}, {""nonfinite_augmented_embedding_rows"": [0], ""path"": ""work_dirs/channelwise_ijbc96_guarded_resume_20260914/calibration_head_random_eval_step.out""}]}",docs/0915_result/selection_evidence.json,b3b3e645064c9908daf001457c568f17a43bbe1472855cd30b3113527fa81d28,work_dirs/channelwise_ijbc96_guarded_resume_20260914/ijbc_calibration_epoch14_head_random_full/channelwise_head_random/ijbc_tar_at_far.csv
channelwise_ijbc96_guarded_resume_20260914,ijbc-IJBC,1e-06,89.36,historical_nearest,unknown,unknown,unknown,needs_review,"{""audits"": [{""embedding_nonfinite_rows"": 104, ""keys"": [""nonfinite_values"", ""embedding_nonfinite_rows"", ""batches"", ""source_images"", ""augmented_embeddings"", ""target"", ""audited_input_rows"", ""audited_output_rows"", ""scope""], ""nonfinite_values"": 249055795, ""path"": ""work_dirs/channelwise_ijbc96_guarded_resume_20260914/ijbc_calibration_epoch14_head2000_full/finite_audit.json""}], ""logs"": [{""nonfinite_augmented_embedding_rows"": [7931], ""path"": ""work_dirs/channelwise_ijbc96_guarded_resume_20260914/calibration1000_eval_step.out""}, {""nonfinite_augmented_embedding_rows"": [110], ""path"": ""work_dirs/channelwise_ijbc96_guarded_resume_20260914/calibration_lr1e4_3000_eval_step.out""}, {""nonfinite_augmented_embedding_rows"": [104], ""path"": ""work_dirs/channelwise_ijbc96_guarded_resume_20260914/calibration_head2000_eval_step.out""}, {""nonfinite_augmented_embedding_rows"": [9712], ""path"": ""work_dirs/channelwise_ijbc96_guarded_resume_20260914/epoch14_eval_step.out""}, {""nonfinite_augmented_embedding_rows"": [0], ""path"": ""work_dirs/channelwise_ijbc96_guarded_resume_20260914/calibration_residual6_eval_step.out""}, {""nonfinite_augmented_embedding_rows"": [0], ""path"": ""work_dirs/channelwise_ijbc96_guarded_resume_20260914/calibration_head_random_eval_step.out""}]}",docs/0915_result/selection_evidence.json,b3b3e645064c9908daf001457c568f17a43bbe1472855cd30b3113527fa81d28,work_dirs/channelwise_ijbc96_guarded_resume_20260914/ijbc_calibration_epoch14_head2000_full/channelwise_head2000/ijbc_tar_at_far.csv
channelwise_ijbc96_guarded_resume_20260914,ijbc-IJBC,1e-05,93.74,historical_nearest,unknown,unknown,unknown,needs_review,"{""audits"": [{""embedding_nonfinite_rows"": 104, ""keys"": [""nonfinite_values"", ""embedding_nonfinite_rows"", ""batches"", ""source_images"", ""augmented_embeddings"", ""target"", ""audited_input_rows"", ""audited_output_rows"", ""scope""], ""nonfinite_values"": 249055795, ""path"": ""work_dirs/channelwise_ijbc96_guarded_resume_20260914/ijbc_calibration_epoch14_head2000_full/finite_audit.json""}], ""logs"": [{""nonfinite_augmented_embedding_rows"": [7931], ""path"": ""work_dirs/channelwise_ijbc96_guarded_resume_20260914/calibration1000_eval_step.out""}, {""nonfinite_augmented_embedding_rows"": [110], ""path"": ""work_dirs/channelwise_ijbc96_guarded_resume_20260914/calibration_lr1e4_3000_eval_step.out""}, {""nonfinite_augmented_embedding_rows"": [104], ""path"": ""work_dirs/channelwise_ijbc96_guarded_resume_20260914/calibration_head2000_eval_step.out""}, {""nonfinite_augmented_embedding_rows"": [9712], ""path"": ""work_dirs/channelwise_ijbc96_guarded_resume_20260914/epoch14_eval_step.out""}, {""nonfinite_augmented_embedding_rows"": [0], ""path"": ""work_dirs/channelwise_ijbc96_guarded_resume_20260914/calibration_residual6_eval_step.out""}, {""nonfinite_augmented_embedding_rows"": [0], ""path"": ""work_dirs/channelwise_ijbc96_guarded_resume_20260914/calibration_head_random_eval_step.out""}]}",docs/0915_result/selection_evidence.json,b3b3e645064c9908daf001457c568f17a43bbe1472855cd30b3113527fa81d28,work_dirs/channelwise_ijbc96_guarded_resume_20260914/ijbc_calibration_epoch14_head2000_full/channelwise_head2000/ijbc_tar_at_far.csv
channelwise_ijbc96_guarded_resume_20260914,ijbc-IJBC,0.0001,95.91,historical_nearest,unknown,unknown,unknown,needs_review,"{""audits"": [{""embedding_nonfinite_rows"": 104, ""keys"": [""nonfinite_values"", ""embedding_nonfinite_rows"", ""batches"", ""source_images"", ""augmented_embeddings"", ""target"", ""audited_input_rows"", ""audited_output_rows"", ""scope""], ""nonfinite_values"": 249055795, ""path"": ""work_dirs/channelwise_ijbc96_guarded_resume_20260914/ijbc_calibration_epoch14_head2000_full/finite_audit.json""}], ""logs"": [{""nonfinite_augmented_embedding_rows"": [7931], ""path"": ""work_dirs/channelwise_ijbc96_guarded_resume_20260914/calibration1000_eval_step.out""}, {""nonfinite_augmented_embedding_rows"": [110], ""path"": ""work_dirs/channelwise_ijbc96_guarded_resume_20260914/calibration_lr1e4_3000_eval_step.out""}, {""nonfinite_augmented_embedding_rows"": [104], ""path"": ""work_dirs/channelwise_ijbc96_guarded_resume_20260914/calibration_head2000_eval_step.out""}, {""nonfinite_augmented_embedding_rows"": [9712], ""path"": ""work_dirs/channelwise_ijbc96_guarded_resume_20260914/epoch14_eval_step.out""}, {""nonfinite_augmented_embedding_rows"": [0], ""path"": ""work_dirs/channelwise_ijbc96_guarded_resume_20260914/calibration_residual6_eval_step.out""}, {""nonfinite_augmented_embedding_rows"": [0], ""path"": ""work_dirs/channelwise_ijbc96_guarded_resume_20260914/calibration_head_random_eval_step.out""}]}",docs/0915_result/selection_evidence.json,b3b3e645064c9908daf001457c568f17a43bbe1472855cd30b3113527fa81d28,work_dirs/channelwise_ijbc96_guarded_resume_20260914/ijbc_calibration_epoch14_head2000_full/channelwise_head2000/ijbc_tar_at_far.csv
channelwise_ijbc96_guarded_resume_20260914,ijbc-IJBC,0.001,97.4,historical_nearest,unknown,unknown,unknown,needs_review,"{""audits"": [{""embedding_nonfinite_rows"": 104, ""keys"": [""nonfinite_values"", ""embedding_nonfinite_rows"", ""batches"", ""source_images"", ""augmented_embeddings"", ""target"", ""audited_input_rows"", ""audited_output_rows"", ""scope""], ""nonfinite_values"": 249055795, ""path"": ""work_dirs/channelwise_ijbc96_guarded_resume_20260914/ijbc_calibration_epoch14_head2000_full/finite_audit.json""}], ""logs"": [{""nonfinite_augmented_embedding_rows"": [7931], ""path"": ""work_dirs/channelwise_ijbc96_guarded_resume_20260914/calibration1000_eval_step.out""}, {""nonfinite_augmented_embedding_rows"": [110], ""path"": ""work_dirs/channelwise_ijbc96_guarded_resume_20260914/calibration_lr1e4_3000_eval_step.out""}, {""nonfinite_augmented_embedding_rows"": [104], ""path"": ""work_dirs/channelwise_ijbc96_guarded_resume_20260914/calibration_head2000_eval_step.out""}, {""nonfinite_augmented_embedding_rows"": [9712], ""path"": ""work_dirs/channelwise_ijbc96_guarded_resume_20260914/epoch14_eval_step.out""}, {""nonfinite_augmented_embedding_rows"": [0], ""path"": ""work_dirs/channelwise_ijbc96_guarded_resume_20260914/calibration_residual6_eval_step.out""}, {""nonfinite_augmented_embedding_rows"": [0], ""path"": ""work_dirs/channelwise_ijbc96_guarded_resume_20260914/calibration_head_random_eval_step.out""}]}",docs/0915_result/selection_evidence.json,b3b3e645064c9908daf001457c568f17a43bbe1472855cd30b3113527fa81d28,work_dirs/channelwise_ijbc96_guarded_resume_20260914/ijbc_calibration_epoch14_head2000_full/channelwise_head2000/ijbc_tar_at_far.csv
channelwise_ijbc96_guarded_resume_20260914,ijbc-IJBC,0.01,98.41,historical_nearest,unknown,unknown,unknown,needs_review,"{""audits"": [{""embedding_nonfinite_rows"": 104, ""keys"": [""nonfinite_values"", ""embedding_nonfinite_rows"", ""batches"", ""source_images"", ""augmented_embeddings"", ""target"", ""audited_input_rows"", ""audited_output_rows"", ""scope""], ""nonfinite_values"": 249055795, ""path"": ""work_dirs/channelwise_ijbc96_guarded_resume_20260914/ijbc_calibration_epoch14_head2000_full/finite_audit.json""}], ""logs"": [{""nonfinite_augmented_embedding_rows"": [7931], ""path"": ""work_dirs/channelwise_ijbc96_guarded_resume_20260914/calibration1000_eval_step.out""}, {""nonfinite_augmented_embedding_rows"": [110], ""path"": ""work_dirs/channelwise_ijbc96_guarded_resume_20260914/calibration_lr1e4_3000_eval_step.out""}, {""nonfinite_augmented_embedding_rows"": [104], ""path"": ""work_dirs/channelwise_ijbc96_guarded_resume_20260914/calibration_head2000_eval_step.out""}, {""nonfinite_augmented_embedding_rows"": [9712], ""path"": ""work_dirs/channelwise_ijbc96_guarded_resume_20260914/epoch14_eval_step.out""}, {""nonfinite_augmented_embedding_rows"": [0], ""path"": ""work_dirs/channelwise_ijbc96_guarded_resume_20260914/calibration_residual6_eval_step.out""}, {""nonfinite_augmented_embedding_rows"": [0], ""path"": ""work_dirs/channelwise_ijbc96_guarded_resume_20260914/calibration_head_random_eval_step.out""}]}",docs/0915_result/selection_evidence.json,b3b3e645064c9908daf001457c568f17a43bbe1472855cd30b3113527fa81d28,work_dirs/channelwise_ijbc96_guarded_resume_20260914/ijbc_calibration_epoch14_head2000_full/channelwise_head2000/ijbc_tar_at_far.csv
channelwise_ijbc96_guarded_resume_20260914,ijbc-IJBC,0.1,99.03,historical_nearest,unknown,unknown,unknown,needs_review,"{""audits"": [{""embedding_nonfinite_rows"": 104, ""keys"": [""nonfinite_values"", ""embedding_nonfinite_rows"", ""batches"", ""source_images"", ""augmented_embeddings"", ""target"", ""audited_input_rows"", ""audited_output_rows"", ""scope""], ""nonfinite_values"": 249055795, ""path"": ""work_dirs/channelwise_ijbc96_guarded_resume_20260914/ijbc_calibration_epoch14_head2000_full/finite_audit.json""}], ""logs"": [{""nonfinite_augmented_embedding_rows"": [7931], ""path"": ""work_dirs/channelwise_ijbc96_guarded_resume_20260914/calibration1000_eval_step.out""}, {""nonfinite_augmented_embedding_rows"": [110], ""path"": ""work_dirs/channelwise_ijbc96_guarded_resume_20260914/calibration_lr1e4_3000_eval_step.out""}, {""nonfinite_augmented_embedding_rows"": [104], ""path"": ""work_dirs/channelwise_ijbc96_guarded_resume_20260914/calibration_head2000_eval_step.out""}, {""nonfinite_augmented_embedding_rows"": [9712], ""path"": ""work_dirs/channelwise_ijbc96_guarded_resume_20260914/epoch14_eval_step.out""}, {""nonfinite_augmented_embedding_rows"": [0], ""path"": ""work_dirs/channelwise_ijbc96_guarded_resume_20260914/calibration_residual6_eval_step.out""}, {""nonfinite_augmented_embedding_rows"": [0], ""path"": ""work_dirs/channelwise_ijbc96_guarded_resume_20260914/calibration_head_random_eval_step.out""}]}",docs/0915_result/selection_evidence.json,b3b3e645064c9908daf001457c568f17a43bbe1472855cd30b3113527fa81d28,work_dirs/channelwise_ijbc96_guarded_resume_20260914/ijbc_calibration_epoch14_head2000_full/channelwise_head2000/ijbc_tar_at_far.csv
channelwise_ijbc96_guarded_resume_20260914,ijbc-IJBC,1e-06,88.73,historical_nearest,unknown,unknown,unknown,needs_review,"{""audits"": [{""embedding_nonfinite_rows"": 110, ""keys"": [""nonfinite_values"", ""embedding_nonfinite_rows"", ""batches"", ""source_images"", ""augmented_embeddings"", ""target"", ""audited_input_rows"", ""audited_output_rows"", ""scope""], ""nonfinite_values"": 271960897, ""path"": ""work_dirs/channelwise_ijbc96_guarded_resume_20260914/ijbc_calibration_epoch14_lr1e4_3000_full/finite_audit.json""}], ""logs"": [{""nonfinite_augmented_embedding_rows"": [7931], ""path"": ""work_dirs/channelwise_ijbc96_guarded_resume_20260914/calibration1000_eval_step.out""}, {""nonfinite_augmented_embedding_rows"": [110], ""path"": ""work_dirs/channelwise_ijbc96_guarded_resume_20260914/calibration_lr1e4_3000_eval_step.out""}, {""nonfinite_augmented_embedding_rows"": [104], ""path"": ""work_dirs/channelwise_ijbc96_guarded_resume_20260914/calibration_head2000_eval_step.out""}, {""nonfinite_augmented_embedding_rows"": [9712], ""path"": ""work_dirs/channelwise_ijbc96_guarded_resume_20260914/epoch14_eval_step.out""}, {""nonfinite_augmented_embedding_rows"": [0], ""path"": ""work_dirs/channelwise_ijbc96_guarded_resume_20260914/calibration_residual6_eval_step.out""}, {""nonfinite_augmented_embedding_rows"": [0], ""path"": ""work_dirs/channelwise_ijbc96_guarded_resume_20260914/calibration_head_random_eval_step.out""}]}",docs/0915_result/selection_evidence.json,b3b3e645064c9908daf001457c568f17a43bbe1472855cd30b3113527fa81d28,work_dirs/channelwise_ijbc96_guarded_resume_20260914/ijbc_calibration_epoch14_lr1e4_3000_full/channelwise_calibration_lr1e4_3000/ijbc_tar_at_far.csv
channelwise_ijbc96_guarded_resume_20260914,ijbc-IJBC,1e-05,93.36,historical_nearest,unknown,unknown,unknown,needs_review,"{""audits"": [{""embedding_nonfinite_rows"": 110, ""keys"": [""nonfinite_values"", ""embedding_nonfinite_rows"", ""batches"", ""source_images"", ""augmented_embeddings"", ""target"", ""audited_input_rows"", ""audited_output_rows"", ""scope""], ""nonfinite_values"": 271960897, ""path"": ""work_dirs/channelwise_ijbc96_guarded_resume_20260914/ijbc_calibration_epoch14_lr1e4_3000_full/finite_audit.json""}], ""logs"": [{""nonfinite_augmented_embedding_rows"": [7931], ""path"": ""work_dirs/channelwise_ijbc96_guarded_resume_20260914/calibration1000_eval_step.out""}, {""nonfinite_augmented_embedding_rows"": [110], ""path"": ""work_dirs/channelwise_ijbc96_guarded_resume_20260914/calibration_lr1e4_3000_eval_step.out""}, {""nonfinite_augmented_embedding_rows"": [104], ""path"": ""work_dirs/channelwise_ijbc96_guarded_resume_20260914/calibration_head2000_eval_step.out""}, {""nonfinite_augmented_embedding_rows"": [9712], ""path"": ""work_dirs/channelwise_ijbc96_guarded_resume_20260914/epoch14_eval_step.out""}, {""nonfinite_augmented_embedding_rows"": [0], ""path"": ""work_dirs/channelwise_ijbc96_guarded_resume_20260914/calibration_residual6_eval_step.out""}, {""nonfinite_augmented_embedding_rows"": [0], ""path"": ""work_dirs/channelwise_ijbc96_guarded_resume_20260914/calibration_head_random_eval_step.out""}]}",docs/0915_result/selection_evidence.json,b3b3e645064c9908daf001457c568f17a43bbe1472855cd30b3113527fa81d28,work_dirs/channelwise_ijbc96_guarded_resume_20260914/ijbc_calibration_epoch14_lr1e4_3000_full/channelwise_calibration_lr1e4_3000/ijbc_tar_at_far.csv
channelwise_ijbc96_guarded_resume_20260914,ijbc-IJBC,0.0001,95.71,historical_nearest,unknown,unknown,unknown,needs_review,"{""audits"": [{""embedding_nonfinite_rows"": 110, ""keys"": [""nonfinite_values"", ""embedding_nonfinite_rows"", ""batches"", ""source_images"", ""augmented_embeddings"", ""target"", ""audited_input_rows"", ""audited_output_rows"", ""scope""], ""nonfinite_values"": 271960897, ""path"": ""work_dirs/channelwise_ijbc96_guarded_resume_20260914/ijbc_calibration_epoch14_lr1e4_3000_full/finite_audit.json""}], ""logs"": [{""nonfinite_augmented_embedding_rows"": [7931], ""path"": ""work_dirs/channelwise_ijbc96_guarded_resume_20260914/calibration1000_eval_step.out""}, {""nonfinite_augmented_embedding_rows"": [110], ""path"": ""work_dirs/channelwise_ijbc96_guarded_resume_20260914/calibration_lr1e4_3000_eval_step.out""}, {""nonfinite_augmented_embedding_rows"": [104], ""path"": ""work_dirs/channelwise_ijbc96_guarded_resume_20260914/calibration_head2000_eval_step.out""}, {""nonfinite_augmented_embedding_rows"": [9712], ""path"": ""work_dirs/channelwise_ijbc96_guarded_resume_20260914/epoch14_eval_step.out""}, {""nonfinite_augmented_embedding_rows"": [0], ""path"": ""work_dirs/channelwise_ijbc96_guarded_resume_20260914/calibration_residual6_eval_step.out""}, {""nonfinite_augmented_embedding_rows"": [0], ""path"": ""work_dirs/channelwise_ijbc96_guarded_resume_20260914/calibration_head_random_eval_step.out""}]}",docs/0915_result/selection_evidence.json,b3b3e645064c9908daf001457c568f17a43bbe1472855cd30b3113527fa81d28,work_dirs/channelwise_ijbc96_guarded_resume_20260914/ijbc_calibration_epoch14_lr1e4_3000_full/channelwise_calibration_lr1e4_3000/ijbc_tar_at_far.csv
channelwise_ijbc96_guarded_resume_20260914,ijbc-IJBC,0.001,97.23,historical_nearest,unknown,unknown,unknown,needs_review,"{""audits"": [{""embedding_nonfinite_rows"": 110, ""keys"": [""nonfinite_values"", ""embedding_nonfinite_rows"", ""batches"", ""source_images"", ""augmented_embeddings"", ""target"", ""audited_input_rows"", ""audited_output_rows"", ""scope""], ""nonfinite_values"": 271960897, ""path"": ""work_dirs/channelwise_ijbc96_guarded_resume_20260914/ijbc_calibration_epoch14_lr1e4_3000_full/finite_audit.json""}], ""logs"": [{""nonfinite_augmented_embedding_rows"": [7931], ""path"": ""work_dirs/channelwise_ijbc96_guarded_resume_20260914/calibration1000_eval_step.out""}, {""nonfinite_augmented_embedding_rows"": [110], ""path"": ""work_dirs/channelwise_ijbc96_guarded_resume_20260914/calibration_lr1e4_3000_eval_step.out""}, {""nonfinite_augmented_embedding_rows"": [104], ""path"": ""work_dirs/channelwise_ijbc96_guarded_resume_20260914/calibration_head2000_eval_step.out""}, {""nonfinite_augmented_embedding_rows"": [9712], ""path"": ""work_dirs/channelwise_ijbc96_guarded_resume_20260914/epoch14_eval_step.out""}, {""nonfinite_augmented_embedding_rows"": [0], ""path"": ""work_dirs/channelwise_ijbc96_guarded_resume_20260914/calibration_residual6_eval_step.out""}, {""nonfinite_augmented_embedding_rows"": [0], ""path"": ""work_dirs/channelwise_ijbc96_guarded_resume_20260914/calibration_head_random_eval_step.out""}]}",docs/0915_result/selection_evidence.json,b3b3e645064c9908daf001457c568f17a43bbe1472855cd30b3113527fa81d28,work_dirs/channelwise_ijbc96_guarded_resume_20260914/ijbc_calibration_epoch14_lr1e4_3000_full/channelwise_calibration_lr1e4_3000/ijbc_tar_at_far.csv
channelwise_ijbc96_guarded_resume_20260914,ijbc-IJBC,0.01,98.35,historical_nearest,unknown,unknown,unknown,needs_review,"{""audits"": [{""embedding_nonfinite_rows"": 110, ""keys"": [""nonfinite_values"", ""embedding_nonfinite_rows"", ""batches"", ""source_images"", ""augmented_embeddings"", ""target"", ""audited_input_rows"", ""audited_output_rows"", ""scope""], ""nonfinite_values"": 271960897, ""path"": ""work_dirs/channelwise_ijbc96_guarded_resume_20260914/ijbc_calibration_epoch14_lr1e4_3000_full/finite_audit.json""}], ""logs"": [{""nonfinite_augmented_embedding_rows"": [7931], ""path"": ""work_dirs/channelwise_ijbc96_guarded_resume_20260914/calibration1000_eval_step.out""}, {""nonfinite_augmented_embedding_rows"": [110], ""path"": ""work_dirs/channelwise_ijbc96_guarded_resume_20260914/calibration_lr1e4_3000_eval_step.out""}, {""nonfinite_augmented_embedding_rows"": [104], ""path"": ""work_dirs/channelwise_ijbc96_guarded_resume_20260914/calibration_head2000_eval_step.out""}, {""nonfinite_augmented_embedding_rows"": [9712], ""path"": ""work_dirs/channelwise_ijbc96_guarded_resume_20260914/epoch14_eval_step.out""}, {""nonfinite_augmented_embedding_rows"": [0], ""path"": ""work_dirs/channelwise_ijbc96_guarded_resume_20260914/calibration_residual6_eval_step.out""}, {""nonfinite_augmented_embedding_rows"": [0], ""path"": ""work_dirs/channelwise_ijbc96_guarded_resume_20260914/calibration_head_random_eval_step.out""}]}",docs/0915_result/selection_evidence.json,b3b3e645064c9908daf001457c568f17a43bbe1472855cd30b3113527fa81d28,work_dirs/channelwise_ijbc96_guarded_resume_20260914/ijbc_calibration_epoch14_lr1e4_3000_full/channelwise_calibration_lr1e4_3000/ijbc_tar_at_far.csv
channelwise_ijbc96_guarded_resume_20260914,ijbc-IJBC,0.1,99.0,historical_nearest,unknown,unknown,unknown,needs_review,"{""audits"": [{""embedding_nonfinite_rows"": 110, ""keys"": [""nonfinite_values"", ""embedding_nonfinite_rows"", ""batches"", ""source_images"", ""augmented_embeddings"", ""target"", ""audited_input_rows"", ""audited_output_rows"", ""scope""], ""nonfinite_values"": 271960897, ""path"": ""work_dirs/channelwise_ijbc96_guarded_resume_20260914/ijbc_calibration_epoch14_lr1e4_3000_full/finite_audit.json""}], ""logs"": [{""nonfinite_augmented_embedding_rows"": [7931], ""path"": ""work_dirs/channelwise_ijbc96_guarded_resume_20260914/calibration1000_eval_step.out""}, {""nonfinite_augmented_embedding_rows"": [110], ""path"": ""work_dirs/channelwise_ijbc96_guarded_resume_20260914/calibration_lr1e4_3000_eval_step.out""}, {""nonfinite_augmented_embedding_rows"": [104], ""path"": ""work_dirs/channelwise_ijbc96_guarded_resume_20260914/calibration_head2000_eval_step.out""}, {""nonfinite_augmented_embedding_rows"": [9712], ""path"": ""work_dirs/channelwise_ijbc96_guarded_resume_20260914/epoch14_eval_step.out""}, {""nonfinite_augmented_embedding_rows"": [0], ""path"": ""work_dirs/channelwise_ijbc96_guarded_resume_20260914/calibration_residual6_eval_step.out""}, {""nonfinite_augmented_embedding_rows"": [0], ""path"": ""work_dirs/channelwise_ijbc96_guarded_resume_20260914/calibration_head_random_eval_step.out""}]}",docs/0915_result/selection_evidence.json,b3b3e645064c9908daf001457c568f17a43bbe1472855cd30b3113527fa81d28,work_dirs/channelwise_ijbc96_guarded_resume_20260914/ijbc_calibration_epoch14_lr1e4_3000_full/channelwise_calibration_lr1e4_3000/ijbc_tar_at_far.csv
channelwise_ijbc96_guarded_resume_20260914,ijbc-IJBC,1e-06,90.26,historical_nearest,unknown,unknown,unknown,needs_review,"{""audits"": [{""embedding_nonfinite_rows"": 9712, ""keys"": [""nonfinite_values"", ""embedding_nonfinite_rows"", ""batches"", ""source_images"", ""augmented_embeddings"", ""target"", ""audited_input_rows"", ""audited_output_rows"", ""scope""], ""nonfinite_values"": 50205765744, ""path"": ""work_dirs/channelwise_ijbc96_guarded_resume_20260914/ijbc_epoch14/finite_audit.json""}], ""logs"": [{""nonfinite_augmented_embedding_rows"": [7931], ""path"": ""work_dirs/channelwise_ijbc96_guarded_resume_20260914/calibration1000_eval_step.out""}, {""nonfinite_augmented_embedding_rows"": [110], ""path"": ""work_dirs/channelwise_ijbc96_guarded_resume_20260914/calibration_lr1e4_3000_eval_step.out""}, {""nonfinite_augmented_embedding_rows"": [104], ""path"": ""work_dirs/channelwise_ijbc96_guarded_resume_20260914/calibration_head2000_eval_step.out""}, {""nonfinite_augmented_embedding_rows"": [9712], ""path"": ""work_dirs/channelwise_ijbc96_guarded_resume_20260914/epoch14_eval_step.out""}, {""nonfinite_augmented_embedding_rows"": [0], ""path"": ""work_dirs/channelwise_ijbc96_guarded_resume_20260914/calibration_residual6_eval_step.out""}, {""nonfinite_augmented_embedding_rows"": [0], ""path"": ""work_dirs/channelwise_ijbc96_guarded_resume_20260914/calibration_head_random_eval_step.out""}]}",docs/0915_result/selection_evidence.json,b3b3e645064c9908daf001457c568f17a43bbe1472855cd30b3113527fa81d28,work_dirs/channelwise_ijbc96_guarded_resume_20260914/ijbc_epoch14/channelwise_epoch14/ijbc_tar_at_far.csv
channelwise_ijbc96_guarded_resume_20260914,ijbc-IJBC,1e-05,93.57,historical_nearest,unknown,unknown,unknown,needs_review,"{""audits"": [{""embedding_nonfinite_rows"": 9712, ""keys"": [""nonfinite_values"", ""embedding_nonfinite_rows"", ""batches"", ""source_images"", ""augmented_embeddings"", ""target"", ""audited_input_rows"", ""audited_output_rows"", ""scope""], ""nonfinite_values"": 50205765744, ""path"": ""work_dirs/channelwise_ijbc96_guarded_resume_20260914/ijbc_epoch14/finite_audit.json""}], ""logs"": [{""nonfinite_augmented_embedding_rows"": [7931], ""path"": ""work_dirs/channelwise_ijbc96_guarded_resume_20260914/calibration1000_eval_step.out""}, {""nonfinite_augmented_embedding_rows"": [110], ""path"": ""work_dirs/channelwise_ijbc96_guarded_resume_20260914/calibration_lr1e4_3000_eval_step.out""}, {""nonfinite_augmented_embedding_rows"": [104], ""path"": ""work_dirs/channelwise_ijbc96_guarded_resume_20260914/calibration_head2000_eval_step.out""}, {""nonfinite_augmented_embedding_rows"": [9712], ""path"": ""work_dirs/channelwise_ijbc96_guarded_resume_20260914/epoch14_eval_step.out""}, {""nonfinite_augmented_embedding_rows"": [0], ""path"": ""work_dirs/channelwise_ijbc96_guarded_resume_20260914/calibration_residual6_eval_step.out""}, {""nonfinite_augmented_embedding_rows"": [0], ""path"": ""work_dirs/channelwise_ijbc96_guarded_resume_20260914/calibration_head_random_eval_step.out""}]}",docs/0915_result/selection_evidence.json,b3b3e645064c9908daf001457c568f17a43bbe1472855cd30b3113527fa81d28,work_dirs/channelwise_ijbc96_guarded_resume_20260914/ijbc_epoch14/channelwise_epoch14/ijbc_tar_at_far.csv
channelwise_ijbc96_guarded_resume_20260914,ijbc-IJBC,0.0001,95.54,historical_nearest,unknown,unknown,unknown,needs_review,"{""audits"": [{""embedding_nonfinite_rows"": 9712, ""keys"": [""nonfinite_values"", ""embedding_nonfinite_rows"", ""batches"", ""source_images"", ""augmented_embeddings"", ""target"", ""audited_input_rows"", ""audited_output_rows"", ""scope""], ""nonfinite_values"": 50205765744, ""path"": ""work_dirs/channelwise_ijbc96_guarded_resume_20260914/ijbc_epoch14/finite_audit.json""}], ""logs"": [{""nonfinite_augmented_embedding_rows"": [7931], ""path"": ""work_dirs/channelwise_ijbc96_guarded_resume_20260914/calibration1000_eval_step.out""}, {""nonfinite_augmented_embedding_rows"": [110], ""path"": ""work_dirs/channelwise_ijbc96_guarded_resume_20260914/calibration_lr1e4_3000_eval_step.out""}, {""nonfinite_augmented_embedding_rows"": [104], ""path"": ""work_dirs/channelwise_ijbc96_guarded_resume_20260914/calibration_head2000_eval_step.out""}, {""nonfinite_augmented_embedding_rows"": [9712], ""path"": ""work_dirs/channelwise_ijbc96_guarded_resume_20260914/epoch14_eval_step.out""}, {""nonfinite_augmented_embedding_rows"": [0], ""path"": ""work_dirs/channelwise_ijbc96_guarded_resume_20260914/calibration_residual6_eval_step.out""}, {""nonfinite_augmented_embedding_rows"": [0], ""path"": ""work_dirs/channelwise_ijbc96_guarded_resume_20260914/calibration_head_random_eval_step.out""}]}",docs/0915_result/selection_evidence.json,b3b3e645064c9908daf001457c568f17a43bbe1472855cd30b3113527fa81d28,work_dirs/channelwise_ijbc96_guarded_resume_20260914/ijbc_epoch14/channelwise_epoch14/ijbc_tar_at_far.csv
channelwise_ijbc96_guarded_resume_20260914,ijbc-IJBC,0.001,96.96,historical_nearest,unknown,unknown,unknown,needs_review,"{""audits"": [{""embedding_nonfinite_rows"": 9712, ""keys"": [""nonfinite_values"", ""embedding_nonfinite_rows"", ""batches"", ""source_images"", ""augmented_embeddings"", ""target"", ""audited_input_rows"", ""audited_output_rows"", ""scope""], ""nonfinite_values"": 50205765744, ""path"": ""work_dirs/channelwise_ijbc96_guarded_resume_20260914/ijbc_epoch14/finite_audit.json""}], ""logs"": [{""nonfinite_augmented_embedding_rows"": [7931], ""path"": ""work_dirs/channelwise_ijbc96_guarded_resume_20260914/calibration1000_eval_step.out""}, {""nonfinite_augmented_embedding_rows"": [110], ""path"": ""work_dirs/channelwise_ijbc96_guarded_resume_20260914/calibration_lr1e4_3000_eval_step.out""}, {""nonfinite_augmented_embedding_rows"": [104], ""path"": ""work_dirs/channelwise_ijbc96_guarded_resume_20260914/calibration_head2000_eval_step.out""}, {""nonfinite_augmented_embedding_rows"": [9712], ""path"": ""work_dirs/channelwise_ijbc96_guarded_resume_20260914/epoch14_eval_step.out""}, {""nonfinite_augmented_embedding_rows"": [0], ""path"": ""work_dirs/channelwise_ijbc96_guarded_resume_20260914/calibration_residual6_eval_step.out""}, {""nonfinite_augmented_embedding_rows"": [0], ""path"": ""work_dirs/channelwise_ijbc96_guarded_resume_20260914/calibration_head_random_eval_step.out""}]}",docs/0915_result/selection_evidence.json,b3b3e645064c9908daf001457c568f17a43bbe1472855cd30b3113527fa81d28,work_dirs/channelwise_ijbc96_guarded_resume_20260914/ijbc_epoch14/channelwise_epoch14/ijbc_tar_at_far.csv
channelwise_ijbc96_guarded_resume_20260914,ijbc-IJBC,0.01,97.92,historical_nearest,unknown,unknown,unknown,needs_review,"{""audits"": [{""embedding_nonfinite_rows"": 9712, ""keys"": [""nonfinite_values"", ""embedding_nonfinite_rows"", ""batches"", ""source_images"", ""augmented_embeddings"", ""target"", ""audited_input_rows"", ""audited_output_rows"", ""scope""], ""nonfinite_values"": 50205765744, ""path"": ""work_dirs/channelwise_ijbc96_guarded_resume_20260914/ijbc_epoch14/finite_audit.json""}], ""logs"": [{""nonfinite_augmented_embedding_rows"": [7931], ""path"": ""work_dirs/channelwise_ijbc96_guarded_resume_20260914/calibration1000_eval_step.out""}, {""nonfinite_augmented_embedding_rows"": [110], ""path"": ""work_dirs/channelwise_ijbc96_guarded_resume_20260914/calibration_lr1e4_3000_eval_step.out""}, {""nonfinite_augmented_embedding_rows"": [104], ""path"": ""work_dirs/channelwise_ijbc96_guarded_resume_20260914/calibration_head2000_eval_step.out""}, {""nonfinite_augmented_embedding_rows"": [9712], ""path"": ""work_dirs/channelwise_ijbc96_guarded_resume_20260914/epoch14_eval_step.out""}, {""nonfinite_augmented_embedding_rows"": [0], ""path"": ""work_dirs/channelwise_ijbc96_guarded_resume_20260914/calibration_residual6_eval_step.out""}, {""nonfinite_augmented_embedding_rows"": [0], ""path"": ""work_dirs/channelwise_ijbc96_guarded_resume_20260914/calibration_head_random_eval_step.out""}]}",docs/0915_result/selection_evidence.json,b3b3e645064c9908daf001457c568f17a43bbe1472855cd30b3113527fa81d28,work_dirs/channelwise_ijbc96_guarded_resume_20260914/ijbc_epoch14/channelwise_epoch14/ijbc_tar_at_far.csv
channelwise_ijbc96_guarded_resume_20260914,ijbc-IJBC,0.1,98.57,historical_nearest,unknown,unknown,unknown,needs_review,"{""audits"": [{""embedding_nonfinite_rows"": 9712, ""keys"": [""nonfinite_values"", ""embedding_nonfinite_rows"", ""batches"", ""source_images"", ""augmented_embeddings"", ""target"", ""audited_input_rows"", ""audited_output_rows"", ""scope""], ""nonfinite_values"": 50205765744, ""path"": ""work_dirs/channelwise_ijbc96_guarded_resume_20260914/ijbc_epoch14/finite_audit.json""}], ""logs"": [{""nonfinite_augmented_embedding_rows"": [7931], ""path"": ""work_dirs/channelwise_ijbc96_guarded_resume_20260914/calibration1000_eval_step.out""}, {""nonfinite_augmented_embedding_rows"": [110], ""path"": ""work_dirs/channelwise_ijbc96_guarded_resume_20260914/calibration_lr1e4_3000_eval_step.out""}, {""nonfinite_augmented_embedding_rows"": [104], ""path"": ""work_dirs/channelwise_ijbc96_guarded_resume_20260914/calibration_head2000_eval_step.out""}, {""nonfinite_augmented_embedding_rows"": [9712], ""path"": ""work_dirs/channelwise_ijbc96_guarded_resume_20260914/epoch14_eval_step.out""}, {""nonfinite_augmented_embedding_rows"": [0], ""path"": ""work_dirs/channelwise_ijbc96_guarded_resume_20260914/calibration_residual6_eval_step.out""}, {""nonfinite_augmented_embedding_rows"": [0], ""path"": ""work_dirs/channelwise_ijbc96_guarded_resume_20260914/calibration_head_random_eval_step.out""}]}",docs/0915_result/selection_evidence.json,b3b3e645064c9908daf001457c568f17a43bbe1472855cd30b3113527fa81d28,work_dirs/channelwise_ijbc96_guarded_resume_20260914/ijbc_epoch14/channelwise_epoch14/ijbc_tar_at_far.csv
channelwise_ijbc96_guarded_resume_20260914,ijbc-IJBC,1e-06,87.49,historical_nearest,unknown,unknown,unknown,needs_review,"{""audits"": [{""embedding_nonfinite_rows"": 0, ""keys"": [""nonfinite_values"", ""embedding_nonfinite_rows"", ""batches"", ""source_images"", ""augmented_embeddings"", ""target"", ""audited_input_rows"", ""audited_output_rows"", ""scope""], ""nonfinite_values"": 0, ""path"": ""work_dirs/channelwise_ijbc96_guarded_resume_20260914/ijbc_calibration_epoch14_residual6_full/finite_audit.json""}], ""logs"": [{""nonfinite_augmented_embedding_rows"": [7931], ""path"": ""work_dirs/channelwise_ijbc96_guarded_resume_20260914/calibration1000_eval_step.out""}, {""nonfinite_augmented_embedding_rows"": [110], ""path"": ""work_dirs/channelwise_ijbc96_guarded_resume_20260914/calibration_lr1e4_3000_eval_step.out""}, {""nonfinite_augmented_embedding_rows"": [104], ""path"": ""work_dirs/channelwise_ijbc96_guarded_resume_20260914/calibration_head2000_eval_step.out""}, {""nonfinite_augmented_embedding_rows"": [9712], ""path"": ""work_dirs/channelwise_ijbc96_guarded_resume_20260914/epoch14_eval_step.out""}, {""nonfinite_augmented_embedding_rows"": [0], ""path"": ""work_dirs/channelwise_ijbc96_guarded_resume_20260914/calibration_residual6_eval_step.out""}, {""nonfinite_augmented_embedding_rows"": [0], ""path"": ""work_dirs/channelwise_ijbc96_guarded_resume_20260914/calibration_head_random_eval_step.out""}]}",docs/0915_result/selection_evidence.json,b3b3e645064c9908daf001457c568f17a43bbe1472855cd30b3113527fa81d28,work_dirs/channelwise_ijbc96_guarded_resume_20260914/ijbc_calibration_epoch14_residual6_full/channelwise_residual6/ijbc_tar_at_far.csv
channelwise_ijbc96_guarded_resume_20260914,ijbc-IJBC,1e-05,93.56,historical_nearest,unknown,unknown,unknown,needs_review,"{""audits"": [{""embedding_nonfinite_rows"": 0, ""keys"": [""nonfinite_values"", ""embedding_nonfinite_rows"", ""batches"", ""source_images"", ""augmented_embeddings"", ""target"", ""audited_input_rows"", ""audited_output_rows"", ""scope""], ""nonfinite_values"": 0, ""path"": ""work_dirs/channelwise_ijbc96_guarded_resume_20260914/ijbc_calibration_epoch14_residual6_full/finite_audit.json""}], ""logs"": [{""nonfinite_augmented_embedding_rows"": [7931], ""path"": ""work_dirs/channelwise_ijbc96_guarded_resume_20260914/calibration1000_eval_step.out""}, {""nonfinite_augmented_embedding_rows"": [110], ""path"": ""work_dirs/channelwise_ijbc96_guarded_resume_20260914/calibration_lr1e4_3000_eval_step.out""}, {""nonfinite_augmented_embedding_rows"": [104], ""path"": ""work_dirs/channelwise_ijbc96_guarded_resume_20260914/calibration_head2000_eval_step.out""}, {""nonfinite_augmented_embedding_rows"": [9712], ""path"": ""work_dirs/channelwise_ijbc96_guarded_resume_20260914/epoch14_eval_step.out""}, {""nonfinite_augmented_embedding_rows"": [0], ""path"": ""work_dirs/channelwise_ijbc96_guarded_resume_20260914/calibration_residual6_eval_step.out""}, {""nonfinite_augmented_embedding_rows"": [0], ""path"": ""work_dirs/channelwise_ijbc96_guarded_resume_20260914/calibration_head_random_eval_step.out""}]}",docs/0915_result/selection_evidence.json,b3b3e645064c9908daf001457c568f17a43bbe1472855cd30b3113527fa81d28,work_dirs/channelwise_ijbc96_guarded_resume_20260914/ijbc_calibration_epoch14_residual6_full/channelwise_residual6/ijbc_tar_at_far.csv
channelwise_ijbc96_guarded_resume_20260914,ijbc-IJBC,0.0001,95.78,historical_nearest,unknown,unknown,unknown,needs_review,"{""audits"": [{""embedding_nonfinite_rows"": 0, ""keys"": [""nonfinite_values"", ""embedding_nonfinite_rows"", ""batches"", ""source_images"", ""augmented_embeddings"", ""target"", ""audited_input_rows"", ""audited_output_rows"", ""scope""], ""nonfinite_values"": 0, ""path"": ""work_dirs/channelwise_ijbc96_guarded_resume_20260914/ijbc_calibration_epoch14_residual6_full/finite_audit.json""}], ""logs"": [{""nonfinite_augmented_embedding_rows"": [7931], ""path"": ""work_dirs/channelwise_ijbc96_guarded_resume_20260914/calibration1000_eval_step.out""}, {""nonfinite_augmented_embedding_rows"": [110], ""path"": ""work_dirs/channelwise_ijbc96_guarded_resume_20260914/calibration_lr1e4_3000_eval_step.out""}, {""nonfinite_augmented_embedding_rows"": [104], ""path"": ""work_dirs/channelwise_ijbc96_guarded_resume_20260914/calibration_head2000_eval_step.out""}, {""nonfinite_augmented_embedding_rows"": [9712], ""path"": ""work_dirs/channelwise_ijbc96_guarded_resume_20260914/epoch14_eval_step.out""}, {""nonfinite_augmented_embedding_rows"": [0], ""path"": ""work_dirs/channelwise_ijbc96_guarded_resume_20260914/calibration_residual6_eval_step.out""}, {""nonfinite_augmented_embedding_rows"": [0], ""path"": ""work_dirs/channelwise_ijbc96_guarded_resume_20260914/calibration_head_random_eval_step.out""}]}",docs/0915_result/selection_evidence.json,b3b3e645064c9908daf001457c568f17a43bbe1472855cd30b3113527fa81d28,work_dirs/channelwise_ijbc96_guarded_resume_20260914/ijbc_calibration_epoch14_residual6_full/channelwise_residual6/ijbc_tar_at_far.csv
channelwise_ijbc96_guarded_resume_20260914,ijbc-IJBC,0.001,97.37,historical_nearest,unknown,unknown,unknown,needs_review,"{""audits"": [{""embedding_nonfinite_rows"": 0, ""keys"": [""nonfinite_values"", ""embedding_nonfinite_rows"", ""batches"", ""source_images"", ""augmented_embeddings"", ""target"", ""audited_input_rows"", ""audited_output_rows"", ""scope""], ""nonfinite_values"": 0, ""path"": ""work_dirs/channelwise_ijbc96_guarded_resume_20260914/ijbc_calibration_epoch14_residual6_full/finite_audit.json""}], ""logs"": [{""nonfinite_augmented_embedding_rows"": [7931], ""path"": ""work_dirs/channelwise_ijbc96_guarded_resume_20260914/calibration1000_eval_step.out""}, {""nonfinite_augmented_embedding_rows"": [110], ""path"": ""work_dirs/channelwise_ijbc96_guarded_resume_20260914/calibration_lr1e4_3000_eval_step.out""}, {""nonfinite_augmented_embedding_rows"": [104], ""path"": ""work_dirs/channelwise_ijbc96_guarded_resume_20260914/calibration_head2000_eval_step.out""}, {""nonfinite_augmented_embedding_rows"": [9712], ""path"": ""work_dirs/channelwise_ijbc96_guarded_resume_20260914/epoch14_eval_step.out""}, {""nonfinite_augmented_embedding_rows"": [0], ""path"": ""work_dirs/channelwise_ijbc96_guarded_resume_20260914/calibration_residual6_eval_step.out""}, {""nonfinite_augmented_embedding_rows"": [0], ""path"": ""work_dirs/channelwise_ijbc96_guarded_resume_20260914/calibration_head_random_eval_step.out""}]}",docs/0915_result/selection_evidence.json,b3b3e645064c9908daf001457c568f17a43bbe1472855cd30b3113527fa81d28,work_dirs/channelwise_ijbc96_guarded_resume_20260914/ijbc_calibration_epoch14_residual6_full/channelwise_residual6/ijbc_tar_at_far.csv
channelwise_ijbc96_guarded_resume_20260914,ijbc-IJBC,0.01,98.42,historical_nearest,unknown,unknown,unknown,needs_review,"{""audits"": [{""embedding_nonfinite_rows"": 0, ""keys"": [""nonfinite_values"", ""embedding_nonfinite_rows"", ""batches"", ""source_images"", ""augmented_embeddings"", ""target"", ""audited_input_rows"", ""audited_output_rows"", ""scope""], ""nonfinite_values"": 0, ""path"": ""work_dirs/channelwise_ijbc96_guarded_resume_20260914/ijbc_calibration_epoch14_residual6_full/finite_audit.json""}], ""logs"": [{""nonfinite_augmented_embedding_rows"": [7931], ""path"": ""work_dirs/channelwise_ijbc96_guarded_resume_20260914/calibration1000_eval_step.out""}, {""nonfinite_augmented_embedding_rows"": [110], ""path"": ""work_dirs/channelwise_ijbc96_guarded_resume_20260914/calibration_lr1e4_3000_eval_step.out""}, {""nonfinite_augmented_embedding_rows"": [104], ""path"": ""work_dirs/channelwise_ijbc96_guarded_resume_20260914/calibration_head2000_eval_step.out""}, {""nonfinite_augmented_embedding_rows"": [9712], ""path"": ""work_dirs/channelwise_ijbc96_guarded_resume_20260914/epoch14_eval_step.out""}, {""nonfinite_augmented_embedding_rows"": [0], ""path"": ""work_dirs/channelwise_ijbc96_guarded_resume_20260914/calibration_residual6_eval_step.out""}, {""nonfinite_augmented_embedding_rows"": [0], ""path"": ""work_dirs/channelwise_ijbc96_guarded_resume_20260914/calibration_head_random_eval_step.out""}]}",docs/0915_result/selection_evidence.json,b3b3e645064c9908daf001457c568f17a43bbe1472855cd30b3113527fa81d28,work_dirs/channelwise_ijbc96_guarded_resume_20260914/ijbc_calibration_epoch14_residual6_full/channelwise_residual6/ijbc_tar_at_far.csv
channelwise_ijbc96_guarded_resume_20260914,ijbc-IJBC,0.1,99.05,historical_nearest,unknown,unknown,unknown,needs_review,"{""audits"": [{""embedding_nonfinite_rows"": 0, ""keys"": [""nonfinite_values"", ""embedding_nonfinite_rows"", ""batches"", ""source_images"", ""augmented_embeddings"", ""target"", ""audited_input_rows"", ""audited_output_rows"", ""scope""], ""nonfinite_values"": 0, ""path"": ""work_dirs/channelwise_ijbc96_guarded_resume_20260914/ijbc_calibration_epoch14_residual6_full/finite_audit.json""}], ""logs"": [{""nonfinite_augmented_embedding_rows"": [7931], ""path"": ""work_dirs/channelwise_ijbc96_guarded_resume_20260914/calibration1000_eval_step.out""}, {""nonfinite_augmented_embedding_rows"": [110], ""path"": ""work_dirs/channelwise_ijbc96_guarded_resume_20260914/calibration_lr1e4_3000_eval_step.out""}, {""nonfinite_augmented_embedding_rows"": [104], ""path"": ""work_dirs/channelwise_ijbc96_guarded_resume_20260914/calibration_head2000_eval_step.out""}, {""nonfinite_augmented_embedding_rows"": [9712], ""path"": ""work_dirs/channelwise_ijbc96_guarded_resume_20260914/epoch14_eval_step.out""}, {""nonfinite_augmented_embedding_rows"": [0], ""path"": ""work_dirs/channelwise_ijbc96_guarded_resume_20260914/calibration_residual6_eval_step.out""}, {""nonfinite_augmented_embedding_rows"": [0], ""path"": ""work_dirs/channelwise_ijbc96_guarded_resume_20260914/calibration_head_random_eval_step.out""}]}",docs/0915_result/selection_evidence.json,b3b3e645064c9908daf001457c568f17a43bbe1472855cd30b3113527fa81d28,work_dirs/channelwise_ijbc96_guarded_resume_20260914/ijbc_calibration_epoch14_residual6_full/channelwise_residual6/ijbc_tar_at_far.csv
channelwise_template_supervised01_20260915,ijbc-IJBC,1e-06,89.23,historical_nearest,unknown,unknown,unknown,needs_review,"{""audits"": [{""embedding_nonfinite_rows"": 0, ""keys"": [""nonfinite_values"", ""embedding_nonfinite_rows"", ""batches"", ""source_images"", ""augmented_embeddings"", ""target"", ""audited_input_rows"", ""audited_output_rows"", ""scope""], ""nonfinite_values"": 0, ""path"": ""work_dirs/channelwise_template_supervised01_20260915/ijbc_full/finite_audit.json""}], ""logs"": []}",docs/0915_result/selection_evidence.json,b3b3e645064c9908daf001457c568f17a43bbe1472855cd30b3113527fa81d28,work_dirs/channelwise_template_supervised01_20260915/ijbc_full/pair_geometry/ijbc_tar_at_far.csv
channelwise_template_supervised01_20260915,ijbc-IJBC,1e-05,93.85,historical_nearest,unknown,unknown,unknown,needs_review,"{""audits"": [{""embedding_nonfinite_rows"": 0, ""keys"": [""nonfinite_values"", ""embedding_nonfinite_rows"", ""batches"", ""source_images"", ""augmented_embeddings"", ""target"", ""audited_input_rows"", ""audited_output_rows"", ""scope""], ""nonfinite_values"": 0, ""path"": ""work_dirs/channelwise_template_supervised01_20260915/ijbc_full/finite_audit.json""}], ""logs"": []}",docs/0915_result/selection_evidence.json,b3b3e645064c9908daf001457c568f17a43bbe1472855cd30b3113527fa81d28,work_dirs/channelwise_template_supervised01_20260915/ijbc_full/pair_geometry/ijbc_tar_at_far.csv
channelwise_template_supervised01_20260915,ijbc-IJBC,0.0001,96.06,historical_nearest,unknown,unknown,unknown,needs_review,"{""audits"": [{""embedding_nonfinite_rows"": 0, ""keys"": [""nonfinite_values"", ""embedding_nonfinite_rows"", ""batches"", ""source_images"", ""augmented_embeddings"", ""target"", ""audited_input_rows"", ""audited_output_rows"", ""scope""], ""nonfinite_values"": 0, ""path"": ""work_dirs/channelwise_template_supervised01_20260915/ijbc_full/finite_audit.json""}], ""logs"": []}",docs/0915_result/selection_evidence.json,b3b3e645064c9908daf001457c568f17a43bbe1472855cd30b3113527fa81d28,work_dirs/channelwise_template_supervised01_20260915/ijbc_full/pair_geometry/ijbc_tar_at_far.csv
channelwise_template_supervised01_20260915,ijbc-IJBC,0.001,97.49,historical_nearest,unknown,unknown,unknown,needs_review,"{""audits"": [{""embedding_nonfinite_rows"": 0, ""keys"": [""nonfinite_values"", ""embedding_nonfinite_rows"", ""batches"", ""source_images"", ""augmented_embeddings"", ""target"", ""audited_input_rows"", ""audited_output_rows"", ""scope""], ""nonfinite_values"": 0, ""path"": ""work_dirs/channelwise_template_supervised01_20260915/ijbc_full/finite_audit.json""}], ""logs"": []}",docs/0915_result/selection_evidence.json,b3b3e645064c9908daf001457c568f17a43bbe1472855cd30b3113527fa81d28,work_dirs/channelwise_template_supervised01_20260915/ijbc_full/pair_geometry/ijbc_tar_at_far.csv
channelwise_template_supervised01_20260915,ijbc-IJBC,0.01,98.38,historical_nearest,unknown,unknown,unknown,needs_review,"{""audits"": [{""embedding_nonfinite_rows"": 0, ""keys"": [""nonfinite_values"", ""embedding_nonfinite_rows"", ""batches"", ""source_images"", ""augmented_embeddings"", ""target"", ""audited_input_rows"", ""audited_output_rows"", ""scope""], ""nonfinite_values"": 0, ""path"": ""work_dirs/channelwise_template_supervised01_20260915/ijbc_full/finite_audit.json""}], ""logs"": []}",docs/0915_result/selection_evidence.json,b3b3e645064c9908daf001457c568f17a43bbe1472855cd30b3113527fa81d28,work_dirs/channelwise_template_supervised01_20260915/ijbc_full/pair_geometry/ijbc_tar_at_far.csv
channelwise_template_supervised01_20260915,ijbc-IJBC,0.1,99.06,historical_nearest,unknown,unknown,unknown,needs_review,"{""audits"": [{""embedding_nonfinite_rows"": 0, ""keys"": [""nonfinite_values"", ""embedding_nonfinite_rows"", ""batches"", ""source_images"", ""augmented_embeddings"", ""target"", ""audited_input_rows"", ""audited_output_rows"", ""scope""], ""nonfinite_values"": 0, ""path"": ""work_dirs/channelwise_template_supervised01_20260915/ijbc_full/finite_audit.json""}], ""logs"": []}",docs/0915_result/selection_evidence.json,b3b3e645064c9908daf001457c568f17a43bbe1472855cd30b3113527fa81d28,work_dirs/channelwise_template_supervised01_20260915/ijbc_full/pair_geometry/ijbc_tar_at_far.csv
controlled_degree2_tail_ms1mv3_refine125_20260908,ijbc-IJBC,1e-06,77.72,historical_nearest,unknown,unknown,unknown,needs_review,"{""audits"": [], ""logs"": [{""nonfinite_augmented_embedding_rows"": [1], ""path"": ""work_dirs/controlled_degree2_tail_ms1mv3_refine125_20260908/ijbc_best/slurm-357472.out""}]}",docs/0915_result/selection_evidence.json,b3b3e645064c9908daf001457c568f17a43bbe1472855cd30b3113527fa81d28,work_dirs/controlled_degree2_tail_ms1mv3_refine125_20260908/ijbc_best/result/controlled_d2/ijbc_tar_at_far.csv
controlled_degree2_tail_ms1mv3_refine125_20260908,ijbc-IJBC,1e-05,87.14,historical_nearest,unknown,unknown,unknown,needs_review,"{""audits"": [], ""logs"": [{""nonfinite_augmented_embedding_rows"": [1], ""path"": ""work_dirs/controlled_degree2_tail_ms1mv3_refine125_20260908/ijbc_best/slurm-357472.out""}]}",docs/0915_result/selection_evidence.json,b3b3e645064c9908daf001457c568f17a43bbe1472855cd30b3113527fa81d28,work_dirs/controlled_degree2_tail_ms1mv3_refine125_20260908/ijbc_best/result/controlled_d2/ijbc_tar_at_far.csv
controlled_degree2_tail_ms1mv3_refine125_20260908,ijbc-IJBC,0.0001,92.76,historical_nearest,unknown,unknown,unknown,needs_review,"{""audits"": [], ""logs"": [{""nonfinite_augmented_embedding_rows"": [1], ""path"": ""work_dirs/controlled_degree2_tail_ms1mv3_refine125_20260908/ijbc_best/slurm-357472.out""}]}",docs/0915_result/selection_evidence.json,b3b3e645064c9908daf001457c568f17a43bbe1472855cd30b3113527fa81d28,work_dirs/controlled_degree2_tail_ms1mv3_refine125_20260908/ijbc_best/result/controlled_d2/ijbc_tar_at_far.csv
controlled_degree2_tail_ms1mv3_refine125_20260908,ijbc-IJBC,0.001,95.81,historical_nearest,unknown,unknown,unknown,needs_review,"{""audits"": [], ""logs"": [{""nonfinite_augmented_embedding_rows"": [1], ""path"": ""work_dirs/controlled_degree2_tail_ms1mv3_refine125_20260908/ijbc_best/slurm-357472.out""}]}",docs/0915_result/selection_evidence.json,b3b3e645064c9908daf001457c568f17a43bbe1472855cd30b3113527fa81d28,work_dirs/controlled_degree2_tail_ms1mv3_refine125_20260908/ijbc_best/result/controlled_d2/ijbc_tar_at_far.csv
controlled_degree2_tail_ms1mv3_refine125_20260908,ijbc-IJBC,0.01,97.61,historical_nearest,unknown,unknown,unknown,needs_review,"{""audits"": [], ""logs"": [{""nonfinite_augmented_embedding_rows"": [1], ""path"": ""work_dirs/controlled_degree2_tail_ms1mv3_refine125_20260908/ijbc_best/slurm-357472.out""}]}",docs/0915_result/selection_evidence.json,b3b3e645064c9908daf001457c568f17a43bbe1472855cd30b3113527fa81d28,work_dirs/controlled_degree2_tail_ms1mv3_refine125_20260908/ijbc_best/result/controlled_d2/ijbc_tar_at_far.csv
controlled_degree2_tail_ms1mv3_refine125_20260908,ijbc-IJBC,0.1,98.79,historical_nearest,unknown,unknown,unknown,needs_review,"{""audits"": [], ""logs"": [{""nonfinite_augmented_embedding_rows"": [1], ""path"": ""work_dirs/controlled_degree2_tail_ms1mv3_refine125_20260908/ijbc_best/slurm-357472.out""}]}",docs/0915_result/selection_evidence.json,b3b3e645064c9908daf001457c568f17a43bbe1472855cd30b3113527fa81d28,work_dirs/controlled_degree2_tail_ms1mv3_refine125_20260908/ijbc_best/result/controlled_d2/ijbc_tar_at_far.csv
controlled_degree2_tail_ms1mv3_refine125_20260908,ijbc-IJBC,1e-06,79.02,historical_nearest,unknown,unknown,unknown,needs_review,"{""audits"": [], ""logs"": []}",docs/0915_result/selection_evidence.json,b3b3e645064c9908daf001457c568f17a43bbe1472855cd30b3113527fa81d28,work_dirs/controlled_degree2_tail_ms1mv3_refine125_20260908/ijbc/result/controlled_d2/ijbc_tar_at_far.csv
controlled_degree2_tail_ms1mv3_refine125_20260908,ijbc-IJBC,1e-05,87.71,historical_nearest,unknown,unknown,unknown,needs_review,"{""audits"": [], ""logs"": []}",docs/0915_result/selection_evidence.json,b3b3e645064c9908daf001457c568f17a43bbe1472855cd30b3113527fa81d28,work_dirs/controlled_degree2_tail_ms1mv3_refine125_20260908/ijbc/result/controlled_d2/ijbc_tar_at_far.csv
controlled_degree2_tail_ms1mv3_refine125_20260908,ijbc-IJBC,0.0001,93.19,historical_nearest,unknown,unknown,unknown,needs_review,"{""audits"": [], ""logs"": []}",docs/0915_result/selection_evidence.json,b3b3e645064c9908daf001457c568f17a43bbe1472855cd30b3113527fa81d28,work_dirs/controlled_degree2_tail_ms1mv3_refine125_20260908/ijbc/result/controlled_d2/ijbc_tar_at_far.csv
controlled_degree2_tail_ms1mv3_refine125_20260908,ijbc-IJBC,0.001,95.96,historical_nearest,unknown,unknown,unknown,needs_review,"{""audits"": [], ""logs"": []}",docs/0915_result/selection_evidence.json,b3b3e645064c9908daf001457c568f17a43bbe1472855cd30b3113527fa81d28,work_dirs/controlled_degree2_tail_ms1mv3_refine125_20260908/ijbc/result/controlled_d2/ijbc_tar_at_far.csv
controlled_degree2_tail_ms1mv3_refine125_20260908,ijbc-IJBC,0.01,97.7,historical_nearest,unknown,unknown,unknown,needs_review,"{""audits"": [], ""logs"": []}",docs/0915_result/selection_evidence.json,b3b3e645064c9908daf001457c568f17a43bbe1472855cd30b3113527fa81d28,work_dirs/controlled_degree2_tail_ms1mv3_refine125_20260908/ijbc/result/controlled_d2/ijbc_tar_at_far.csv
controlled_degree2_tail_ms1mv3_refine125_20260908,ijbc-IJBC,0.1,98.8,historical_nearest,unknown,unknown,unknown,needs_review,"{""audits"": [], ""logs"": []}",docs/0915_result/selection_evidence.json,b3b3e645064c9908daf001457c568f17a43bbe1472855cd30b3113527fa81d28,work_dirs/controlled_degree2_tail_ms1mv3_refine125_20260908/ijbc/result/controlled_d2/ijbc_tar_at_far.csv
controlled_degree2_tail_ms1mv3_bn_contract_v14_20260908,ijbc-IJBC,1e-06,80.53,historical_nearest,unknown,unknown,unknown,needs_review,"{""audits"": [], ""logs"": [{""nonfinite_augmented_embedding_rows"": [4], ""path"": ""work_dirs/controlled_degree2_tail_ms1mv3_bn_contract_v14_20260908/candidate_093/ijbc/slurm-359653.out""}]}",docs/0915_result/selection_evidence.json,b3b3e645064c9908daf001457c568f17a43bbe1472855cd30b3113527fa81d28,work_dirs/controlled_degree2_tail_ms1mv3_bn_contract_v14_20260908/candidate_093/ijbc/result/controlled_d2/ijbc_tar_at_far.csv
controlled_degree2_tail_ms1mv3_bn_contract_v14_20260908,ijbc-IJBC,1e-05,91.0,historical_nearest,unknown,unknown,unknown,needs_review,"{""audits"": [], ""logs"": [{""nonfinite_augmented_embedding_rows"": [4], ""path"": ""work_dirs/controlled_degree2_tail_ms1mv3_bn_contract_v14_20260908/candidate_093/ijbc/slurm-359653.out""}]}",docs/0915_result/selection_evidence.json,b3b3e645064c9908daf001457c568f17a43bbe1472855cd30b3113527fa81d28,work_dirs/controlled_degree2_tail_ms1mv3_bn_contract_v14_20260908/candidate_093/ijbc/result/controlled_d2/ijbc_tar_at_far.csv
controlled_degree2_tail_ms1mv3_bn_contract_v14_20260908,ijbc-IJBC,0.0001,94.94,historical_nearest,unknown,unknown,unknown,needs_review,"{""audits"": [], ""logs"": [{""nonfinite_augmented_embedding_rows"": [4], ""path"": ""work_dirs/controlled_degree2_tail_ms1mv3_bn_contract_v14_20260908/candidate_093/ijbc/slurm-359653.out""}]}",docs/0915_result/selection_evidence.json,b3b3e645064c9908daf001457c568f17a43bbe1472855cd30b3113527fa81d28,work_dirs/controlled_degree2_tail_ms1mv3_bn_contract_v14_20260908/candidate_093/ijbc/result/controlled_d2/ijbc_tar_at_far.csv
controlled_degree2_tail_ms1mv3_bn_contract_v14_20260908,ijbc-IJBC,0.001,96.74,historical_nearest,unknown,unknown,unknown,needs_review,"{""audits"": [], ""logs"": [{""nonfinite_augmented_embedding_rows"": [4], ""path"": ""work_dirs/controlled_degree2_tail_ms1mv3_bn_contract_v14_20260908/candidate_093/ijbc/slurm-359653.out""}]}",docs/0915_result/selection_evidence.json,b3b3e645064c9908daf001457c568f17a43bbe1472855cd30b3113527fa81d28,work_dirs/controlled_degree2_tail_ms1mv3_bn_contract_v14_20260908/candidate_093/ijbc/result/controlled_d2/ijbc_tar_at_far.csv
controlled_degree2_tail_ms1mv3_bn_contract_v14_20260908,ijbc-IJBC,0.01,98.2,historical_nearest,unknown,unknown,unknown,needs_review,"{""audits"": [], ""logs"": [{""nonfinite_augmented_embedding_rows"": [4], ""path"": ""work_dirs/controlled_degree2_tail_ms1mv3_bn_contract_v14_20260908/candidate_093/ijbc/slurm-359653.out""}]}",docs/0915_result/selection_evidence.json,b3b3e645064c9908daf001457c568f17a43bbe1472855cd30b3113527fa81d28,work_dirs/controlled_degree2_tail_ms1mv3_bn_contract_v14_20260908/candidate_093/ijbc/result/controlled_d2/ijbc_tar_at_far.csv
controlled_degree2_tail_ms1mv3_bn_contract_v14_20260908,ijbc-IJBC,0.1,98.97,historical_nearest,unknown,unknown,unknown,needs_review,"{""audits"": [], ""logs"": [{""nonfinite_augmented_embedding_rows"": [4], ""path"": ""work_dirs/controlled_degree2_tail_ms1mv3_bn_contract_v14_20260908/candidate_093/ijbc/slurm-359653.out""}]}",docs/0915_result/selection_evidence.json,b3b3e645064c9908daf001457c568f17a43bbe1472855cd30b3113527fa81d28,work_dirs/controlled_degree2_tail_ms1mv3_bn_contract_v14_20260908/candidate_093/ijbc/result/controlled_d2/ijbc_tar_at_far.csv
ms1mv3_r50_herpn_full_conversion_phase2_ms1mv3_focus1,ijbc-IJBC,1e-06,85.57,historical_nearest,unknown,unknown,unknown,needs_review,"{""audits"": [], ""logs"": []}",docs/0915_result/selection_evidence.json,b3b3e645064c9908daf001457c568f17a43bbe1472855cd30b3113527fa81d28,work_dirs/ms1mv3_r50_herpn_full_conversion_phase2_ms1mv3_focus1/ijbc_ms1mv3_only_zero/r50_full_poly_ms1mv3_only_zero/ijbc_tar_at_far.csv
ms1mv3_r50_herpn_full_conversion_phase2_ms1mv3_focus1,ijbc-IJBC,1e-05,92.03,historical_nearest,unknown,unknown,unknown,needs_review,"{""audits"": [], ""logs"": []}",docs/0915_result/selection_evidence.json,b3b3e645064c9908daf001457c568f17a43bbe1472855cd30b3113527fa81d28,work_dirs/ms1mv3_r50_herpn_full_conversion_phase2_ms1mv3_focus1/ijbc_ms1mv3_only_zero/r50_full_poly_ms1mv3_only_zero/ijbc_tar_at_far.csv
ms1mv3_r50_herpn_full_conversion_phase2_ms1mv3_focus1,ijbc-IJBC,0.0001,94.85,historical_nearest,unknown,unknown,unknown,needs_review,"{""audits"": [], ""logs"": []}",docs/0915_result/selection_evidence.json,b3b3e645064c9908daf001457c568f17a43bbe1472855cd30b3113527fa81d28,work_dirs/ms1mv3_r50_herpn_full_conversion_phase2_ms1mv3_focus1/ijbc_ms1mv3_only_zero/r50_full_poly_ms1mv3_only_zero/ijbc_tar_at_far.csv
ms1mv3_r50_herpn_full_conversion_phase2_ms1mv3_focus1,ijbc-IJBC,0.001,96.63,historical_nearest,unknown,unknown,unknown,needs_review,"{""audits"": [], ""logs"": []}",docs/0915_result/selection_evidence.json,b3b3e645064c9908daf001457c568f17a43bbe1472855cd30b3113527fa81d28,work_dirs/ms1mv3_r50_herpn_full_conversion_phase2_ms1mv3_focus1/ijbc_ms1mv3_only_zero/r50_full_poly_ms1mv3_only_zero/ijbc_tar_at_far.csv
ms1mv3_r50_herpn_full_conversion_phase2_ms1mv3_focus1,ijbc-IJBC,0.01,97.9,historical_nearest,unknown,unknown,unknown,needs_review,"{""audits"": [], ""logs"": []}",docs/0915_result/selection_evidence.json,b3b3e645064c9908daf001457c568f17a43bbe1472855cd30b3113527fa81d28,work_dirs/ms1mv3_r50_herpn_full_conversion_phase2_ms1mv3_focus1/ijbc_ms1mv3_only_zero/r50_full_poly_ms1mv3_only_zero/ijbc_tar_at_far.csv
ms1mv3_r50_herpn_full_conversion_phase2_ms1mv3_focus1,ijbc-IJBC,0.1,98.83,historical_nearest,unknown,unknown,unknown,needs_review,"{""audits"": [], ""logs"": []}",docs/0915_result/selection_evidence.json,b3b3e645064c9908daf001457c568f17a43bbe1472855cd30b3113527fa81d28,work_dirs/ms1mv3_r50_herpn_full_conversion_phase2_ms1mv3_focus1/ijbc_ms1mv3_only_zero/r50_full_poly_ms1mv3_only_zero/ijbc_tar_at_far.csv
controlled_degree2_tail_ms1mv3_causal_fixed_v5_20260908,ijbc-IJBC,1e-06,84.23,historical_nearest,unknown,unknown,unknown,needs_review,"{""audits"": [], ""logs"": [{""nonfinite_augmented_embedding_rows"": [4], ""path"": ""work_dirs/controlled_degree2_tail_ms1mv3_causal_fixed_v5_20260908/ijbc_final/slurm-358338.out""}]}",docs/0915_result/selection_evidence.json,b3b3e645064c9908daf001457c568f17a43bbe1472855cd30b3113527fa81d28,work_dirs/controlled_degree2_tail_ms1mv3_causal_fixed_v5_20260908/ijbc_final/result/controlled_d2/ijbc_tar_at_far.csv
controlled_degree2_tail_ms1mv3_causal_fixed_v5_20260908,ijbc-IJBC,1e-05,92.67,historical_nearest,unknown,unknown,unknown,needs_review,"{""audits"": [], ""logs"": [{""nonfinite_augmented_embedding_rows"": [4], ""path"": ""work_dirs/controlled_degree2_tail_ms1mv3_causal_fixed_v5_20260908/ijbc_final/slurm-358338.out""}]}",docs/0915_result/selection_evidence.json,b3b3e645064c9908daf001457c568f17a43bbe1472855cd30b3113527fa81d28,work_dirs/controlled_degree2_tail_ms1mv3_causal_fixed_v5_20260908/ijbc_final/result/controlled_d2/ijbc_tar_at_far.csv
controlled_degree2_tail_ms1mv3_causal_fixed_v5_20260908,ijbc-IJBC,0.0001,95.53,historical_nearest,unknown,unknown,unknown,needs_review,"{""audits"": [], ""logs"": [{""nonfinite_augmented_embedding_rows"": [4], ""path"": ""work_dirs/controlled_degree2_tail_ms1mv3_causal_fixed_v5_20260908/ijbc_final/slurm-358338.out""}]}",docs/0915_result/selection_evidence.json,b3b3e645064c9908daf001457c568f17a43bbe1472855cd30b3113527fa81d28,work_dirs/controlled_degree2_tail_ms1mv3_causal_fixed_v5_20260908/ijbc_final/result/controlled_d2/ijbc_tar_at_far.csv
controlled_degree2_tail_ms1mv3_causal_fixed_v5_20260908,ijbc-IJBC,0.001,97.11,historical_nearest,unknown,unknown,unknown,needs_review,"{""audits"": [], ""logs"": [{""nonfinite_augmented_embedding_rows"": [4], ""path"": ""work_dirs/controlled_degree2_tail_ms1mv3_causal_fixed_v5_20260908/ijbc_final/slurm-358338.out""}]}",docs/0915_result/selection_evidence.json,b3b3e645064c9908daf001457c568f17a43bbe1472855cd30b3113527fa81d28,work_dirs/controlled_degree2_tail_ms1mv3_causal_fixed_v5_20260908/ijbc_final/result/controlled_d2/ijbc_tar_at_far.csv
controlled_degree2_tail_ms1mv3_causal_fixed_v5_20260908,ijbc-IJBC,0.01,98.31,historical_nearest,unknown,unknown,unknown,needs_review,"{""audits"": [], ""logs"": [{""nonfinite_augmented_embedding_rows"": [4], ""path"": ""work_dirs/controlled_degree2_tail_ms1mv3_causal_fixed_v5_20260908/ijbc_final/slurm-358338.out""}]}",docs/0915_result/selection_evidence.json,b3b3e645064c9908daf001457c568f17a43bbe1472855cd30b3113527fa81d28,work_dirs/controlled_degree2_tail_ms1mv3_causal_fixed_v5_20260908/ijbc_final/result/controlled_d2/ijbc_tar_at_far.csv
controlled_degree2_tail_ms1mv3_causal_fixed_v5_20260908,ijbc-IJBC,0.1,99.06,historical_nearest,unknown,unknown,unknown,needs_review,"{""audits"": [], ""logs"": [{""nonfinite_augmented_embedding_rows"": [4], ""path"": ""work_dirs/controlled_degree2_tail_ms1mv3_causal_fixed_v5_20260908/ijbc_final/slurm-358338.out""}]}",docs/0915_result/selection_evidence.json,b3b3e645064c9908daf001457c568f17a43bbe1472855cd30b3113527fa81d28,work_dirs/controlled_degree2_tail_ms1mv3_causal_fixed_v5_20260908/ijbc_final/result/controlled_d2/ijbc_tar_at_far.csv
controlled_degree2_tail_ms1mv3_causal_fixed_v5_20260908,ijbc-IJBC,1e-06,83.58,historical_nearest,unknown,unknown,unknown,needs_review,"{""audits"": [], ""logs"": [{""nonfinite_augmented_embedding_rows"": [4], ""path"": ""work_dirs/controlled_degree2_tail_ms1mv3_causal_fixed_v5_20260908/ijbc_epoch1/slurm-358424.out""}]}",docs/0915_result/selection_evidence.json,b3b3e645064c9908daf001457c568f17a43bbe1472855cd30b3113527fa81d28,work_dirs/controlled_degree2_tail_ms1mv3_causal_fixed_v5_20260908/ijbc_epoch1/result/controlled_d2/ijbc_tar_at_far.csv
controlled_degree2_tail_ms1mv3_causal_fixed_v5_20260908,ijbc-IJBC,1e-05,92.51,historical_nearest,unknown,unknown,unknown,needs_review,"{""audits"": [], ""logs"": [{""nonfinite_augmented_embedding_rows"": [4], ""path"": ""work_dirs/controlled_degree2_tail_ms1mv3_causal_fixed_v5_20260908/ijbc_epoch1/slurm-358424.out""}]}",docs/0915_result/selection_evidence.json,b3b3e645064c9908daf001457c568f17a43bbe1472855cd30b3113527fa81d28,work_dirs/controlled_degree2_tail_ms1mv3_causal_fixed_v5_20260908/ijbc_epoch1/result/controlled_d2/ijbc_tar_at_far.csv
controlled_degree2_tail_ms1mv3_causal_fixed_v5_20260908,ijbc-IJBC,0.0001,95.49,historical_nearest,unknown,unknown,unknown,needs_review,"{""audits"": [], ""logs"": [{""nonfinite_augmented_embedding_rows"": [4], ""path"": ""work_dirs/controlled_degree2_tail_ms1mv3_causal_fixed_v5_20260908/ijbc_epoch1/slurm-358424.out""}]}",docs/0915_result/selection_evidence.json,b3b3e645064c9908daf001457c568f17a43bbe1472855cd30b3113527fa81d28,work_dirs/controlled_degree2_tail_ms1mv3_causal_fixed_v5_20260908/ijbc_epoch1/result/controlled_d2/ijbc_tar_at_far.csv
controlled_degree2_tail_ms1mv3_causal_fixed_v5_20260908,ijbc-IJBC,0.001,97.07,historical_nearest,unknown,unknown,unknown,needs_review,"{""audits"": [], ""logs"": [{""nonfinite_augmented_embedding_rows"": [4], ""path"": ""work_dirs/controlled_degree2_tail_ms1mv3_causal_fixed_v5_20260908/ijbc_epoch1/slurm-358424.out""}]}",docs/0915_result/selection_evidence.json,b3b3e645064c9908daf001457c568f17a43bbe1472855cd30b3113527fa81d28,work_dirs/controlled_degree2_tail_ms1mv3_causal_fixed_v5_20260908/ijbc_epoch1/result/controlled_d2/ijbc_tar_at_far.csv
controlled_degree2_tail_ms1mv3_causal_fixed_v5_20260908,ijbc-IJBC,0.01,98.3,historical_nearest,unknown,unknown,unknown,needs_review,"{""audits"": [], ""logs"": [{""nonfinite_augmented_embedding_rows"": [4], ""path"": ""work_dirs/controlled_degree2_tail_ms1mv3_causal_fixed_v5_20260908/ijbc_epoch1/slurm-358424.out""}]}",docs/0915_result/selection_evidence.json,b3b3e645064c9908daf001457c568f17a43bbe1472855cd30b3113527fa81d28,work_dirs/controlled_degree2_tail_ms1mv3_causal_fixed_v5_20260908/ijbc_epoch1/result/controlled_d2/ijbc_tar_at_far.csv
controlled_degree2_tail_ms1mv3_causal_fixed_v5_20260908,ijbc-IJBC,0.1,99.04,historical_nearest,unknown,unknown,unknown,needs_review,"{""audits"": [], ""logs"": [{""nonfinite_augmented_embedding_rows"": [4], ""path"": ""work_dirs/controlled_degree2_tail_ms1mv3_causal_fixed_v5_20260908/ijbc_epoch1/slurm-358424.out""}]}",docs/0915_result/selection_evidence.json,b3b3e645064c9908daf001457c568f17a43bbe1472855cd30b3113527fa81d28,work_dirs/controlled_degree2_tail_ms1mv3_causal_fixed_v5_20260908/ijbc_epoch1/result/controlled_d2/ijbc_tar_at_far.csv
controlled_degree2_tail_ms1mv3_adversarial_v6_20260908,ijbc-IJBC,1e-06,82.59,historical_nearest,unknown,unknown,unknown,needs_review,"{""audits"": [], ""logs"": [{""nonfinite_augmented_embedding_rows"": [8], ""path"": ""work_dirs/controlled_degree2_tail_ms1mv3_adversarial_v6_20260908/ijbc_final/slurm-358595.out""}]}",docs/0915_result/selection_evidence.json,b3b3e645064c9908daf001457c568f17a43bbe1472855cd30b3113527fa81d28,work_dirs/controlled_degree2_tail_ms1mv3_adversarial_v6_20260908/ijbc_final/result/controlled_d2/ijbc_tar_at_far.csv
controlled_degree2_tail_ms1mv3_adversarial_v6_20260908,ijbc-IJBC,1e-05,91.63,historical_nearest,unknown,unknown,unknown,needs_review,"{""audits"": [], ""logs"": [{""nonfinite_augmented_embedding_rows"": [8], ""path"": ""work_dirs/controlled_degree2_tail_ms1mv3_adversarial_v6_20260908/ijbc_final/slurm-358595.out""}]}",docs/0915_result/selection_evidence.json,b3b3e645064c9908daf001457c568f17a43bbe1472855cd30b3113527fa81d28,work_dirs/controlled_degree2_tail_ms1mv3_adversarial_v6_20260908/ijbc_final/result/controlled_d2/ijbc_tar_at_far.csv
controlled_degree2_tail_ms1mv3_adversarial_v6_20260908,ijbc-IJBC,0.0001,95.05,historical_nearest,unknown,unknown,unknown,needs_review,"{""audits"": [], ""logs"": [{""nonfinite_augmented_embedding_rows"": [8], ""path"": ""work_dirs/controlled_degree2_tail_ms1mv3_adversarial_v6_20260908/ijbc_final/slurm-358595.out""}]}",docs/0915_result/selection_evidence.json,b3b3e645064c9908daf001457c568f17a43bbe1472855cd30b3113527fa81d28,work_dirs/controlled_degree2_tail_ms1mv3_adversarial_v6_20260908/ijbc_final/result/controlled_d2/ijbc_tar_at_far.csv
controlled_degree2_tail_ms1mv3_adversarial_v6_20260908,ijbc-IJBC,0.001,96.85,historical_nearest,unknown,unknown,unknown,needs_review,"{""audits"": [], ""logs"": [{""nonfinite_augmented_embedding_rows"": [8], ""path"": ""work_dirs/controlled_degree2_tail_ms1mv3_adversarial_v6_20260908/ijbc_final/slurm-358595.out""}]}",docs/0915_result/selection_evidence.json,b3b3e645064c9908daf001457c568f17a43bbe1472855cd30b3113527fa81d28,work_dirs/controlled_degree2_tail_ms1mv3_adversarial_v6_20260908/ijbc_final/result/controlled_d2/ijbc_tar_at_far.csv
controlled_degree2_tail_ms1mv3_adversarial_v6_20260908,ijbc-IJBC,0.01,98.15,historical_nearest,unknown,unknown,unknown,needs_review,"{""audits"": [], ""logs"": [{""nonfinite_augmented_embedding_rows"": [8], ""path"": ""work_dirs/controlled_degree2_tail_ms1mv3_adversarial_v6_20260908/ijbc_final/slurm-358595.out""}]}",docs/0915_result/selection_evidence.json,b3b3e645064c9908daf001457c568f17a43bbe1472855cd30b3113527fa81d28,work_dirs/controlled_degree2_tail_ms1mv3_adversarial_v6_20260908/ijbc_final/result/controlled_d2/ijbc_tar_at_far.csv
controlled_degree2_tail_ms1mv3_adversarial_v6_20260908,ijbc-IJBC,0.1,98.96,historical_nearest,unknown,unknown,unknown,needs_review,"{""audits"": [], ""logs"": [{""nonfinite_augmented_embedding_rows"": [8], ""path"": ""work_dirs/controlled_degree2_tail_ms1mv3_adversarial_v6_20260908/ijbc_final/slurm-358595.out""}]}",docs/0915_result/selection_evidence.json,b3b3e645064c9908daf001457c568f17a43bbe1472855cd30b3113527fa81d28,work_dirs/controlled_degree2_tail_ms1mv3_adversarial_v6_20260908/ijbc_final/result/controlled_d2/ijbc_tar_at_far.csv
