artifact_group,original_csv,source_sha256,method,requested_far,tar_percent,far_rule,actual_far,checkpoint_sha256,calibration,finite_scope,review_status
channelwise_exact_head_20260915,work_dirs/channelwise_exact_head_20260915/mse0/ijbc_full/exact_head_mse0/ijbc_tar_at_far.csv,fbed9fb1a1814ad5484bac26f014f1724e3c5bea4e4e5f0fba4a48ce3836ec52,ijbc-IJBC,1e-06,87.52,unknown,unknown,unknown,unknown,unknown,needs_protocol_review
channelwise_exact_head_20260915,work_dirs/channelwise_exact_head_20260915/mse0/ijbc_full/exact_head_mse0/ijbc_tar_at_far.csv,fbed9fb1a1814ad5484bac26f014f1724e3c5bea4e4e5f0fba4a48ce3836ec52,ijbc-IJBC,1e-05,93.41,unknown,unknown,unknown,unknown,unknown,needs_protocol_review
channelwise_exact_head_20260915,work_dirs/channelwise_exact_head_20260915/mse0/ijbc_full/exact_head_mse0/ijbc_tar_at_far.csv,fbed9fb1a1814ad5484bac26f014f1724e3c5bea4e4e5f0fba4a48ce3836ec52,ijbc-IJBC,0.0001,95.8,unknown,unknown,unknown,unknown,unknown,needs_protocol_review
channelwise_exact_head_20260915,work_dirs/channelwise_exact_head_20260915/mse0/ijbc_full/exact_head_mse0/ijbc_tar_at_far.csv,fbed9fb1a1814ad5484bac26f014f1724e3c5bea4e4e5f0fba4a48ce3836ec52,ijbc-IJBC,0.001,97.39,unknown,unknown,unknown,unknown,unknown,needs_protocol_review
channelwise_exact_head_20260915,work_dirs/channelwise_exact_head_20260915/mse0/ijbc_full/exact_head_mse0/ijbc_tar_at_far.csv,fbed9fb1a1814ad5484bac26f014f1724e3c5bea4e4e5f0fba4a48ce3836ec52,ijbc-IJBC,0.01,98.39,unknown,unknown,unknown,unknown,unknown,needs_protocol_review
channelwise_exact_head_20260915,work_dirs/channelwise_exact_head_20260915/mse0/ijbc_full/exact_head_mse0/ijbc_tar_at_far.csv,fbed9fb1a1814ad5484bac26f014f1724e3c5bea4e4e5f0fba4a48ce3836ec52,ijbc-IJBC,0.1,99.02,unknown,unknown,unknown,unknown,unknown,needs_protocol_review
channelwise_exact_head_20260915,work_dirs/channelwise_exact_head_20260915/mse1/ijbc_full/exact_head_mse1/ijbc_tar_at_far.csv,90491d740a2f284cef1e55ee94d04856246d06a12ec0c764f5db6f63d0be69b3,ijbc-IJBC,1e-06,86.75,unknown,unknown,unknown,unknown,unknown,needs_protocol_review
channelwise_exact_head_20260915,work_dirs/channelwise_exact_head_20260915/mse1/ijbc_full/exact_head_mse1/ijbc_tar_at_far.csv,90491d740a2f284cef1e55ee94d04856246d06a12ec0c764f5db6f63d0be69b3,ijbc-IJBC,1e-05,93.22,unknown,unknown,unknown,unknown,unknown,needs_protocol_review
channelwise_exact_head_20260915,work_dirs/channelwise_exact_head_20260915/mse1/ijbc_full/exact_head_mse1/ijbc_tar_at_far.csv,90491d740a2f284cef1e55ee94d04856246d06a12ec0c764f5db6f63d0be69b3,ijbc-IJBC,0.0001,95.7,unknown,unknown,unknown,unknown,unknown,needs_protocol_review
channelwise_exact_head_20260915,work_dirs/channelwise_exact_head_20260915/mse1/ijbc_full/exact_head_mse1/ijbc_tar_at_far.csv,90491d740a2f284cef1e55ee94d04856246d06a12ec0c764f5db6f63d0be69b3,ijbc-IJBC,0.001,97.35,unknown,unknown,unknown,unknown,unknown,needs_protocol_review
channelwise_exact_head_20260915,work_dirs/channelwise_exact_head_20260915/mse1/ijbc_full/exact_head_mse1/ijbc_tar_at_far.csv,90491d740a2f284cef1e55ee94d04856246d06a12ec0c764f5db6f63d0be69b3,ijbc-IJBC,0.01,98.38,unknown,unknown,unknown,unknown,unknown,needs_protocol_review
channelwise_exact_head_20260915,work_dirs/channelwise_exact_head_20260915/mse1/ijbc_full/exact_head_mse1/ijbc_tar_at_far.csv,90491d740a2f284cef1e55ee94d04856246d06a12ec0c764f5db6f63d0be69b3,ijbc-IJBC,0.1,99.05,unknown,unknown,unknown,unknown,unknown,needs_protocol_review
channelwise_ijbc96_guarded_resume_20260914,work_dirs/channelwise_ijbc96_guarded_resume_20260914/ijbc_calibration_epoch14_1000_full/channelwise_calibration1000/ijbc_tar_at_far.csv,5251288806df1c902a3b21d8dd856c00cbf184c0c3cbfab9dcd15fb3969524bc,ijbc-IJBC,1e-06,90.04,unknown,unknown,unknown,unknown,unknown,needs_protocol_review
channelwise_ijbc96_guarded_resume_20260914,work_dirs/channelwise_ijbc96_guarded_resume_20260914/ijbc_calibration_epoch14_1000_full/channelwise_calibration1000/ijbc_tar_at_far.csv,5251288806df1c902a3b21d8dd856c00cbf184c0c3cbfab9dcd15fb3969524bc,ijbc-IJBC,1e-05,93.77,unknown,unknown,unknown,unknown,unknown,needs_protocol_review
channelwise_ijbc96_guarded_resume_20260914,work_dirs/channelwise_ijbc96_guarded_resume_20260914/ijbc_calibration_epoch14_1000_full/channelwise_calibration1000/ijbc_tar_at_far.csv,5251288806df1c902a3b21d8dd856c00cbf184c0c3cbfab9dcd15fb3969524bc,ijbc-IJBC,0.0001,95.64,unknown,unknown,unknown,unknown,unknown,needs_protocol_review
channelwise_ijbc96_guarded_resume_20260914,work_dirs/channelwise_ijbc96_guarded_resume_20260914/ijbc_calibration_epoch14_1000_full/channelwise_calibration1000/ijbc_tar_at_far.csv,5251288806df1c902a3b21d8dd856c00cbf184c0c3cbfab9dcd15fb3969524bc,ijbc-IJBC,0.001,97.04,unknown,unknown,unknown,unknown,unknown,needs_protocol_review
channelwise_ijbc96_guarded_resume_20260914,work_dirs/channelwise_ijbc96_guarded_resume_20260914/ijbc_calibration_epoch14_1000_full/channelwise_calibration1000/ijbc_tar_at_far.csv,5251288806df1c902a3b21d8dd856c00cbf184c0c3cbfab9dcd15fb3969524bc,ijbc-IJBC,0.01,98.01,unknown,unknown,unknown,unknown,unknown,needs_protocol_review
channelwise_ijbc96_guarded_resume_20260914,work_dirs/channelwise_ijbc96_guarded_resume_20260914/ijbc_calibration_epoch14_1000_full/channelwise_calibration1000/ijbc_tar_at_far.csv,5251288806df1c902a3b21d8dd856c00cbf184c0c3cbfab9dcd15fb3969524bc,ijbc-IJBC,0.1,98.68,unknown,unknown,unknown,unknown,unknown,needs_protocol_review
channelwise_ijbc96_guarded_resume_20260914,work_dirs/channelwise_ijbc96_guarded_resume_20260914/ijbc_calibration_epoch14_head2000_full/channelwise_head2000/ijbc_tar_at_far.csv,61479febe049f05ff29768a37b7e2e8f91608acfb26af49caa69e9a6ed72ad43,ijbc-IJBC,1e-06,89.36,unknown,unknown,unknown,unknown,unknown,needs_protocol_review
channelwise_ijbc96_guarded_resume_20260914,work_dirs/channelwise_ijbc96_guarded_resume_20260914/ijbc_calibration_epoch14_head2000_full/channelwise_head2000/ijbc_tar_at_far.csv,61479febe049f05ff29768a37b7e2e8f91608acfb26af49caa69e9a6ed72ad43,ijbc-IJBC,1e-05,93.74,unknown,unknown,unknown,unknown,unknown,needs_protocol_review
channelwise_ijbc96_guarded_resume_20260914,work_dirs/channelwise_ijbc96_guarded_resume_20260914/ijbc_calibration_epoch14_head2000_full/channelwise_head2000/ijbc_tar_at_far.csv,61479febe049f05ff29768a37b7e2e8f91608acfb26af49caa69e9a6ed72ad43,ijbc-IJBC,0.0001,95.91,unknown,unknown,unknown,unknown,unknown,needs_protocol_review
channelwise_ijbc96_guarded_resume_20260914,work_dirs/channelwise_ijbc96_guarded_resume_20260914/ijbc_calibration_epoch14_head2000_full/channelwise_head2000/ijbc_tar_at_far.csv,61479febe049f05ff29768a37b7e2e8f91608acfb26af49caa69e9a6ed72ad43,ijbc-IJBC,0.001,97.4,unknown,unknown,unknown,unknown,unknown,needs_protocol_review
channelwise_ijbc96_guarded_resume_20260914,work_dirs/channelwise_ijbc96_guarded_resume_20260914/ijbc_calibration_epoch14_head2000_full/channelwise_head2000/ijbc_tar_at_far.csv,61479febe049f05ff29768a37b7e2e8f91608acfb26af49caa69e9a6ed72ad43,ijbc-IJBC,0.01,98.41,unknown,unknown,unknown,unknown,unknown,needs_protocol_review
channelwise_ijbc96_guarded_resume_20260914,work_dirs/channelwise_ijbc96_guarded_resume_20260914/ijbc_calibration_epoch14_head2000_full/channelwise_head2000/ijbc_tar_at_far.csv,61479febe049f05ff29768a37b7e2e8f91608acfb26af49caa69e9a6ed72ad43,ijbc-IJBC,0.1,99.03,unknown,unknown,unknown,unknown,unknown,needs_protocol_review
channelwise_ijbc96_guarded_resume_20260914,work_dirs/channelwise_ijbc96_guarded_resume_20260914/ijbc_calibration_epoch14_head_random_full/channelwise_head_random/ijbc_tar_at_far.csv,61f7aa96fd95366c922406582ef37de4452a86fb0d32606b26803ff2953796e9,ijbc-IJBC,1e-06,86.93,unknown,unknown,unknown,unknown,unknown,needs_protocol_review
channelwise_ijbc96_guarded_resume_20260914,work_dirs/channelwise_ijbc96_guarded_resume_20260914/ijbc_calibration_epoch14_head_random_full/channelwise_head_random/ijbc_tar_at_far.csv,61f7aa96fd95366c922406582ef37de4452a86fb0d32606b26803ff2953796e9,ijbc-IJBC,1e-05,93.15,unknown,unknown,unknown,unknown,unknown,needs_protocol_review
channelwise_ijbc96_guarded_resume_20260914,work_dirs/channelwise_ijbc96_guarded_resume_20260914/ijbc_calibration_epoch14_head_random_full/channelwise_head_random/ijbc_tar_at_far.csv,61f7aa96fd95366c922406582ef37de4452a86fb0d32606b26803ff2953796e9,ijbc-IJBC,0.0001,95.77,unknown,unknown,unknown,unknown,unknown,needs_protocol_review
channelwise_ijbc96_guarded_resume_20260914,work_dirs/channelwise_ijbc96_guarded_resume_20260914/ijbc_calibration_epoch14_head_random_full/channelwise_head_random/ijbc_tar_at_far.csv,61f7aa96fd95366c922406582ef37de4452a86fb0d32606b26803ff2953796e9,ijbc-IJBC,0.001,97.37,unknown,unknown,unknown,unknown,unknown,needs_protocol_review
channelwise_ijbc96_guarded_resume_20260914,work_dirs/channelwise_ijbc96_guarded_resume_20260914/ijbc_calibration_epoch14_head_random_full/channelwise_head_random/ijbc_tar_at_far.csv,61f7aa96fd95366c922406582ef37de4452a86fb0d32606b26803ff2953796e9,ijbc-IJBC,0.01,98.39,unknown,unknown,unknown,unknown,unknown,needs_protocol_review
channelwise_ijbc96_guarded_resume_20260914,work_dirs/channelwise_ijbc96_guarded_resume_20260914/ijbc_calibration_epoch14_head_random_full/channelwise_head_random/ijbc_tar_at_far.csv,61f7aa96fd95366c922406582ef37de4452a86fb0d32606b26803ff2953796e9,ijbc-IJBC,0.1,99.04,unknown,unknown,unknown,unknown,unknown,needs_protocol_review
channelwise_ijbc96_guarded_resume_20260914,work_dirs/channelwise_ijbc96_guarded_resume_20260914/ijbc_calibration_epoch14_lr1e4_3000_full/channelwise_calibration_lr1e4_3000/ijbc_tar_at_far.csv,7b04b16b6302643acd34259907a039d44d99177e0ff1a3b05dc13438d14c81bc,ijbc-IJBC,1e-06,88.73,unknown,unknown,unknown,unknown,unknown,needs_protocol_review
channelwise_ijbc96_guarded_resume_20260914,work_dirs/channelwise_ijbc96_guarded_resume_20260914/ijbc_calibration_epoch14_lr1e4_3000_full/channelwise_calibration_lr1e4_3000/ijbc_tar_at_far.csv,7b04b16b6302643acd34259907a039d44d99177e0ff1a3b05dc13438d14c81bc,ijbc-IJBC,1e-05,93.36,unknown,unknown,unknown,unknown,unknown,needs_protocol_review
channelwise_ijbc96_guarded_resume_20260914,work_dirs/channelwise_ijbc96_guarded_resume_20260914/ijbc_calibration_epoch14_lr1e4_3000_full/channelwise_calibration_lr1e4_3000/ijbc_tar_at_far.csv,7b04b16b6302643acd34259907a039d44d99177e0ff1a3b05dc13438d14c81bc,ijbc-IJBC,0.0001,95.71,unknown,unknown,unknown,unknown,unknown,needs_protocol_review
channelwise_ijbc96_guarded_resume_20260914,work_dirs/channelwise_ijbc96_guarded_resume_20260914/ijbc_calibration_epoch14_lr1e4_3000_full/channelwise_calibration_lr1e4_3000/ijbc_tar_at_far.csv,7b04b16b6302643acd34259907a039d44d99177e0ff1a3b05dc13438d14c81bc,ijbc-IJBC,0.001,97.23,unknown,unknown,unknown,unknown,unknown,needs_protocol_review
channelwise_ijbc96_guarded_resume_20260914,work_dirs/channelwise_ijbc96_guarded_resume_20260914/ijbc_calibration_epoch14_lr1e4_3000_full/channelwise_calibration_lr1e4_3000/ijbc_tar_at_far.csv,7b04b16b6302643acd34259907a039d44d99177e0ff1a3b05dc13438d14c81bc,ijbc-IJBC,0.01,98.35,unknown,unknown,unknown,unknown,unknown,needs_protocol_review
channelwise_ijbc96_guarded_resume_20260914,work_dirs/channelwise_ijbc96_guarded_resume_20260914/ijbc_calibration_epoch14_lr1e4_3000_full/channelwise_calibration_lr1e4_3000/ijbc_tar_at_far.csv,7b04b16b6302643acd34259907a039d44d99177e0ff1a3b05dc13438d14c81bc,ijbc-IJBC,0.1,99.0,unknown,unknown,unknown,unknown,unknown,needs_protocol_review
channelwise_ijbc96_guarded_resume_20260914,work_dirs/channelwise_ijbc96_guarded_resume_20260914/ijbc_calibration_epoch14_residual6_full/channelwise_residual6/ijbc_tar_at_far.csv,cc2b31567aae92236b67fa63ec57bc6ef37030d16e141fc8f72b2f0648585ab7,ijbc-IJBC,1e-06,87.49,unknown,unknown,unknown,unknown,unknown,needs_protocol_review
channelwise_ijbc96_guarded_resume_20260914,work_dirs/channelwise_ijbc96_guarded_resume_20260914/ijbc_calibration_epoch14_residual6_full/channelwise_residual6/ijbc_tar_at_far.csv,cc2b31567aae92236b67fa63ec57bc6ef37030d16e141fc8f72b2f0648585ab7,ijbc-IJBC,1e-05,93.56,unknown,unknown,unknown,unknown,unknown,needs_protocol_review
channelwise_ijbc96_guarded_resume_20260914,work_dirs/channelwise_ijbc96_guarded_resume_20260914/ijbc_calibration_epoch14_residual6_full/channelwise_residual6/ijbc_tar_at_far.csv,cc2b31567aae92236b67fa63ec57bc6ef37030d16e141fc8f72b2f0648585ab7,ijbc-IJBC,0.0001,95.78,unknown,unknown,unknown,unknown,unknown,needs_protocol_review
channelwise_ijbc96_guarded_resume_20260914,work_dirs/channelwise_ijbc96_guarded_resume_20260914/ijbc_calibration_epoch14_residual6_full/channelwise_residual6/ijbc_tar_at_far.csv,cc2b31567aae92236b67fa63ec57bc6ef37030d16e141fc8f72b2f0648585ab7,ijbc-IJBC,0.001,97.37,unknown,unknown,unknown,unknown,unknown,needs_protocol_review
channelwise_ijbc96_guarded_resume_20260914,work_dirs/channelwise_ijbc96_guarded_resume_20260914/ijbc_calibration_epoch14_residual6_full/channelwise_residual6/ijbc_tar_at_far.csv,cc2b31567aae92236b67fa63ec57bc6ef37030d16e141fc8f72b2f0648585ab7,ijbc-IJBC,0.01,98.42,unknown,unknown,unknown,unknown,unknown,needs_protocol_review
channelwise_ijbc96_guarded_resume_20260914,work_dirs/channelwise_ijbc96_guarded_resume_20260914/ijbc_calibration_epoch14_residual6_full/channelwise_residual6/ijbc_tar_at_far.csv,cc2b31567aae92236b67fa63ec57bc6ef37030d16e141fc8f72b2f0648585ab7,ijbc-IJBC,0.1,99.05,unknown,unknown,unknown,unknown,unknown,needs_protocol_review
channelwise_ijbc96_guarded_resume_20260914,work_dirs/channelwise_ijbc96_guarded_resume_20260914/ijbc_epoch14/channelwise_epoch14/ijbc_tar_at_far.csv,a67b2c55d55e7c12360d5a37dda7c52221d5b63f5964ee8ae212a8611b9a6010,ijbc-IJBC,1e-06,90.26,unknown,unknown,unknown,unknown,unknown,needs_protocol_review
channelwise_ijbc96_guarded_resume_20260914,work_dirs/channelwise_ijbc96_guarded_resume_20260914/ijbc_epoch14/channelwise_epoch14/ijbc_tar_at_far.csv,a67b2c55d55e7c12360d5a37dda7c52221d5b63f5964ee8ae212a8611b9a6010,ijbc-IJBC,1e-05,93.57,unknown,unknown,unknown,unknown,unknown,needs_protocol_review
channelwise_ijbc96_guarded_resume_20260914,work_dirs/channelwise_ijbc96_guarded_resume_20260914/ijbc_epoch14/channelwise_epoch14/ijbc_tar_at_far.csv,a67b2c55d55e7c12360d5a37dda7c52221d5b63f5964ee8ae212a8611b9a6010,ijbc-IJBC,0.0001,95.54,unknown,unknown,unknown,unknown,unknown,needs_protocol_review
channelwise_ijbc96_guarded_resume_20260914,work_dirs/channelwise_ijbc96_guarded_resume_20260914/ijbc_epoch14/channelwise_epoch14/ijbc_tar_at_far.csv,a67b2c55d55e7c12360d5a37dda7c52221d5b63f5964ee8ae212a8611b9a6010,ijbc-IJBC,0.001,96.96,unknown,unknown,unknown,unknown,unknown,needs_protocol_review
channelwise_ijbc96_guarded_resume_20260914,work_dirs/channelwise_ijbc96_guarded_resume_20260914/ijbc_epoch14/channelwise_epoch14/ijbc_tar_at_far.csv,a67b2c55d55e7c12360d5a37dda7c52221d5b63f5964ee8ae212a8611b9a6010,ijbc-IJBC,0.01,97.92,unknown,unknown,unknown,unknown,unknown,needs_protocol_review
channelwise_ijbc96_guarded_resume_20260914,work_dirs/channelwise_ijbc96_guarded_resume_20260914/ijbc_epoch14/channelwise_epoch14/ijbc_tar_at_far.csv,a67b2c55d55e7c12360d5a37dda7c52221d5b63f5964ee8ae212a8611b9a6010,ijbc-IJBC,0.1,98.57,unknown,unknown,unknown,unknown,unknown,needs_protocol_review
channelwise_linear_head_20260915,work_dirs/channelwise_linear_head_20260915/ijbc_full/linear_head/ijbc_tar_at_far.csv,31f7617fa9d30ab44abf9aee036caa7e4956fc7ea7e907f3544d48683cebcd76,ijbc-IJBC,1e-06,89.1,unknown,unknown,unknown,unknown,unknown,needs_protocol_review
channelwise_linear_head_20260915,work_dirs/channelwise_linear_head_20260915/ijbc_full/linear_head/ijbc_tar_at_far.csv,31f7617fa9d30ab44abf9aee036caa7e4956fc7ea7e907f3544d48683cebcd76,ijbc-IJBC,1e-05,93.39,unknown,unknown,unknown,unknown,unknown,needs_protocol_review
channelwise_linear_head_20260915,work_dirs/channelwise_linear_head_20260915/ijbc_full/linear_head/ijbc_tar_at_far.csv,31f7617fa9d30ab44abf9aee036caa7e4956fc7ea7e907f3544d48683cebcd76,ijbc-IJBC,0.0001,95.78,unknown,unknown,unknown,unknown,unknown,needs_protocol_review
channelwise_linear_head_20260915,work_dirs/channelwise_linear_head_20260915/ijbc_full/linear_head/ijbc_tar_at_far.csv,31f7617fa9d30ab44abf9aee036caa7e4956fc7ea7e907f3544d48683cebcd76,ijbc-IJBC,0.001,97.32,unknown,unknown,unknown,unknown,unknown,needs_protocol_review
channelwise_linear_head_20260915,work_dirs/channelwise_linear_head_20260915/ijbc_full/linear_head/ijbc_tar_at_far.csv,31f7617fa9d30ab44abf9aee036caa7e4956fc7ea7e907f3544d48683cebcd76,ijbc-IJBC,0.01,98.39,unknown,unknown,unknown,unknown,unknown,needs_protocol_review
channelwise_linear_head_20260915,work_dirs/channelwise_linear_head_20260915/ijbc_full/linear_head/ijbc_tar_at_far.csv,31f7617fa9d30ab44abf9aee036caa7e4956fc7ea7e907f3544d48683cebcd76,ijbc-IJBC,0.1,98.99,unknown,unknown,unknown,unknown,unknown,needs_protocol_review
channelwise_pair_geometry_20260915,work_dirs/channelwise_pair_geometry_20260915/ijbc_full/pair_geometry/ijbc_tar_at_far.csv,92a357a43beff73e75a51a048b958d50ddf5bd8c07dd5d6fe6e3dff18e6a629a,ijbc-IJBC,1e-06,90.24,unknown,unknown,unknown,unknown,unknown,needs_protocol_review
channelwise_pair_geometry_20260915,work_dirs/channelwise_pair_geometry_20260915/ijbc_full/pair_geometry/ijbc_tar_at_far.csv,92a357a43beff73e75a51a048b958d50ddf5bd8c07dd5d6fe6e3dff18e6a629a,ijbc-IJBC,1e-05,93.83,unknown,unknown,unknown,unknown,unknown,needs_protocol_review
channelwise_pair_geometry_20260915,work_dirs/channelwise_pair_geometry_20260915/ijbc_full/pair_geometry/ijbc_tar_at_far.csv,92a357a43beff73e75a51a048b958d50ddf5bd8c07dd5d6fe6e3dff18e6a629a,ijbc-IJBC,0.0001,95.89,unknown,unknown,unknown,unknown,unknown,needs_protocol_review
channelwise_pair_geometry_20260915,work_dirs/channelwise_pair_geometry_20260915/ijbc_full/pair_geometry/ijbc_tar_at_far.csv,92a357a43beff73e75a51a048b958d50ddf5bd8c07dd5d6fe6e3dff18e6a629a,ijbc-IJBC,0.001,97.34,unknown,unknown,unknown,unknown,unknown,needs_protocol_review
channelwise_pair_geometry_20260915,work_dirs/channelwise_pair_geometry_20260915/ijbc_full/pair_geometry/ijbc_tar_at_far.csv,92a357a43beff73e75a51a048b958d50ddf5bd8c07dd5d6fe6e3dff18e6a629a,ijbc-IJBC,0.01,98.37,unknown,unknown,unknown,unknown,unknown,needs_protocol_review
channelwise_pair_geometry_20260915,work_dirs/channelwise_pair_geometry_20260915/ijbc_full/pair_geometry/ijbc_tar_at_far.csv,92a357a43beff73e75a51a048b958d50ddf5bd8c07dd5d6fe6e3dff18e6a629a,ijbc-IJBC,0.1,99.04,unknown,unknown,unknown,unknown,unknown,needs_protocol_review
channelwise_pair_geometry_8000_20260915,work_dirs/channelwise_pair_geometry_8000_20260915/ijbc_full/pair_geometry/ijbc_tar_at_far.csv,5bbcb16599c8772b358010e7453d45662d9c91ae7a8947f4df9daf168dbeb882,ijbc-IJBC,1e-06,90.09,unknown,unknown,unknown,unknown,unknown,needs_protocol_review
channelwise_pair_geometry_8000_20260915,work_dirs/channelwise_pair_geometry_8000_20260915/ijbc_full/pair_geometry/ijbc_tar_at_far.csv,5bbcb16599c8772b358010e7453d45662d9c91ae7a8947f4df9daf168dbeb882,ijbc-IJBC,1e-05,93.66,unknown,unknown,unknown,unknown,unknown,needs_protocol_review
channelwise_pair_geometry_8000_20260915,work_dirs/channelwise_pair_geometry_8000_20260915/ijbc_full/pair_geometry/ijbc_tar_at_far.csv,5bbcb16599c8772b358010e7453d45662d9c91ae7a8947f4df9daf168dbeb882,ijbc-IJBC,0.0001,95.87,unknown,unknown,unknown,unknown,unknown,needs_protocol_review
channelwise_pair_geometry_8000_20260915,work_dirs/channelwise_pair_geometry_8000_20260915/ijbc_full/pair_geometry/ijbc_tar_at_far.csv,5bbcb16599c8772b358010e7453d45662d9c91ae7a8947f4df9daf168dbeb882,ijbc-IJBC,0.001,97.31,unknown,unknown,unknown,unknown,unknown,needs_protocol_review
channelwise_pair_geometry_8000_20260915,work_dirs/channelwise_pair_geometry_8000_20260915/ijbc_full/pair_geometry/ijbc_tar_at_far.csv,5bbcb16599c8772b358010e7453d45662d9c91ae7a8947f4df9daf168dbeb882,ijbc-IJBC,0.01,98.35,unknown,unknown,unknown,unknown,unknown,needs_protocol_review
channelwise_pair_geometry_8000_20260915,work_dirs/channelwise_pair_geometry_8000_20260915/ijbc_full/pair_geometry/ijbc_tar_at_far.csv,5bbcb16599c8772b358010e7453d45662d9c91ae7a8947f4df9daf168dbeb882,ijbc-IJBC,0.1,99.04,unknown,unknown,unknown,unknown,unknown,needs_protocol_review
channelwise_prelu_verified_20260915,work_dirs/channelwise_prelu_verified_20260915/ijbc_full/original_prelu/ijbc_tar_at_far.csv,b6ff745229a4c338c6cc4de65469410cd2164d186a6f4094b7e01489663c9992,ijbc-IJBC,1e-06,90.39,unknown,unknown,unknown,unknown,unknown,needs_protocol_review
channelwise_prelu_verified_20260915,work_dirs/channelwise_prelu_verified_20260915/ijbc_full/original_prelu/ijbc_tar_at_far.csv,b6ff745229a4c338c6cc4de65469410cd2164d186a6f4094b7e01489663c9992,ijbc-IJBC,1e-05,94.86,unknown,unknown,unknown,unknown,unknown,needs_protocol_review
channelwise_prelu_verified_20260915,work_dirs/channelwise_prelu_verified_20260915/ijbc_full/original_prelu/ijbc_tar_at_far.csv,b6ff745229a4c338c6cc4de65469410cd2164d186a6f4094b7e01489663c9992,ijbc-IJBC,0.0001,96.56,unknown,unknown,unknown,unknown,unknown,needs_protocol_review
channelwise_prelu_verified_20260915,work_dirs/channelwise_prelu_verified_20260915/ijbc_full/original_prelu/ijbc_tar_at_far.csv,b6ff745229a4c338c6cc4de65469410cd2164d186a6f4094b7e01489663c9992,ijbc-IJBC,0.001,97.72,unknown,unknown,unknown,unknown,unknown,needs_protocol_review
channelwise_prelu_verified_20260915,work_dirs/channelwise_prelu_verified_20260915/ijbc_full/original_prelu/ijbc_tar_at_far.csv,b6ff745229a4c338c6cc4de65469410cd2164d186a6f4094b7e01489663c9992,ijbc-IJBC,0.01,98.55,unknown,unknown,unknown,unknown,unknown,needs_protocol_review
channelwise_prelu_verified_20260915,work_dirs/channelwise_prelu_verified_20260915/ijbc_full/original_prelu/ijbc_tar_at_far.csv,b6ff745229a4c338c6cc4de65469410cd2164d186a6f4094b7e01489663c9992,ijbc-IJBC,0.1,99.11,unknown,unknown,unknown,unknown,unknown,needs_protocol_review
channelwise_template_anchor03_20260915,work_dirs/channelwise_template_anchor03_20260915/ijbc_full/pair_geometry/ijbc_tar_at_far.csv,5af9c40b84c2f4a18a92cc27b00467049ed1d7cecb93328e05648c88a477a2c4,ijbc-IJBC,1e-06,89.25,unknown,unknown,unknown,unknown,unknown,needs_protocol_review
channelwise_template_anchor03_20260915,work_dirs/channelwise_template_anchor03_20260915/ijbc_full/pair_geometry/ijbc_tar_at_far.csv,5af9c40b84c2f4a18a92cc27b00467049ed1d7cecb93328e05648c88a477a2c4,ijbc-IJBC,1e-05,93.74,unknown,unknown,unknown,unknown,unknown,needs_protocol_review
channelwise_template_anchor03_20260915,work_dirs/channelwise_template_anchor03_20260915/ijbc_full/pair_geometry/ijbc_tar_at_far.csv,5af9c40b84c2f4a18a92cc27b00467049ed1d7cecb93328e05648c88a477a2c4,ijbc-IJBC,0.0001,95.95,unknown,unknown,unknown,unknown,unknown,needs_protocol_review
channelwise_template_anchor03_20260915,work_dirs/channelwise_template_anchor03_20260915/ijbc_full/pair_geometry/ijbc_tar_at_far.csv,5af9c40b84c2f4a18a92cc27b00467049ed1d7cecb93328e05648c88a477a2c4,ijbc-IJBC,0.001,97.43,unknown,unknown,unknown,unknown,unknown,needs_protocol_review
channelwise_template_anchor03_20260915,work_dirs/channelwise_template_anchor03_20260915/ijbc_full/pair_geometry/ijbc_tar_at_far.csv,5af9c40b84c2f4a18a92cc27b00467049ed1d7cecb93328e05648c88a477a2c4,ijbc-IJBC,0.01,98.32,unknown,unknown,unknown,unknown,unknown,needs_protocol_review
channelwise_template_anchor03_20260915,work_dirs/channelwise_template_anchor03_20260915/ijbc_full/pair_geometry/ijbc_tar_at_far.csv,5af9c40b84c2f4a18a92cc27b00467049ed1d7cecb93328e05648c88a477a2c4,ijbc-IJBC,0.1,99.03,unknown,unknown,unknown,unknown,unknown,needs_protocol_review
channelwise_template_geometry_20260915,work_dirs/channelwise_template_geometry_20260915/ijbc_full/pair_geometry/ijbc_tar_at_far.csv,2de56bd377b082ce61ef84a630357fd59a644ff0d5d1c37ab5cfdac54eada175,ijbc-IJBC,1e-06,90.14,unknown,unknown,unknown,unknown,unknown,needs_protocol_review
channelwise_template_geometry_20260915,work_dirs/channelwise_template_geometry_20260915/ijbc_full/pair_geometry/ijbc_tar_at_far.csv,2de56bd377b082ce61ef84a630357fd59a644ff0d5d1c37ab5cfdac54eada175,ijbc-IJBC,1e-05,93.88,unknown,unknown,unknown,unknown,unknown,needs_protocol_review
channelwise_template_geometry_20260915,work_dirs/channelwise_template_geometry_20260915/ijbc_full/pair_geometry/ijbc_tar_at_far.csv,2de56bd377b082ce61ef84a630357fd59a644ff0d5d1c37ab5cfdac54eada175,ijbc-IJBC,0.0001,95.89,unknown,unknown,unknown,unknown,unknown,needs_protocol_review
channelwise_template_geometry_20260915,work_dirs/channelwise_template_geometry_20260915/ijbc_full/pair_geometry/ijbc_tar_at_far.csv,2de56bd377b082ce61ef84a630357fd59a644ff0d5d1c37ab5cfdac54eada175,ijbc-IJBC,0.001,97.35,unknown,unknown,unknown,unknown,unknown,needs_protocol_review
channelwise_template_geometry_20260915,work_dirs/channelwise_template_geometry_20260915/ijbc_full/pair_geometry/ijbc_tar_at_far.csv,2de56bd377b082ce61ef84a630357fd59a644ff0d5d1c37ab5cfdac54eada175,ijbc-IJBC,0.01,98.41,unknown,unknown,unknown,unknown,unknown,needs_protocol_review
channelwise_template_geometry_20260915,work_dirs/channelwise_template_geometry_20260915/ijbc_full/pair_geometry/ijbc_tar_at_far.csv,2de56bd377b082ce61ef84a630357fd59a644ff0d5d1c37ab5cfdac54eada175,ijbc-IJBC,0.1,99.05,unknown,unknown,unknown,unknown,unknown,needs_protocol_review
channelwise_template_population_20260915,work_dirs/channelwise_template_population_20260915/ijbc_full/pair_geometry/ijbc_tar_at_far.csv,923cd047acddbe606b49384258ccde4cc54b2359a29632671381513222aa1247,ijbc-IJBC,1e-06,90.12,unknown,unknown,unknown,unknown,unknown,needs_protocol_review
channelwise_template_population_20260915,work_dirs/channelwise_template_population_20260915/ijbc_full/pair_geometry/ijbc_tar_at_far.csv,923cd047acddbe606b49384258ccde4cc54b2359a29632671381513222aa1247,ijbc-IJBC,1e-05,93.82,unknown,unknown,unknown,unknown,unknown,needs_protocol_review
channelwise_template_population_20260915,work_dirs/channelwise_template_population_20260915/ijbc_full/pair_geometry/ijbc_tar_at_far.csv,923cd047acddbe606b49384258ccde4cc54b2359a29632671381513222aa1247,ijbc-IJBC,0.0001,95.96,unknown,unknown,unknown,unknown,unknown,needs_protocol_review
channelwise_template_population_20260915,work_dirs/channelwise_template_population_20260915/ijbc_full/pair_geometry/ijbc_tar_at_far.csv,923cd047acddbe606b49384258ccde4cc54b2359a29632671381513222aa1247,ijbc-IJBC,0.001,97.36,unknown,unknown,unknown,unknown,unknown,needs_protocol_review
channelwise_template_population_20260915,work_dirs/channelwise_template_population_20260915/ijbc_full/pair_geometry/ijbc_tar_at_far.csv,923cd047acddbe606b49384258ccde4cc54b2359a29632671381513222aa1247,ijbc-IJBC,0.01,98.35,unknown,unknown,unknown,unknown,unknown,needs_protocol_review
channelwise_template_population_20260915,work_dirs/channelwise_template_population_20260915/ijbc_full/pair_geometry/ijbc_tar_at_far.csv,923cd047acddbe606b49384258ccde4cc54b2359a29632671381513222aa1247,ijbc-IJBC,0.1,99.04,unknown,unknown,unknown,unknown,unknown,needs_protocol_review
channelwise_template_population_expanded_20260915,work_dirs/channelwise_template_population_expanded_20260915/ijbc_full/pair_geometry/ijbc_tar_at_far.csv,9389f9f5c03f8fa1416dc5cb563469fabb0fb6fa148c339e46a829bc089efb1a,ijbc-IJBC,1e-06,89.01,unknown,unknown,unknown,unknown,unknown,needs_protocol_review
channelwise_template_population_expanded_20260915,work_dirs/channelwise_template_population_expanded_20260915/ijbc_full/pair_geometry/ijbc_tar_at_far.csv,9389f9f5c03f8fa1416dc5cb563469fabb0fb6fa148c339e46a829bc089efb1a,ijbc-IJBC,1e-05,93.78,unknown,unknown,unknown,unknown,unknown,needs_protocol_review
channelwise_template_population_expanded_20260915,work_dirs/channelwise_template_population_expanded_20260915/ijbc_full/pair_geometry/ijbc_tar_at_far.csv,9389f9f5c03f8fa1416dc5cb563469fabb0fb6fa148c339e46a829bc089efb1a,ijbc-IJBC,0.0001,95.97,unknown,unknown,unknown,unknown,unknown,needs_protocol_review
channelwise_template_population_expanded_20260915,work_dirs/channelwise_template_population_expanded_20260915/ijbc_full/pair_geometry/ijbc_tar_at_far.csv,9389f9f5c03f8fa1416dc5cb563469fabb0fb6fa148c339e46a829bc089efb1a,ijbc-IJBC,0.001,97.43,unknown,unknown,unknown,unknown,unknown,needs_protocol_review
channelwise_template_population_expanded_20260915,work_dirs/channelwise_template_population_expanded_20260915/ijbc_full/pair_geometry/ijbc_tar_at_far.csv,9389f9f5c03f8fa1416dc5cb563469fabb0fb6fa148c339e46a829bc089efb1a,ijbc-IJBC,0.01,98.32,unknown,unknown,unknown,unknown,unknown,needs_protocol_review
channelwise_template_population_expanded_20260915,work_dirs/channelwise_template_population_expanded_20260915/ijbc_full/pair_geometry/ijbc_tar_at_far.csv,9389f9f5c03f8fa1416dc5cb563469fabb0fb6fa148c339e46a829bc089efb1a,ijbc-IJBC,0.1,99.02,unknown,unknown,unknown,unknown,unknown,needs_protocol_review
channelwise_template_supervised01_20260915,work_dirs/channelwise_template_supervised01_20260915/ijbc_full/pair_geometry/ijbc_tar_at_far.csv,41d54432d9fdcb8df475a28842185af03a04ea07c57f6082992adac15da53630,ijbc-IJBC,1e-06,89.23,unknown,unknown,unknown,unknown,unknown,needs_protocol_review
channelwise_template_supervised01_20260915,work_dirs/channelwise_template_supervised01_20260915/ijbc_full/pair_geometry/ijbc_tar_at_far.csv,41d54432d9fdcb8df475a28842185af03a04ea07c57f6082992adac15da53630,ijbc-IJBC,1e-05,93.85,unknown,unknown,unknown,unknown,unknown,needs_protocol_review
channelwise_template_supervised01_20260915,work_dirs/channelwise_template_supervised01_20260915/ijbc_full/pair_geometry/ijbc_tar_at_far.csv,41d54432d9fdcb8df475a28842185af03a04ea07c57f6082992adac15da53630,ijbc-IJBC,0.0001,96.06,unknown,unknown,unknown,unknown,unknown,needs_protocol_review
channelwise_template_supervised01_20260915,work_dirs/channelwise_template_supervised01_20260915/ijbc_full/pair_geometry/ijbc_tar_at_far.csv,41d54432d9fdcb8df475a28842185af03a04ea07c57f6082992adac15da53630,ijbc-IJBC,0.001,97.49,unknown,unknown,unknown,unknown,unknown,needs_protocol_review
channelwise_template_supervised01_20260915,work_dirs/channelwise_template_supervised01_20260915/ijbc_full/pair_geometry/ijbc_tar_at_far.csv,41d54432d9fdcb8df475a28842185af03a04ea07c57f6082992adac15da53630,ijbc-IJBC,0.01,98.38,unknown,unknown,unknown,unknown,unknown,needs_protocol_review
channelwise_template_supervised01_20260915,work_dirs/channelwise_template_supervised01_20260915/ijbc_full/pair_geometry/ijbc_tar_at_far.csv,41d54432d9fdcb8df475a28842185af03a04ea07c57f6082992adac15da53630,ijbc-IJBC,0.1,99.06,unknown,unknown,unknown,unknown,unknown,needs_protocol_review
channelwise_template_tail01_20260915,work_dirs/channelwise_template_tail01_20260915/ijbc_full/pair_geometry/ijbc_tar_at_far.csv,868dd19d87f9695b742701577c3fb9db2ed07d1f6cef9e084f87574fffabfd67,ijbc-IJBC,1e-06,89.92,unknown,unknown,unknown,unknown,unknown,needs_protocol_review
channelwise_template_tail01_20260915,work_dirs/channelwise_template_tail01_20260915/ijbc_full/pair_geometry/ijbc_tar_at_far.csv,868dd19d87f9695b742701577c3fb9db2ed07d1f6cef9e084f87574fffabfd67,ijbc-IJBC,1e-05,93.78,unknown,unknown,unknown,unknown,unknown,needs_protocol_review
channelwise_template_tail01_20260915,work_dirs/channelwise_template_tail01_20260915/ijbc_full/pair_geometry/ijbc_tar_at_far.csv,868dd19d87f9695b742701577c3fb9db2ed07d1f6cef9e084f87574fffabfd67,ijbc-IJBC,0.0001,95.84,unknown,unknown,unknown,unknown,unknown,needs_protocol_review
channelwise_template_tail01_20260915,work_dirs/channelwise_template_tail01_20260915/ijbc_full/pair_geometry/ijbc_tar_at_far.csv,868dd19d87f9695b742701577c3fb9db2ed07d1f6cef9e084f87574fffabfd67,ijbc-IJBC,0.001,97.38,unknown,unknown,unknown,unknown,unknown,needs_protocol_review
channelwise_template_tail01_20260915,work_dirs/channelwise_template_tail01_20260915/ijbc_full/pair_geometry/ijbc_tar_at_far.csv,868dd19d87f9695b742701577c3fb9db2ed07d1f6cef9e084f87574fffabfd67,ijbc-IJBC,0.01,98.37,unknown,unknown,unknown,unknown,unknown,needs_protocol_review
channelwise_template_tail01_20260915,work_dirs/channelwise_template_tail01_20260915/ijbc_full/pair_geometry/ijbc_tar_at_far.csv,868dd19d87f9695b742701577c3fb9db2ed07d1f6cef9e084f87574fffabfd67,ijbc-IJBC,0.1,99.04,unknown,unknown,unknown,unknown,unknown,needs_protocol_review
channelwise_template_tail02_20260915,work_dirs/channelwise_template_tail02_20260915/ijbc_full/pair_geometry/ijbc_tar_at_far.csv,9316c155bc1ac11ef410ec1f4796fa6dfebd1c2df87340f6a7c84a3c55b38b26,ijbc-IJBC,1e-06,90.16,unknown,unknown,unknown,unknown,unknown,needs_protocol_review
channelwise_template_tail02_20260915,work_dirs/channelwise_template_tail02_20260915/ijbc_full/pair_geometry/ijbc_tar_at_far.csv,9316c155bc1ac11ef410ec1f4796fa6dfebd1c2df87340f6a7c84a3c55b38b26,ijbc-IJBC,1e-05,93.74,unknown,unknown,unknown,unknown,unknown,needs_protocol_review
channelwise_template_tail02_20260915,work_dirs/channelwise_template_tail02_20260915/ijbc_full/pair_geometry/ijbc_tar_at_far.csv,9316c155bc1ac11ef410ec1f4796fa6dfebd1c2df87340f6a7c84a3c55b38b26,ijbc-IJBC,0.0001,95.96,unknown,unknown,unknown,unknown,unknown,needs_protocol_review
channelwise_template_tail02_20260915,work_dirs/channelwise_template_tail02_20260915/ijbc_full/pair_geometry/ijbc_tar_at_far.csv,9316c155bc1ac11ef410ec1f4796fa6dfebd1c2df87340f6a7c84a3c55b38b26,ijbc-IJBC,0.001,97.4,unknown,unknown,unknown,unknown,unknown,needs_protocol_review
channelwise_template_tail02_20260915,work_dirs/channelwise_template_tail02_20260915/ijbc_full/pair_geometry/ijbc_tar_at_far.csv,9316c155bc1ac11ef410ec1f4796fa6dfebd1c2df87340f6a7c84a3c55b38b26,ijbc-IJBC,0.01,98.35,unknown,unknown,unknown,unknown,unknown,needs_protocol_review
channelwise_template_tail02_20260915,work_dirs/channelwise_template_tail02_20260915/ijbc_full/pair_geometry/ijbc_tar_at_far.csv,9316c155bc1ac11ef410ec1f4796fa6dfebd1c2df87340f6a7c84a3c55b38b26,ijbc-IJBC,0.1,99.03,unknown,unknown,unknown,unknown,unknown,needs_protocol_review
controlled_degree2_accuracy_recovery_head_only_v3_20260908,work_dirs/controlled_degree2_accuracy_recovery_head_only_v3_20260908/ijbc_epoch1/result/controlled_d2/ijbc_tar_at_far.csv,516a02bdd8d499ab7b24b7a8151c7f79e8db58d9496d5f0e24d63d36e495785e,ijbc-IJBC,1e-06,80.47,unknown,unknown,unknown,unknown,unknown,needs_protocol_review
controlled_degree2_accuracy_recovery_head_only_v3_20260908,work_dirs/controlled_degree2_accuracy_recovery_head_only_v3_20260908/ijbc_epoch1/result/controlled_d2/ijbc_tar_at_far.csv,516a02bdd8d499ab7b24b7a8151c7f79e8db58d9496d5f0e24d63d36e495785e,ijbc-IJBC,1e-05,88.7,unknown,unknown,unknown,unknown,unknown,needs_protocol_review
controlled_degree2_accuracy_recovery_head_only_v3_20260908,work_dirs/controlled_degree2_accuracy_recovery_head_only_v3_20260908/ijbc_epoch1/result/controlled_d2/ijbc_tar_at_far.csv,516a02bdd8d499ab7b24b7a8151c7f79e8db58d9496d5f0e24d63d36e495785e,ijbc-IJBC,0.0001,93.42,unknown,unknown,unknown,unknown,unknown,needs_protocol_review
controlled_degree2_accuracy_recovery_head_only_v3_20260908,work_dirs/controlled_degree2_accuracy_recovery_head_only_v3_20260908/ijbc_epoch1/result/controlled_d2/ijbc_tar_at_far.csv,516a02bdd8d499ab7b24b7a8151c7f79e8db58d9496d5f0e24d63d36e495785e,ijbc-IJBC,0.001,95.97,unknown,unknown,unknown,unknown,unknown,needs_protocol_review
controlled_degree2_accuracy_recovery_head_only_v3_20260908,work_dirs/controlled_degree2_accuracy_recovery_head_only_v3_20260908/ijbc_epoch1/result/controlled_d2/ijbc_tar_at_far.csv,516a02bdd8d499ab7b24b7a8151c7f79e8db58d9496d5f0e24d63d36e495785e,ijbc-IJBC,0.01,97.64,unknown,unknown,unknown,unknown,unknown,needs_protocol_review
controlled_degree2_accuracy_recovery_head_only_v3_20260908,work_dirs/controlled_degree2_accuracy_recovery_head_only_v3_20260908/ijbc_epoch1/result/controlled_d2/ijbc_tar_at_far.csv,516a02bdd8d499ab7b24b7a8151c7f79e8db58d9496d5f0e24d63d36e495785e,ijbc-IJBC,0.1,98.81,unknown,unknown,unknown,unknown,unknown,needs_protocol_review
controlled_degree2_accuracy_recovery_ms1mv3_v1_20260908,work_dirs/controlled_degree2_accuracy_recovery_ms1mv3_v1_20260908/ijbc_epoch1/result/controlled_d2/ijbc_tar_at_far.csv,2231d901e067d5d17702dc324d7e0fba528143068e67d37c51e46217022af2d9,ijbc-IJBC,1e-06,76.69,unknown,unknown,unknown,unknown,unknown,needs_protocol_review
controlled_degree2_accuracy_recovery_ms1mv3_v1_20260908,work_dirs/controlled_degree2_accuracy_recovery_ms1mv3_v1_20260908/ijbc_epoch1/result/controlled_d2/ijbc_tar_at_far.csv,2231d901e067d5d17702dc324d7e0fba528143068e67d37c51e46217022af2d9,ijbc-IJBC,1e-05,87.74,unknown,unknown,unknown,unknown,unknown,needs_protocol_review
controlled_degree2_accuracy_recovery_ms1mv3_v1_20260908,work_dirs/controlled_degree2_accuracy_recovery_ms1mv3_v1_20260908/ijbc_epoch1/result/controlled_d2/ijbc_tar_at_far.csv,2231d901e067d5d17702dc324d7e0fba528143068e67d37c51e46217022af2d9,ijbc-IJBC,0.0001,93.38,unknown,unknown,unknown,unknown,unknown,needs_protocol_review
controlled_degree2_accuracy_recovery_ms1mv3_v1_20260908,work_dirs/controlled_degree2_accuracy_recovery_ms1mv3_v1_20260908/ijbc_epoch1/result/controlled_d2/ijbc_tar_at_far.csv,2231d901e067d5d17702dc324d7e0fba528143068e67d37c51e46217022af2d9,ijbc-IJBC,0.001,96.12,unknown,unknown,unknown,unknown,unknown,needs_protocol_review
controlled_degree2_accuracy_recovery_ms1mv3_v1_20260908,work_dirs/controlled_degree2_accuracy_recovery_ms1mv3_v1_20260908/ijbc_epoch1/result/controlled_d2/ijbc_tar_at_far.csv,2231d901e067d5d17702dc324d7e0fba528143068e67d37c51e46217022af2d9,ijbc-IJBC,0.01,97.69,unknown,unknown,unknown,unknown,unknown,needs_protocol_review
controlled_degree2_accuracy_recovery_ms1mv3_v1_20260908,work_dirs/controlled_degree2_accuracy_recovery_ms1mv3_v1_20260908/ijbc_epoch1/result/controlled_d2/ijbc_tar_at_far.csv,2231d901e067d5d17702dc324d7e0fba528143068e67d37c51e46217022af2d9,ijbc-IJBC,0.1,98.89,unknown,unknown,unknown,unknown,unknown,needs_protocol_review
controlled_degree2_tail_ms1mv3_20260907,work_dirs/controlled_degree2_tail_ms1mv3_20260907/ijbc_controlled/result/r50_controlled_d2_tail/ijbc_tar_at_far.csv,efb5d2775cb42a91ac74d2a09d4d6a39a6827fcc6c1e0b3116ab24743ed996bb,ijbc-IJBC,1e-06,84.5,unknown,unknown,unknown,unknown,unknown,needs_protocol_review
controlled_degree2_tail_ms1mv3_20260907,work_dirs/controlled_degree2_tail_ms1mv3_20260907/ijbc_controlled/result/r50_controlled_d2_tail/ijbc_tar_at_far.csv,efb5d2775cb42a91ac74d2a09d4d6a39a6827fcc6c1e0b3116ab24743ed996bb,ijbc-IJBC,1e-05,92.75,unknown,unknown,unknown,unknown,unknown,needs_protocol_review
controlled_degree2_tail_ms1mv3_20260907,work_dirs/controlled_degree2_tail_ms1mv3_20260907/ijbc_controlled/result/r50_controlled_d2_tail/ijbc_tar_at_far.csv,efb5d2775cb42a91ac74d2a09d4d6a39a6827fcc6c1e0b3116ab24743ed996bb,ijbc-IJBC,0.0001,95.64,unknown,unknown,unknown,unknown,unknown,needs_protocol_review
controlled_degree2_tail_ms1mv3_20260907,work_dirs/controlled_degree2_tail_ms1mv3_20260907/ijbc_controlled/result/r50_controlled_d2_tail/ijbc_tar_at_far.csv,efb5d2775cb42a91ac74d2a09d4d6a39a6827fcc6c1e0b3116ab24743ed996bb,ijbc-IJBC,0.001,97.14,unknown,unknown,unknown,unknown,unknown,needs_protocol_review
controlled_degree2_tail_ms1mv3_20260907,work_dirs/controlled_degree2_tail_ms1mv3_20260907/ijbc_controlled/result/r50_controlled_d2_tail/ijbc_tar_at_far.csv,efb5d2775cb42a91ac74d2a09d4d6a39a6827fcc6c1e0b3116ab24743ed996bb,ijbc-IJBC,0.01,98.32,unknown,unknown,unknown,unknown,unknown,needs_protocol_review
controlled_degree2_tail_ms1mv3_20260907,work_dirs/controlled_degree2_tail_ms1mv3_20260907/ijbc_controlled/result/r50_controlled_d2_tail/ijbc_tar_at_far.csv,efb5d2775cb42a91ac74d2a09d4d6a39a6827fcc6c1e0b3116ab24743ed996bb,ijbc-IJBC,0.1,99.0,unknown,unknown,unknown,unknown,unknown,needs_protocol_review
controlled_degree2_tail_ms1mv3_adversarial_v6_20260908,work_dirs/controlled_degree2_tail_ms1mv3_adversarial_v6_20260908/ijbc_final/result/controlled_d2/ijbc_tar_at_far.csv,9d2c7bccd2daa93aedd0646a4f927f183587568f9bc6d6405aa418f6906f8952,ijbc-IJBC,1e-06,82.59,unknown,unknown,unknown,unknown,unknown,needs_protocol_review
controlled_degree2_tail_ms1mv3_adversarial_v6_20260908,work_dirs/controlled_degree2_tail_ms1mv3_adversarial_v6_20260908/ijbc_final/result/controlled_d2/ijbc_tar_at_far.csv,9d2c7bccd2daa93aedd0646a4f927f183587568f9bc6d6405aa418f6906f8952,ijbc-IJBC,1e-05,91.63,unknown,unknown,unknown,unknown,unknown,needs_protocol_review
controlled_degree2_tail_ms1mv3_adversarial_v6_20260908,work_dirs/controlled_degree2_tail_ms1mv3_adversarial_v6_20260908/ijbc_final/result/controlled_d2/ijbc_tar_at_far.csv,9d2c7bccd2daa93aedd0646a4f927f183587568f9bc6d6405aa418f6906f8952,ijbc-IJBC,0.0001,95.05,unknown,unknown,unknown,unknown,unknown,needs_protocol_review
controlled_degree2_tail_ms1mv3_adversarial_v6_20260908,work_dirs/controlled_degree2_tail_ms1mv3_adversarial_v6_20260908/ijbc_final/result/controlled_d2/ijbc_tar_at_far.csv,9d2c7bccd2daa93aedd0646a4f927f183587568f9bc6d6405aa418f6906f8952,ijbc-IJBC,0.001,96.85,unknown,unknown,unknown,unknown,unknown,needs_protocol_review
controlled_degree2_tail_ms1mv3_adversarial_v6_20260908,work_dirs/controlled_degree2_tail_ms1mv3_adversarial_v6_20260908/ijbc_final/result/controlled_d2/ijbc_tar_at_far.csv,9d2c7bccd2daa93aedd0646a4f927f183587568f9bc6d6405aa418f6906f8952,ijbc-IJBC,0.01,98.15,unknown,unknown,unknown,unknown,unknown,needs_protocol_review
controlled_degree2_tail_ms1mv3_adversarial_v6_20260908,work_dirs/controlled_degree2_tail_ms1mv3_adversarial_v6_20260908/ijbc_final/result/controlled_d2/ijbc_tar_at_far.csv,9d2c7bccd2daa93aedd0646a4f927f183587568f9bc6d6405aa418f6906f8952,ijbc-IJBC,0.1,98.96,unknown,unknown,unknown,unknown,unknown,needs_protocol_review
controlled_degree2_tail_ms1mv3_bn_contract_v14_20260908,work_dirs/controlled_degree2_tail_ms1mv3_bn_contract_v14_20260908/candidate_093/ijbc/result/controlled_d2/ijbc_tar_at_far.csv,6e84c574b0bd9bf9d1bf98eb99ae9cfde85ecba25db256d5ff930a9580c005ab,ijbc-IJBC,1e-06,80.53,unknown,unknown,unknown,unknown,unknown,needs_protocol_review
controlled_degree2_tail_ms1mv3_bn_contract_v14_20260908,work_dirs/controlled_degree2_tail_ms1mv3_bn_contract_v14_20260908/candidate_093/ijbc/result/controlled_d2/ijbc_tar_at_far.csv,6e84c574b0bd9bf9d1bf98eb99ae9cfde85ecba25db256d5ff930a9580c005ab,ijbc-IJBC,1e-05,91.0,unknown,unknown,unknown,unknown,unknown,needs_protocol_review
controlled_degree2_tail_ms1mv3_bn_contract_v14_20260908,work_dirs/controlled_degree2_tail_ms1mv3_bn_contract_v14_20260908/candidate_093/ijbc/result/controlled_d2/ijbc_tar_at_far.csv,6e84c574b0bd9bf9d1bf98eb99ae9cfde85ecba25db256d5ff930a9580c005ab,ijbc-IJBC,0.0001,94.94,unknown,unknown,unknown,unknown,unknown,needs_protocol_review
controlled_degree2_tail_ms1mv3_bn_contract_v14_20260908,work_dirs/controlled_degree2_tail_ms1mv3_bn_contract_v14_20260908/candidate_093/ijbc/result/controlled_d2/ijbc_tar_at_far.csv,6e84c574b0bd9bf9d1bf98eb99ae9cfde85ecba25db256d5ff930a9580c005ab,ijbc-IJBC,0.001,96.74,unknown,unknown,unknown,unknown,unknown,needs_protocol_review
controlled_degree2_tail_ms1mv3_bn_contract_v14_20260908,work_dirs/controlled_degree2_tail_ms1mv3_bn_contract_v14_20260908/candidate_093/ijbc/result/controlled_d2/ijbc_tar_at_far.csv,6e84c574b0bd9bf9d1bf98eb99ae9cfde85ecba25db256d5ff930a9580c005ab,ijbc-IJBC,0.01,98.2,unknown,unknown,unknown,unknown,unknown,needs_protocol_review
controlled_degree2_tail_ms1mv3_bn_contract_v14_20260908,work_dirs/controlled_degree2_tail_ms1mv3_bn_contract_v14_20260908/candidate_093/ijbc/result/controlled_d2/ijbc_tar_at_far.csv,6e84c574b0bd9bf9d1bf98eb99ae9cfde85ecba25db256d5ff930a9580c005ab,ijbc-IJBC,0.1,98.97,unknown,unknown,unknown,unknown,unknown,needs_protocol_review
controlled_degree2_tail_ms1mv3_causal_fixed_v5_20260908,work_dirs/controlled_degree2_tail_ms1mv3_causal_fixed_v5_20260908/ijbc_epoch1/result/controlled_d2/ijbc_tar_at_far.csv,00073bd0665cf6e500c139de93ffc2486b1dc94f006f211f2d6a2cf9adbcb5f3,ijbc-IJBC,1e-06,83.58,unknown,unknown,unknown,unknown,unknown,needs_protocol_review
controlled_degree2_tail_ms1mv3_causal_fixed_v5_20260908,work_dirs/controlled_degree2_tail_ms1mv3_causal_fixed_v5_20260908/ijbc_epoch1/result/controlled_d2/ijbc_tar_at_far.csv,00073bd0665cf6e500c139de93ffc2486b1dc94f006f211f2d6a2cf9adbcb5f3,ijbc-IJBC,1e-05,92.51,unknown,unknown,unknown,unknown,unknown,needs_protocol_review
controlled_degree2_tail_ms1mv3_causal_fixed_v5_20260908,work_dirs/controlled_degree2_tail_ms1mv3_causal_fixed_v5_20260908/ijbc_epoch1/result/controlled_d2/ijbc_tar_at_far.csv,00073bd0665cf6e500c139de93ffc2486b1dc94f006f211f2d6a2cf9adbcb5f3,ijbc-IJBC,0.0001,95.49,unknown,unknown,unknown,unknown,unknown,needs_protocol_review
controlled_degree2_tail_ms1mv3_causal_fixed_v5_20260908,work_dirs/controlled_degree2_tail_ms1mv3_causal_fixed_v5_20260908/ijbc_epoch1/result/controlled_d2/ijbc_tar_at_far.csv,00073bd0665cf6e500c139de93ffc2486b1dc94f006f211f2d6a2cf9adbcb5f3,ijbc-IJBC,0.001,97.07,unknown,unknown,unknown,unknown,unknown,needs_protocol_review
controlled_degree2_tail_ms1mv3_causal_fixed_v5_20260908,work_dirs/controlled_degree2_tail_ms1mv3_causal_fixed_v5_20260908/ijbc_epoch1/result/controlled_d2/ijbc_tar_at_far.csv,00073bd0665cf6e500c139de93ffc2486b1dc94f006f211f2d6a2cf9adbcb5f3,ijbc-IJBC,0.01,98.3,unknown,unknown,unknown,unknown,unknown,needs_protocol_review
controlled_degree2_tail_ms1mv3_causal_fixed_v5_20260908,work_dirs/controlled_degree2_tail_ms1mv3_causal_fixed_v5_20260908/ijbc_epoch1/result/controlled_d2/ijbc_tar_at_far.csv,00073bd0665cf6e500c139de93ffc2486b1dc94f006f211f2d6a2cf9adbcb5f3,ijbc-IJBC,0.1,99.04,unknown,unknown,unknown,unknown,unknown,needs_protocol_review
controlled_degree2_tail_ms1mv3_causal_fixed_v5_20260908,work_dirs/controlled_degree2_tail_ms1mv3_causal_fixed_v5_20260908/ijbc_final/result/controlled_d2/ijbc_tar_at_far.csv,aca28006e2630b37d2050c211be832ef023d8f0c6d0c0b5249d57b87960ab812,ijbc-IJBC,1e-06,84.23,unknown,unknown,unknown,unknown,unknown,needs_protocol_review
controlled_degree2_tail_ms1mv3_causal_fixed_v5_20260908,work_dirs/controlled_degree2_tail_ms1mv3_causal_fixed_v5_20260908/ijbc_final/result/controlled_d2/ijbc_tar_at_far.csv,aca28006e2630b37d2050c211be832ef023d8f0c6d0c0b5249d57b87960ab812,ijbc-IJBC,1e-05,92.67,unknown,unknown,unknown,unknown,unknown,needs_protocol_review
controlled_degree2_tail_ms1mv3_causal_fixed_v5_20260908,work_dirs/controlled_degree2_tail_ms1mv3_causal_fixed_v5_20260908/ijbc_final/result/controlled_d2/ijbc_tar_at_far.csv,aca28006e2630b37d2050c211be832ef023d8f0c6d0c0b5249d57b87960ab812,ijbc-IJBC,0.0001,95.53,unknown,unknown,unknown,unknown,unknown,needs_protocol_review
controlled_degree2_tail_ms1mv3_causal_fixed_v5_20260908,work_dirs/controlled_degree2_tail_ms1mv3_causal_fixed_v5_20260908/ijbc_final/result/controlled_d2/ijbc_tar_at_far.csv,aca28006e2630b37d2050c211be832ef023d8f0c6d0c0b5249d57b87960ab812,ijbc-IJBC,0.001,97.11,unknown,unknown,unknown,unknown,unknown,needs_protocol_review
controlled_degree2_tail_ms1mv3_causal_fixed_v5_20260908,work_dirs/controlled_degree2_tail_ms1mv3_causal_fixed_v5_20260908/ijbc_final/result/controlled_d2/ijbc_tar_at_far.csv,aca28006e2630b37d2050c211be832ef023d8f0c6d0c0b5249d57b87960ab812,ijbc-IJBC,0.01,98.31,unknown,unknown,unknown,unknown,unknown,needs_protocol_review
controlled_degree2_tail_ms1mv3_causal_fixed_v5_20260908,work_dirs/controlled_degree2_tail_ms1mv3_causal_fixed_v5_20260908/ijbc_final/result/controlled_d2/ijbc_tar_at_far.csv,aca28006e2630b37d2050c211be832ef023d8f0c6d0c0b5249d57b87960ab812,ijbc-IJBC,0.1,99.06,unknown,unknown,unknown,unknown,unknown,needs_protocol_review
controlled_degree2_tail_ms1mv3_deployment_v7_20260908,work_dirs/controlled_degree2_tail_ms1mv3_deployment_v7_20260908/ijbc_final/result/controlled_d2/ijbc_tar_at_far.csv,7803f684df1e9ccce913ae0c876a5fe9a9c137c4ac997b0ad5c6cc5680484fa1,ijbc-IJBC,1e-06,83.11,unknown,unknown,unknown,unknown,unknown,needs_protocol_review
controlled_degree2_tail_ms1mv3_deployment_v7_20260908,work_dirs/controlled_degree2_tail_ms1mv3_deployment_v7_20260908/ijbc_final/result/controlled_d2/ijbc_tar_at_far.csv,7803f684df1e9ccce913ae0c876a5fe9a9c137c4ac997b0ad5c6cc5680484fa1,ijbc-IJBC,1e-05,91.89,unknown,unknown,unknown,unknown,unknown,needs_protocol_review
controlled_degree2_tail_ms1mv3_deployment_v7_20260908,work_dirs/controlled_degree2_tail_ms1mv3_deployment_v7_20260908/ijbc_final/result/controlled_d2/ijbc_tar_at_far.csv,7803f684df1e9ccce913ae0c876a5fe9a9c137c4ac997b0ad5c6cc5680484fa1,ijbc-IJBC,0.0001,95.18,unknown,unknown,unknown,unknown,unknown,needs_protocol_review
controlled_degree2_tail_ms1mv3_deployment_v7_20260908,work_dirs/controlled_degree2_tail_ms1mv3_deployment_v7_20260908/ijbc_final/result/controlled_d2/ijbc_tar_at_far.csv,7803f684df1e9ccce913ae0c876a5fe9a9c137c4ac997b0ad5c6cc5680484fa1,ijbc-IJBC,0.001,96.84,unknown,unknown,unknown,unknown,unknown,needs_protocol_review
controlled_degree2_tail_ms1mv3_deployment_v7_20260908,work_dirs/controlled_degree2_tail_ms1mv3_deployment_v7_20260908/ijbc_final/result/controlled_d2/ijbc_tar_at_far.csv,7803f684df1e9ccce913ae0c876a5fe9a9c137c4ac997b0ad5c6cc5680484fa1,ijbc-IJBC,0.01,98.22,unknown,unknown,unknown,unknown,unknown,needs_protocol_review
controlled_degree2_tail_ms1mv3_deployment_v7_20260908,work_dirs/controlled_degree2_tail_ms1mv3_deployment_v7_20260908/ijbc_final/result/controlled_d2/ijbc_tar_at_far.csv,7803f684df1e9ccce913ae0c876a5fe9a9c137c4ac997b0ad5c6cc5680484fa1,ijbc-IJBC,0.1,98.99,unknown,unknown,unknown,unknown,unknown,needs_protocol_review
controlled_degree2_tail_ms1mv3_lam4_20260908,work_dirs/controlled_degree2_tail_ms1mv3_lam4_20260908/ijbc_controlled/result/r50_controlled_d2_lam4/ijbc_tar_at_far.csv,bb2c71ea6d966ae85e4f9569f68fbbf5ad6726869e4326f068f9e7f18be8e907,ijbc-IJBC,1e-06,78.63,unknown,unknown,unknown,unknown,unknown,needs_protocol_review
controlled_degree2_tail_ms1mv3_lam4_20260908,work_dirs/controlled_degree2_tail_ms1mv3_lam4_20260908/ijbc_controlled/result/r50_controlled_d2_lam4/ijbc_tar_at_far.csv,bb2c71ea6d966ae85e4f9569f68fbbf5ad6726869e4326f068f9e7f18be8e907,ijbc-IJBC,1e-05,87.76,unknown,unknown,unknown,unknown,unknown,needs_protocol_review
controlled_degree2_tail_ms1mv3_lam4_20260908,work_dirs/controlled_degree2_tail_ms1mv3_lam4_20260908/ijbc_controlled/result/r50_controlled_d2_lam4/ijbc_tar_at_far.csv,bb2c71ea6d966ae85e4f9569f68fbbf5ad6726869e4326f068f9e7f18be8e907,ijbc-IJBC,0.0001,92.79,unknown,unknown,unknown,unknown,unknown,needs_protocol_review
controlled_degree2_tail_ms1mv3_lam4_20260908,work_dirs/controlled_degree2_tail_ms1mv3_lam4_20260908/ijbc_controlled/result/r50_controlled_d2_lam4/ijbc_tar_at_far.csv,bb2c71ea6d966ae85e4f9569f68fbbf5ad6726869e4326f068f9e7f18be8e907,ijbc-IJBC,0.001,95.65,unknown,unknown,unknown,unknown,unknown,needs_protocol_review
controlled_degree2_tail_ms1mv3_lam4_20260908,work_dirs/controlled_degree2_tail_ms1mv3_lam4_20260908/ijbc_controlled/result/r50_controlled_d2_lam4/ijbc_tar_at_far.csv,bb2c71ea6d966ae85e4f9569f68fbbf5ad6726869e4326f068f9e7f18be8e907,ijbc-IJBC,0.01,97.48,unknown,unknown,unknown,unknown,unknown,needs_protocol_review
controlled_degree2_tail_ms1mv3_lam4_20260908,work_dirs/controlled_degree2_tail_ms1mv3_lam4_20260908/ijbc_controlled/result/r50_controlled_d2_lam4/ijbc_tar_at_far.csv,bb2c71ea6d966ae85e4f9569f68fbbf5ad6726869e4326f068f9e7f18be8e907,ijbc-IJBC,0.1,98.83,unknown,unknown,unknown,unknown,unknown,needs_protocol_review
controlled_degree2_tail_ms1mv3_lam4_20260908,work_dirs/controlled_degree2_tail_ms1mv3_lam4_20260908/ijbc_lam8/result/r50_controlled_d2_lam8/ijbc_tar_at_far.csv,d8cf369d9d87c8bcb6a7726348dc331e82c33efd83cbee6143c4f57d7c57f2b3,ijbc-IJBC,1e-06,0.0,unknown,unknown,unknown,unknown,unknown,needs_protocol_review
controlled_degree2_tail_ms1mv3_lam4_20260908,work_dirs/controlled_degree2_tail_ms1mv3_lam4_20260908/ijbc_lam8/result/r50_controlled_d2_lam8/ijbc_tar_at_far.csv,d8cf369d9d87c8bcb6a7726348dc331e82c33efd83cbee6143c4f57d7c57f2b3,ijbc-IJBC,1e-05,0.0,unknown,unknown,unknown,unknown,unknown,needs_protocol_review
controlled_degree2_tail_ms1mv3_lam4_20260908,work_dirs/controlled_degree2_tail_ms1mv3_lam4_20260908/ijbc_lam8/result/r50_controlled_d2_lam8/ijbc_tar_at_far.csv,d8cf369d9d87c8bcb6a7726348dc331e82c33efd83cbee6143c4f57d7c57f2b3,ijbc-IJBC,0.0001,0.0,unknown,unknown,unknown,unknown,unknown,needs_protocol_review
controlled_degree2_tail_ms1mv3_lam4_20260908,work_dirs/controlled_degree2_tail_ms1mv3_lam4_20260908/ijbc_lam8/result/r50_controlled_d2_lam8/ijbc_tar_at_far.csv,d8cf369d9d87c8bcb6a7726348dc331e82c33efd83cbee6143c4f57d7c57f2b3,ijbc-IJBC,0.001,0.0,unknown,unknown,unknown,unknown,unknown,needs_protocol_review
controlled_degree2_tail_ms1mv3_lam4_20260908,work_dirs/controlled_degree2_tail_ms1mv3_lam4_20260908/ijbc_lam8/result/r50_controlled_d2_lam8/ijbc_tar_at_far.csv,d8cf369d9d87c8bcb6a7726348dc331e82c33efd83cbee6143c4f57d7c57f2b3,ijbc-IJBC,0.01,0.0,unknown,unknown,unknown,unknown,unknown,needs_protocol_review
controlled_degree2_tail_ms1mv3_lam4_20260908,work_dirs/controlled_degree2_tail_ms1mv3_lam4_20260908/ijbc_lam8/result/r50_controlled_d2_lam8/ijbc_tar_at_far.csv,d8cf369d9d87c8bcb6a7726348dc331e82c33efd83cbee6143c4f57d7c57f2b3,ijbc-IJBC,0.1,0.0,unknown,unknown,unknown,unknown,unknown,needs_protocol_review
controlled_degree2_tail_ms1mv3_layer3x2_20260908,work_dirs/controlled_degree2_tail_ms1mv3_layer3x2_20260908/ijbc/result/r50_controlled_d2_l3x2/ijbc_tar_at_far.csv,ccd1b6d4831d88244725972ac3e42479b9a6581815e0919e104c4528991a899b,ijbc-IJBC,1e-06,79.31,unknown,unknown,unknown,unknown,unknown,needs_protocol_review
controlled_degree2_tail_ms1mv3_layer3x2_20260908,work_dirs/controlled_degree2_tail_ms1mv3_layer3x2_20260908/ijbc/result/r50_controlled_d2_l3x2/ijbc_tar_at_far.csv,ccd1b6d4831d88244725972ac3e42479b9a6581815e0919e104c4528991a899b,ijbc-IJBC,1e-05,88.7,unknown,unknown,unknown,unknown,unknown,needs_protocol_review
controlled_degree2_tail_ms1mv3_layer3x2_20260908,work_dirs/controlled_degree2_tail_ms1mv3_layer3x2_20260908/ijbc/result/r50_controlled_d2_l3x2/ijbc_tar_at_far.csv,ccd1b6d4831d88244725972ac3e42479b9a6581815e0919e104c4528991a899b,ijbc-IJBC,0.0001,93.04,unknown,unknown,unknown,unknown,unknown,needs_protocol_review
controlled_degree2_tail_ms1mv3_layer3x2_20260908,work_dirs/controlled_degree2_tail_ms1mv3_layer3x2_20260908/ijbc/result/r50_controlled_d2_l3x2/ijbc_tar_at_far.csv,ccd1b6d4831d88244725972ac3e42479b9a6581815e0919e104c4528991a899b,ijbc-IJBC,0.001,95.72,unknown,unknown,unknown,unknown,unknown,needs_protocol_review
controlled_degree2_tail_ms1mv3_layer3x2_20260908,work_dirs/controlled_degree2_tail_ms1mv3_layer3x2_20260908/ijbc/result/r50_controlled_d2_l3x2/ijbc_tar_at_far.csv,ccd1b6d4831d88244725972ac3e42479b9a6581815e0919e104c4528991a899b,ijbc-IJBC,0.01,97.57,unknown,unknown,unknown,unknown,unknown,needs_protocol_review
controlled_degree2_tail_ms1mv3_layer3x2_20260908,work_dirs/controlled_degree2_tail_ms1mv3_layer3x2_20260908/ijbc/result/r50_controlled_d2_l3x2/ijbc_tar_at_far.csv,ccd1b6d4831d88244725972ac3e42479b9a6581815e0919e104c4528991a899b,ijbc-IJBC,0.1,98.8,unknown,unknown,unknown,unknown,unknown,needs_protocol_review
controlled_degree2_tail_ms1mv3_narrow_guard_v4_20260908,work_dirs/controlled_degree2_tail_ms1mv3_narrow_guard_v4_20260908/ijbc_epoch1/result/controlled_d2/ijbc_tar_at_far.csv,b6aa5ae6481d6634c9f304448e8f7d6ef2d9912e49123416a6d43a52aea33315,ijbc-IJBC,1e-06,85.52,unknown,unknown,unknown,unknown,unknown,needs_protocol_review
controlled_degree2_tail_ms1mv3_narrow_guard_v4_20260908,work_dirs/controlled_degree2_tail_ms1mv3_narrow_guard_v4_20260908/ijbc_epoch1/result/controlled_d2/ijbc_tar_at_far.csv,b6aa5ae6481d6634c9f304448e8f7d6ef2d9912e49123416a6d43a52aea33315,ijbc-IJBC,1e-05,93.06,unknown,unknown,unknown,unknown,unknown,needs_protocol_review
controlled_degree2_tail_ms1mv3_narrow_guard_v4_20260908,work_dirs/controlled_degree2_tail_ms1mv3_narrow_guard_v4_20260908/ijbc_epoch1/result/controlled_d2/ijbc_tar_at_far.csv,b6aa5ae6481d6634c9f304448e8f7d6ef2d9912e49123416a6d43a52aea33315,ijbc-IJBC,0.0001,95.74,unknown,unknown,unknown,unknown,unknown,needs_protocol_review
controlled_degree2_tail_ms1mv3_narrow_guard_v4_20260908,work_dirs/controlled_degree2_tail_ms1mv3_narrow_guard_v4_20260908/ijbc_epoch1/result/controlled_d2/ijbc_tar_at_far.csv,b6aa5ae6481d6634c9f304448e8f7d6ef2d9912e49123416a6d43a52aea33315,ijbc-IJBC,0.001,97.19,unknown,unknown,unknown,unknown,unknown,needs_protocol_review
controlled_degree2_tail_ms1mv3_narrow_guard_v4_20260908,work_dirs/controlled_degree2_tail_ms1mv3_narrow_guard_v4_20260908/ijbc_epoch1/result/controlled_d2/ijbc_tar_at_far.csv,b6aa5ae6481d6634c9f304448e8f7d6ef2d9912e49123416a6d43a52aea33315,ijbc-IJBC,0.01,98.31,unknown,unknown,unknown,unknown,unknown,needs_protocol_review
controlled_degree2_tail_ms1mv3_narrow_guard_v4_20260908,work_dirs/controlled_degree2_tail_ms1mv3_narrow_guard_v4_20260908/ijbc_epoch1/result/controlled_d2/ijbc_tar_at_far.csv,b6aa5ae6481d6634c9f304448e8f7d6ef2d9912e49123416a6d43a52aea33315,ijbc-IJBC,0.1,99.01,unknown,unknown,unknown,unknown,unknown,needs_protocol_review
controlled_degree2_tail_ms1mv3_narrow_guard_v4_20260908,work_dirs/controlled_degree2_tail_ms1mv3_narrow_guard_v4_20260908/ijbc_epoch2/result/controlled_d2/ijbc_tar_at_far.csv,d2e0b9f5a0912189b5836654a55dcae573db51bbc0b504768b68b61fa3d8788a,ijbc-IJBC,1e-06,85.56,unknown,unknown,unknown,unknown,unknown,needs_protocol_review
controlled_degree2_tail_ms1mv3_narrow_guard_v4_20260908,work_dirs/controlled_degree2_tail_ms1mv3_narrow_guard_v4_20260908/ijbc_epoch2/result/controlled_d2/ijbc_tar_at_far.csv,d2e0b9f5a0912189b5836654a55dcae573db51bbc0b504768b68b61fa3d8788a,ijbc-IJBC,1e-05,93.01,unknown,unknown,unknown,unknown,unknown,needs_protocol_review
controlled_degree2_tail_ms1mv3_narrow_guard_v4_20260908,work_dirs/controlled_degree2_tail_ms1mv3_narrow_guard_v4_20260908/ijbc_epoch2/result/controlled_d2/ijbc_tar_at_far.csv,d2e0b9f5a0912189b5836654a55dcae573db51bbc0b504768b68b61fa3d8788a,ijbc-IJBC,0.0001,95.78,unknown,unknown,unknown,unknown,unknown,needs_protocol_review
controlled_degree2_tail_ms1mv3_narrow_guard_v4_20260908,work_dirs/controlled_degree2_tail_ms1mv3_narrow_guard_v4_20260908/ijbc_epoch2/result/controlled_d2/ijbc_tar_at_far.csv,d2e0b9f5a0912189b5836654a55dcae573db51bbc0b504768b68b61fa3d8788a,ijbc-IJBC,0.001,97.19,unknown,unknown,unknown,unknown,unknown,needs_protocol_review
controlled_degree2_tail_ms1mv3_narrow_guard_v4_20260908,work_dirs/controlled_degree2_tail_ms1mv3_narrow_guard_v4_20260908/ijbc_epoch2/result/controlled_d2/ijbc_tar_at_far.csv,d2e0b9f5a0912189b5836654a55dcae573db51bbc0b504768b68b61fa3d8788a,ijbc-IJBC,0.01,98.35,unknown,unknown,unknown,unknown,unknown,needs_protocol_review
controlled_degree2_tail_ms1mv3_narrow_guard_v4_20260908,work_dirs/controlled_degree2_tail_ms1mv3_narrow_guard_v4_20260908/ijbc_epoch2/result/controlled_d2/ijbc_tar_at_far.csv,d2e0b9f5a0912189b5836654a55dcae573db51bbc0b504768b68b61fa3d8788a,ijbc-IJBC,0.1,99.03,unknown,unknown,unknown,unknown,unknown,needs_protocol_review
controlled_degree2_tail_ms1mv3_narrow_guard_v4_20260908,work_dirs/controlled_degree2_tail_ms1mv3_narrow_guard_v4_20260908/ijbc_final_manual/result/controlled_d2/ijbc_tar_at_far.csv,8ffd9c2e2b1d46309a19e08bbc914bfccf4fc16b96b273eabf87c020f8b0eb60,ijbc-IJBC,1e-06,84.82,unknown,unknown,unknown,unknown,unknown,needs_protocol_review
controlled_degree2_tail_ms1mv3_narrow_guard_v4_20260908,work_dirs/controlled_degree2_tail_ms1mv3_narrow_guard_v4_20260908/ijbc_final_manual/result/controlled_d2/ijbc_tar_at_far.csv,8ffd9c2e2b1d46309a19e08bbc914bfccf4fc16b96b273eabf87c020f8b0eb60,ijbc-IJBC,1e-05,92.98,unknown,unknown,unknown,unknown,unknown,needs_protocol_review
controlled_degree2_tail_ms1mv3_narrow_guard_v4_20260908,work_dirs/controlled_degree2_tail_ms1mv3_narrow_guard_v4_20260908/ijbc_final_manual/result/controlled_d2/ijbc_tar_at_far.csv,8ffd9c2e2b1d46309a19e08bbc914bfccf4fc16b96b273eabf87c020f8b0eb60,ijbc-IJBC,0.0001,95.76,unknown,unknown,unknown,unknown,unknown,needs_protocol_review
controlled_degree2_tail_ms1mv3_narrow_guard_v4_20260908,work_dirs/controlled_degree2_tail_ms1mv3_narrow_guard_v4_20260908/ijbc_final_manual/result/controlled_d2/ijbc_tar_at_far.csv,8ffd9c2e2b1d46309a19e08bbc914bfccf4fc16b96b273eabf87c020f8b0eb60,ijbc-IJBC,0.001,97.17,unknown,unknown,unknown,unknown,unknown,needs_protocol_review
controlled_degree2_tail_ms1mv3_narrow_guard_v4_20260908,work_dirs/controlled_degree2_tail_ms1mv3_narrow_guard_v4_20260908/ijbc_final_manual/result/controlled_d2/ijbc_tar_at_far.csv,8ffd9c2e2b1d46309a19e08bbc914bfccf4fc16b96b273eabf87c020f8b0eb60,ijbc-IJBC,0.01,98.33,unknown,unknown,unknown,unknown,unknown,needs_protocol_review
controlled_degree2_tail_ms1mv3_narrow_guard_v4_20260908,work_dirs/controlled_degree2_tail_ms1mv3_narrow_guard_v4_20260908/ijbc_final_manual/result/controlled_d2/ijbc_tar_at_far.csv,8ffd9c2e2b1d46309a19e08bbc914bfccf4fc16b96b273eabf87c020f8b0eb60,ijbc-IJBC,0.1,99.04,unknown,unknown,unknown,unknown,unknown,needs_protocol_review
controlled_degree2_tail_ms1mv3_refine125_20260908,work_dirs/controlled_degree2_tail_ms1mv3_refine125_20260908/ijbc/result/controlled_d2/ijbc_tar_at_far.csv,9cf9edd552ae116334ecdd5c1d780cb4e8d195daf30a9763f6f8b3a5abe5596a,ijbc-IJBC,1e-06,79.02,unknown,unknown,unknown,unknown,unknown,needs_protocol_review
controlled_degree2_tail_ms1mv3_refine125_20260908,work_dirs/controlled_degree2_tail_ms1mv3_refine125_20260908/ijbc/result/controlled_d2/ijbc_tar_at_far.csv,9cf9edd552ae116334ecdd5c1d780cb4e8d195daf30a9763f6f8b3a5abe5596a,ijbc-IJBC,1e-05,87.71,unknown,unknown,unknown,unknown,unknown,needs_protocol_review
controlled_degree2_tail_ms1mv3_refine125_20260908,work_dirs/controlled_degree2_tail_ms1mv3_refine125_20260908/ijbc/result/controlled_d2/ijbc_tar_at_far.csv,9cf9edd552ae116334ecdd5c1d780cb4e8d195daf30a9763f6f8b3a5abe5596a,ijbc-IJBC,0.0001,93.19,unknown,unknown,unknown,unknown,unknown,needs_protocol_review
controlled_degree2_tail_ms1mv3_refine125_20260908,work_dirs/controlled_degree2_tail_ms1mv3_refine125_20260908/ijbc/result/controlled_d2/ijbc_tar_at_far.csv,9cf9edd552ae116334ecdd5c1d780cb4e8d195daf30a9763f6f8b3a5abe5596a,ijbc-IJBC,0.001,95.96,unknown,unknown,unknown,unknown,unknown,needs_protocol_review
controlled_degree2_tail_ms1mv3_refine125_20260908,work_dirs/controlled_degree2_tail_ms1mv3_refine125_20260908/ijbc/result/controlled_d2/ijbc_tar_at_far.csv,9cf9edd552ae116334ecdd5c1d780cb4e8d195daf30a9763f6f8b3a5abe5596a,ijbc-IJBC,0.01,97.7,unknown,unknown,unknown,unknown,unknown,needs_protocol_review
controlled_degree2_tail_ms1mv3_refine125_20260908,work_dirs/controlled_degree2_tail_ms1mv3_refine125_20260908/ijbc/result/controlled_d2/ijbc_tar_at_far.csv,9cf9edd552ae116334ecdd5c1d780cb4e8d195daf30a9763f6f8b3a5abe5596a,ijbc-IJBC,0.1,98.8,unknown,unknown,unknown,unknown,unknown,needs_protocol_review
controlled_degree2_tail_ms1mv3_refine125_20260908,work_dirs/controlled_degree2_tail_ms1mv3_refine125_20260908/ijbc_best/result/controlled_d2/ijbc_tar_at_far.csv,942e06a722c7106568be943c48f9794ca5193b7e9c5119e97ede98993ddffeab,ijbc-IJBC,1e-06,77.72,unknown,unknown,unknown,unknown,unknown,needs_protocol_review
controlled_degree2_tail_ms1mv3_refine125_20260908,work_dirs/controlled_degree2_tail_ms1mv3_refine125_20260908/ijbc_best/result/controlled_d2/ijbc_tar_at_far.csv,942e06a722c7106568be943c48f9794ca5193b7e9c5119e97ede98993ddffeab,ijbc-IJBC,1e-05,87.14,unknown,unknown,unknown,unknown,unknown,needs_protocol_review
controlled_degree2_tail_ms1mv3_refine125_20260908,work_dirs/controlled_degree2_tail_ms1mv3_refine125_20260908/ijbc_best/result/controlled_d2/ijbc_tar_at_far.csv,942e06a722c7106568be943c48f9794ca5193b7e9c5119e97ede98993ddffeab,ijbc-IJBC,0.0001,92.76,unknown,unknown,unknown,unknown,unknown,needs_protocol_review
controlled_degree2_tail_ms1mv3_refine125_20260908,work_dirs/controlled_degree2_tail_ms1mv3_refine125_20260908/ijbc_best/result/controlled_d2/ijbc_tar_at_far.csv,942e06a722c7106568be943c48f9794ca5193b7e9c5119e97ede98993ddffeab,ijbc-IJBC,0.001,95.81,unknown,unknown,unknown,unknown,unknown,needs_protocol_review
controlled_degree2_tail_ms1mv3_refine125_20260908,work_dirs/controlled_degree2_tail_ms1mv3_refine125_20260908/ijbc_best/result/controlled_d2/ijbc_tar_at_far.csv,942e06a722c7106568be943c48f9794ca5193b7e9c5119e97ede98993ddffeab,ijbc-IJBC,0.01,97.61,unknown,unknown,unknown,unknown,unknown,needs_protocol_review
controlled_degree2_tail_ms1mv3_refine125_20260908,work_dirs/controlled_degree2_tail_ms1mv3_refine125_20260908/ijbc_best/result/controlled_d2/ijbc_tar_at_far.csv,942e06a722c7106568be943c48f9794ca5193b7e9c5119e97ede98993ddffeab,ijbc-IJBC,0.1,98.79,unknown,unknown,unknown,unknown,unknown,needs_protocol_review
controlled_degree2_tail_source_causal_v16_20260909,work_dirs/controlled_degree2_tail_source_causal_v16_20260909/candidate_s1_0965/ijbc/result/controlled_d2/ijbc_tar_at_far.csv,f92c816111fa858e8bf0effc3d5980798c2a39da100d536d92efa74b89ddace1,ijbc-IJBC,1e-06,49.76,unknown,unknown,unknown,unknown,unknown,needs_protocol_review
controlled_degree2_tail_source_causal_v16_20260909,work_dirs/controlled_degree2_tail_source_causal_v16_20260909/candidate_s1_0965/ijbc/result/controlled_d2/ijbc_tar_at_far.csv,f92c816111fa858e8bf0effc3d5980798c2a39da100d536d92efa74b89ddace1,ijbc-IJBC,1e-05,74.44,unknown,unknown,unknown,unknown,unknown,needs_protocol_review
controlled_degree2_tail_source_causal_v16_20260909,work_dirs/controlled_degree2_tail_source_causal_v16_20260909/candidate_s1_0965/ijbc/result/controlled_d2/ijbc_tar_at_far.csv,f92c816111fa858e8bf0effc3d5980798c2a39da100d536d92efa74b89ddace1,ijbc-IJBC,0.0001,90.58,unknown,unknown,unknown,unknown,unknown,needs_protocol_review
controlled_degree2_tail_source_causal_v16_20260909,work_dirs/controlled_degree2_tail_source_causal_v16_20260909/candidate_s1_0965/ijbc/result/controlled_d2/ijbc_tar_at_far.csv,f92c816111fa858e8bf0effc3d5980798c2a39da100d536d92efa74b89ddace1,ijbc-IJBC,0.001,95.51,unknown,unknown,unknown,unknown,unknown,needs_protocol_review
controlled_degree2_tail_source_causal_v16_20260909,work_dirs/controlled_degree2_tail_source_causal_v16_20260909/candidate_s1_0965/ijbc/result/controlled_d2/ijbc_tar_at_far.csv,f92c816111fa858e8bf0effc3d5980798c2a39da100d536d92efa74b89ddace1,ijbc-IJBC,0.01,97.75,unknown,unknown,unknown,unknown,unknown,needs_protocol_review
controlled_degree2_tail_source_causal_v16_20260909,work_dirs/controlled_degree2_tail_source_causal_v16_20260909/candidate_s1_0965/ijbc/result/controlled_d2/ijbc_tar_at_far.csv,f92c816111fa858e8bf0effc3d5980798c2a39da100d536d92efa74b89ddace1,ijbc-IJBC,0.1,98.92,unknown,unknown,unknown,unknown,unknown,needs_protocol_review
controlled_degree2_tail_source_channel_v17_20260909,work_dirs/controlled_degree2_tail_source_channel_v17_20260909/l10_k2_f09/ijbc/result/controlled_d2/ijbc_tar_at_far.csv,87580645a50c394b2338c777b0d6d1f9af4f5c3e915d34f078abc3e52fc5f2ad,ijbc-IJBC,1e-06,64.72,unknown,unknown,unknown,unknown,unknown,needs_protocol_review
controlled_degree2_tail_source_channel_v17_20260909,work_dirs/controlled_degree2_tail_source_channel_v17_20260909/l10_k2_f09/ijbc/result/controlled_d2/ijbc_tar_at_far.csv,87580645a50c394b2338c777b0d6d1f9af4f5c3e915d34f078abc3e52fc5f2ad,ijbc-IJBC,1e-05,84.77,unknown,unknown,unknown,unknown,unknown,needs_protocol_review
controlled_degree2_tail_source_channel_v17_20260909,work_dirs/controlled_degree2_tail_source_channel_v17_20260909/l10_k2_f09/ijbc/result/controlled_d2/ijbc_tar_at_far.csv,87580645a50c394b2338c777b0d6d1f9af4f5c3e915d34f078abc3e52fc5f2ad,ijbc-IJBC,0.0001,93.56,unknown,unknown,unknown,unknown,unknown,needs_protocol_review
controlled_degree2_tail_source_channel_v17_20260909,work_dirs/controlled_degree2_tail_source_channel_v17_20260909/l10_k2_f09/ijbc/result/controlled_d2/ijbc_tar_at_far.csv,87580645a50c394b2338c777b0d6d1f9af4f5c3e915d34f078abc3e52fc5f2ad,ijbc-IJBC,0.001,96.26,unknown,unknown,unknown,unknown,unknown,needs_protocol_review
controlled_degree2_tail_source_channel_v17_20260909,work_dirs/controlled_degree2_tail_source_channel_v17_20260909/l10_k2_f09/ijbc/result/controlled_d2/ijbc_tar_at_far.csv,87580645a50c394b2338c777b0d6d1f9af4f5c3e915d34f078abc3e52fc5f2ad,ijbc-IJBC,0.01,98.02,unknown,unknown,unknown,unknown,unknown,needs_protocol_review
controlled_degree2_tail_source_channel_v17_20260909,work_dirs/controlled_degree2_tail_source_channel_v17_20260909/l10_k2_f09/ijbc/result/controlled_d2/ijbc_tar_at_far.csv,87580645a50c394b2338c777b0d6d1f9af4f5c3e915d34f078abc3e52fc5f2ad,ijbc-IJBC,0.1,98.97,unknown,unknown,unknown,unknown,unknown,needs_protocol_review
controlled_degree2_tail_source_channel_v18_20260909,work_dirs/controlled_degree2_tail_source_channel_v18_20260909/c093_l10_k1_f085/ijbc/result/controlled_d2/ijbc_tar_at_far.csv,b1cd721430373dbd594332e14b435d6c77f00cf263d6509d3a6061cc45ee36da,ijbc-IJBC,1e-06,80.27,unknown,unknown,unknown,unknown,unknown,needs_protocol_review
controlled_degree2_tail_source_channel_v18_20260909,work_dirs/controlled_degree2_tail_source_channel_v18_20260909/c093_l10_k1_f085/ijbc/result/controlled_d2/ijbc_tar_at_far.csv,b1cd721430373dbd594332e14b435d6c77f00cf263d6509d3a6061cc45ee36da,ijbc-IJBC,1e-05,90.83,unknown,unknown,unknown,unknown,unknown,needs_protocol_review
controlled_degree2_tail_source_channel_v18_20260909,work_dirs/controlled_degree2_tail_source_channel_v18_20260909/c093_l10_k1_f085/ijbc/result/controlled_d2/ijbc_tar_at_far.csv,b1cd721430373dbd594332e14b435d6c77f00cf263d6509d3a6061cc45ee36da,ijbc-IJBC,0.0001,94.89,unknown,unknown,unknown,unknown,unknown,needs_protocol_review
controlled_degree2_tail_source_channel_v18_20260909,work_dirs/controlled_degree2_tail_source_channel_v18_20260909/c093_l10_k1_f085/ijbc/result/controlled_d2/ijbc_tar_at_far.csv,b1cd721430373dbd594332e14b435d6c77f00cf263d6509d3a6061cc45ee36da,ijbc-IJBC,0.001,96.71,unknown,unknown,unknown,unknown,unknown,needs_protocol_review
controlled_degree2_tail_source_channel_v18_20260909,work_dirs/controlled_degree2_tail_source_channel_v18_20260909/c093_l10_k1_f085/ijbc/result/controlled_d2/ijbc_tar_at_far.csv,b1cd721430373dbd594332e14b435d6c77f00cf263d6509d3a6061cc45ee36da,ijbc-IJBC,0.01,98.19,unknown,unknown,unknown,unknown,unknown,needs_protocol_review
controlled_degree2_tail_source_channel_v18_20260909,work_dirs/controlled_degree2_tail_source_channel_v18_20260909/c093_l10_k1_f085/ijbc/result/controlled_d2/ijbc_tar_at_far.csv,b1cd721430373dbd594332e14b435d6c77f00cf263d6509d3a6061cc45ee36da,ijbc-IJBC,0.1,98.96,unknown,unknown,unknown,unknown,unknown,needs_protocol_review
controlled_direct_degree2,work_dirs/controlled_direct_degree2/ijbc_polish_unclipped/controlled_degree2_polish_unclipped/ijbc_tar_at_far.csv,2a6be1df06d37741667b883a0d05a62a16462dff43234067e0e24187c549eda4,ijbc-IJBC,1e-06,85.86,unknown,unknown,unknown,unknown,unknown,needs_protocol_review
controlled_direct_degree2,work_dirs/controlled_direct_degree2/ijbc_polish_unclipped/controlled_degree2_polish_unclipped/ijbc_tar_at_far.csv,2a6be1df06d37741667b883a0d05a62a16462dff43234067e0e24187c549eda4,ijbc-IJBC,1e-05,92.98,unknown,unknown,unknown,unknown,unknown,needs_protocol_review
controlled_direct_degree2,work_dirs/controlled_direct_degree2/ijbc_polish_unclipped/controlled_degree2_polish_unclipped/ijbc_tar_at_far.csv,2a6be1df06d37741667b883a0d05a62a16462dff43234067e0e24187c549eda4,ijbc-IJBC,0.0001,95.68,unknown,unknown,unknown,unknown,unknown,needs_protocol_review
controlled_direct_degree2,work_dirs/controlled_direct_degree2/ijbc_polish_unclipped/controlled_degree2_polish_unclipped/ijbc_tar_at_far.csv,2a6be1df06d37741667b883a0d05a62a16462dff43234067e0e24187c549eda4,ijbc-IJBC,0.001,97.1,unknown,unknown,unknown,unknown,unknown,needs_protocol_review
controlled_direct_degree2,work_dirs/controlled_direct_degree2/ijbc_polish_unclipped/controlled_degree2_polish_unclipped/ijbc_tar_at_far.csv,2a6be1df06d37741667b883a0d05a62a16462dff43234067e0e24187c549eda4,ijbc-IJBC,0.01,98.24,unknown,unknown,unknown,unknown,unknown,needs_protocol_review
controlled_direct_degree2,work_dirs/controlled_direct_degree2/ijbc_polish_unclipped/controlled_degree2_polish_unclipped/ijbc_tar_at_far.csv,2a6be1df06d37741667b883a0d05a62a16462dff43234067e0e24187c549eda4,ijbc-IJBC,0.1,98.96,unknown,unknown,unknown,unknown,unknown,needs_protocol_review
ms1mv3_poolformer_s24_fully_gated_fp32,work_dirs/ms1mv3_poolformer_s24_fully_gated_fp32/ijbc_result/ms1mv3_poolformer_s24_fully_gated_fp32/ijbc_tar_at_far.csv,08d8a7b92969b6aac3973daac90cb9a94fe9086598e5a3d4ac1d4230d4518324,ijbc-IJBC,1e-06,89.16,unknown,unknown,unknown,unknown,unknown,needs_protocol_review
ms1mv3_poolformer_s24_fully_gated_fp32,work_dirs/ms1mv3_poolformer_s24_fully_gated_fp32/ijbc_result/ms1mv3_poolformer_s24_fully_gated_fp32/ijbc_tar_at_far.csv,08d8a7b92969b6aac3973daac90cb9a94fe9086598e5a3d4ac1d4230d4518324,ijbc-IJBC,1e-05,93.7,unknown,unknown,unknown,unknown,unknown,needs_protocol_review
ms1mv3_poolformer_s24_fully_gated_fp32,work_dirs/ms1mv3_poolformer_s24_fully_gated_fp32/ijbc_result/ms1mv3_poolformer_s24_fully_gated_fp32/ijbc_tar_at_far.csv,08d8a7b92969b6aac3973daac90cb9a94fe9086598e5a3d4ac1d4230d4518324,ijbc-IJBC,0.0001,95.89,unknown,unknown,unknown,unknown,unknown,needs_protocol_review
ms1mv3_poolformer_s24_fully_gated_fp32,work_dirs/ms1mv3_poolformer_s24_fully_gated_fp32/ijbc_result/ms1mv3_poolformer_s24_fully_gated_fp32/ijbc_tar_at_far.csv,08d8a7b92969b6aac3973daac90cb9a94fe9086598e5a3d4ac1d4230d4518324,ijbc-IJBC,0.001,97.23,unknown,unknown,unknown,unknown,unknown,needs_protocol_review
ms1mv3_poolformer_s24_fully_gated_fp32,work_dirs/ms1mv3_poolformer_s24_fully_gated_fp32/ijbc_result/ms1mv3_poolformer_s24_fully_gated_fp32/ijbc_tar_at_far.csv,08d8a7b92969b6aac3973daac90cb9a94fe9086598e5a3d4ac1d4230d4518324,ijbc-IJBC,0.01,98.32,unknown,unknown,unknown,unknown,unknown,needs_protocol_review
ms1mv3_poolformer_s24_fully_gated_fp32,work_dirs/ms1mv3_poolformer_s24_fully_gated_fp32/ijbc_result/ms1mv3_poolformer_s24_fully_gated_fp32/ijbc_tar_at_far.csv,08d8a7b92969b6aac3973daac90cb9a94fe9086598e5a3d4ac1d4230d4518324,ijbc-IJBC,0.1,99.08,unknown,unknown,unknown,unknown,unknown,needs_protocol_review
ms1mv3_r50_herpn_epoch10_linear9_layer3_9_low_lr,work_dirs/ms1mv3_r50_herpn_epoch10_linear9_layer3_9_low_lr/ijbc_layer3_9_low_lr_step250/r50_e10_linear9_layer3_9_low_lr_step250/ijbc_tar_at_far.csv,6da84b4b06f375860f0a191b4943b4c7c94076aa505c1dee29f88bb85903fd81,ijbc-IJBC,1e-06,83.35,unknown,unknown,unknown,unknown,unknown,needs_protocol_review
ms1mv3_r50_herpn_epoch10_linear9_layer3_9_low_lr,work_dirs/ms1mv3_r50_herpn_epoch10_linear9_layer3_9_low_lr/ijbc_layer3_9_low_lr_step250/r50_e10_linear9_layer3_9_low_lr_step250/ijbc_tar_at_far.csv,6da84b4b06f375860f0a191b4943b4c7c94076aa505c1dee29f88bb85903fd81,ijbc-IJBC,1e-05,91.45,unknown,unknown,unknown,unknown,unknown,needs_protocol_review
ms1mv3_r50_herpn_epoch10_linear9_layer3_9_low_lr,work_dirs/ms1mv3_r50_herpn_epoch10_linear9_layer3_9_low_lr/ijbc_layer3_9_low_lr_step250/r50_e10_linear9_layer3_9_low_lr_step250/ijbc_tar_at_far.csv,6da84b4b06f375860f0a191b4943b4c7c94076aa505c1dee29f88bb85903fd81,ijbc-IJBC,0.0001,94.69,unknown,unknown,unknown,unknown,unknown,needs_protocol_review
ms1mv3_r50_herpn_epoch10_linear9_layer3_9_low_lr,work_dirs/ms1mv3_r50_herpn_epoch10_linear9_layer3_9_low_lr/ijbc_layer3_9_low_lr_step250/r50_e10_linear9_layer3_9_low_lr_step250/ijbc_tar_at_far.csv,6da84b4b06f375860f0a191b4943b4c7c94076aa505c1dee29f88bb85903fd81,ijbc-IJBC,0.001,96.52,unknown,unknown,unknown,unknown,unknown,needs_protocol_review
ms1mv3_r50_herpn_epoch10_linear9_layer3_9_low_lr,work_dirs/ms1mv3_r50_herpn_epoch10_linear9_layer3_9_low_lr/ijbc_layer3_9_low_lr_step250/r50_e10_linear9_layer3_9_low_lr_step250/ijbc_tar_at_far.csv,6da84b4b06f375860f0a191b4943b4c7c94076aa505c1dee29f88bb85903fd81,ijbc-IJBC,0.01,97.74,unknown,unknown,unknown,unknown,unknown,needs_protocol_review
ms1mv3_r50_herpn_epoch10_linear9_layer3_9_low_lr,work_dirs/ms1mv3_r50_herpn_epoch10_linear9_layer3_9_low_lr/ijbc_layer3_9_low_lr_step250/r50_e10_linear9_layer3_9_low_lr_step250/ijbc_tar_at_far.csv,6da84b4b06f375860f0a191b4943b4c7c94076aa505c1dee29f88bb85903fd81,ijbc-IJBC,0.1,98.73,unknown,unknown,unknown,unknown,unknown,needs_protocol_review
ms1mv3_r50_herpn_epoch10_linear9_layer3_9_low_lr,work_dirs/ms1mv3_r50_herpn_epoch10_linear9_layer3_9_low_lr/ijbc_layer3_9_low_lr_step500/r50_e10_linear9_layer3_9_low_lr_step500/ijbc_tar_at_far.csv,27ac8c53bd12d5f901f4ad3536b155ca1462223c7064798af8fbcfae23b792b6,ijbc-IJBC,1e-06,83.43,unknown,unknown,unknown,unknown,unknown,needs_protocol_review
ms1mv3_r50_herpn_epoch10_linear9_layer3_9_low_lr,work_dirs/ms1mv3_r50_herpn_epoch10_linear9_layer3_9_low_lr/ijbc_layer3_9_low_lr_step500/r50_e10_linear9_layer3_9_low_lr_step500/ijbc_tar_at_far.csv,27ac8c53bd12d5f901f4ad3536b155ca1462223c7064798af8fbcfae23b792b6,ijbc-IJBC,1e-05,91.49,unknown,unknown,unknown,unknown,unknown,needs_protocol_review
ms1mv3_r50_herpn_epoch10_linear9_layer3_9_low_lr,work_dirs/ms1mv3_r50_herpn_epoch10_linear9_layer3_9_low_lr/ijbc_layer3_9_low_lr_step500/r50_e10_linear9_layer3_9_low_lr_step500/ijbc_tar_at_far.csv,27ac8c53bd12d5f901f4ad3536b155ca1462223c7064798af8fbcfae23b792b6,ijbc-IJBC,0.0001,94.7,unknown,unknown,unknown,unknown,unknown,needs_protocol_review
ms1mv3_r50_herpn_epoch10_linear9_layer3_9_low_lr,work_dirs/ms1mv3_r50_herpn_epoch10_linear9_layer3_9_low_lr/ijbc_layer3_9_low_lr_step500/r50_e10_linear9_layer3_9_low_lr_step500/ijbc_tar_at_far.csv,27ac8c53bd12d5f901f4ad3536b155ca1462223c7064798af8fbcfae23b792b6,ijbc-IJBC,0.001,96.53,unknown,unknown,unknown,unknown,unknown,needs_protocol_review
ms1mv3_r50_herpn_epoch10_linear9_layer3_9_low_lr,work_dirs/ms1mv3_r50_herpn_epoch10_linear9_layer3_9_low_lr/ijbc_layer3_9_low_lr_step500/r50_e10_linear9_layer3_9_low_lr_step500/ijbc_tar_at_far.csv,27ac8c53bd12d5f901f4ad3536b155ca1462223c7064798af8fbcfae23b792b6,ijbc-IJBC,0.01,97.73,unknown,unknown,unknown,unknown,unknown,needs_protocol_review
ms1mv3_r50_herpn_epoch10_linear9_layer3_9_low_lr,work_dirs/ms1mv3_r50_herpn_epoch10_linear9_layer3_9_low_lr/ijbc_layer3_9_low_lr_step500/r50_e10_linear9_layer3_9_low_lr_step500/ijbc_tar_at_far.csv,27ac8c53bd12d5f901f4ad3536b155ca1462223c7064798af8fbcfae23b792b6,ijbc-IJBC,0.1,98.74,unknown,unknown,unknown,unknown,unknown,needs_protocol_review
ms1mv3_r50_herpn_epoch10_linear9_layer3_9_recovery,work_dirs/ms1mv3_r50_herpn_epoch10_linear9_layer3_9_recovery/ijbc_layer3_9_step1000/r50_e10_linear9_layer3_9_step1000/ijbc_tar_at_far.csv,d5685f30b69cc02d7fb6c717e413adb88148571ecb57009d63751fa812558695,ijbc-IJBC,1e-06,83.61,unknown,unknown,unknown,unknown,unknown,needs_protocol_review
ms1mv3_r50_herpn_epoch10_linear9_layer3_9_recovery,work_dirs/ms1mv3_r50_herpn_epoch10_linear9_layer3_9_recovery/ijbc_layer3_9_step1000/r50_e10_linear9_layer3_9_step1000/ijbc_tar_at_far.csv,d5685f30b69cc02d7fb6c717e413adb88148571ecb57009d63751fa812558695,ijbc-IJBC,1e-05,91.48,unknown,unknown,unknown,unknown,unknown,needs_protocol_review
ms1mv3_r50_herpn_epoch10_linear9_layer3_9_recovery,work_dirs/ms1mv3_r50_herpn_epoch10_linear9_layer3_9_recovery/ijbc_layer3_9_step1000/r50_e10_linear9_layer3_9_step1000/ijbc_tar_at_far.csv,d5685f30b69cc02d7fb6c717e413adb88148571ecb57009d63751fa812558695,ijbc-IJBC,0.0001,94.62,unknown,unknown,unknown,unknown,unknown,needs_protocol_review
ms1mv3_r50_herpn_epoch10_linear9_layer3_9_recovery,work_dirs/ms1mv3_r50_herpn_epoch10_linear9_layer3_9_recovery/ijbc_layer3_9_step1000/r50_e10_linear9_layer3_9_step1000/ijbc_tar_at_far.csv,d5685f30b69cc02d7fb6c717e413adb88148571ecb57009d63751fa812558695,ijbc-IJBC,0.001,96.49,unknown,unknown,unknown,unknown,unknown,needs_protocol_review
ms1mv3_r50_herpn_epoch10_linear9_layer3_9_recovery,work_dirs/ms1mv3_r50_herpn_epoch10_linear9_layer3_9_recovery/ijbc_layer3_9_step1000/r50_e10_linear9_layer3_9_step1000/ijbc_tar_at_far.csv,d5685f30b69cc02d7fb6c717e413adb88148571ecb57009d63751fa812558695,ijbc-IJBC,0.01,97.74,unknown,unknown,unknown,unknown,unknown,needs_protocol_review
ms1mv3_r50_herpn_epoch10_linear9_layer3_9_recovery,work_dirs/ms1mv3_r50_herpn_epoch10_linear9_layer3_9_recovery/ijbc_layer3_9_step1000/r50_e10_linear9_layer3_9_step1000/ijbc_tar_at_far.csv,d5685f30b69cc02d7fb6c717e413adb88148571ecb57009d63751fa812558695,ijbc-IJBC,0.1,98.72,unknown,unknown,unknown,unknown,unknown,needs_protocol_review
ms1mv3_r50_herpn_epoch10_linear9_layer3_9_recovery,work_dirs/ms1mv3_r50_herpn_epoch10_linear9_layer3_9_recovery/ijbc_layer3_9_step1500/r50_e10_linear9_layer3_9_step1500/ijbc_tar_at_far.csv,6b977256a2934e7260b6fd5f891f6ef58b0a43d4cf8e8a6109983fe81f322c47,ijbc-IJBC,1e-06,83.81,unknown,unknown,unknown,unknown,unknown,needs_protocol_review
ms1mv3_r50_herpn_epoch10_linear9_layer3_9_recovery,work_dirs/ms1mv3_r50_herpn_epoch10_linear9_layer3_9_recovery/ijbc_layer3_9_step1500/r50_e10_linear9_layer3_9_step1500/ijbc_tar_at_far.csv,6b977256a2934e7260b6fd5f891f6ef58b0a43d4cf8e8a6109983fe81f322c47,ijbc-IJBC,1e-05,91.48,unknown,unknown,unknown,unknown,unknown,needs_protocol_review
ms1mv3_r50_herpn_epoch10_linear9_layer3_9_recovery,work_dirs/ms1mv3_r50_herpn_epoch10_linear9_layer3_9_recovery/ijbc_layer3_9_step1500/r50_e10_linear9_layer3_9_step1500/ijbc_tar_at_far.csv,6b977256a2934e7260b6fd5f891f6ef58b0a43d4cf8e8a6109983fe81f322c47,ijbc-IJBC,0.0001,94.69,unknown,unknown,unknown,unknown,unknown,needs_protocol_review
ms1mv3_r50_herpn_epoch10_linear9_layer3_9_recovery,work_dirs/ms1mv3_r50_herpn_epoch10_linear9_layer3_9_recovery/ijbc_layer3_9_step1500/r50_e10_linear9_layer3_9_step1500/ijbc_tar_at_far.csv,6b977256a2934e7260b6fd5f891f6ef58b0a43d4cf8e8a6109983fe81f322c47,ijbc-IJBC,0.001,96.51,unknown,unknown,unknown,unknown,unknown,needs_protocol_review
ms1mv3_r50_herpn_epoch10_linear9_layer3_9_recovery,work_dirs/ms1mv3_r50_herpn_epoch10_linear9_layer3_9_recovery/ijbc_layer3_9_step1500/r50_e10_linear9_layer3_9_step1500/ijbc_tar_at_far.csv,6b977256a2934e7260b6fd5f891f6ef58b0a43d4cf8e8a6109983fe81f322c47,ijbc-IJBC,0.01,97.75,unknown,unknown,unknown,unknown,unknown,needs_protocol_review
ms1mv3_r50_herpn_epoch10_linear9_layer3_9_recovery,work_dirs/ms1mv3_r50_herpn_epoch10_linear9_layer3_9_recovery/ijbc_layer3_9_step1500/r50_e10_linear9_layer3_9_step1500/ijbc_tar_at_far.csv,6b977256a2934e7260b6fd5f891f6ef58b0a43d4cf8e8a6109983fe81f322c47,ijbc-IJBC,0.1,98.72,unknown,unknown,unknown,unknown,unknown,needs_protocol_review
ms1mv3_r50_herpn_epoch10_linear9_layer3_9_recovery,work_dirs/ms1mv3_r50_herpn_epoch10_linear9_layer3_9_recovery/ijbc_layer3_9_step500/r50_e10_linear9_layer3_9_step500/ijbc_tar_at_far.csv,726ea2893422a41b40f47b963e6a98f7a361b043219be78d393a2e4c58a10701,ijbc-IJBC,1e-06,83.55,unknown,unknown,unknown,unknown,unknown,needs_protocol_review
ms1mv3_r50_herpn_epoch10_linear9_layer3_9_recovery,work_dirs/ms1mv3_r50_herpn_epoch10_linear9_layer3_9_recovery/ijbc_layer3_9_step500/r50_e10_linear9_layer3_9_step500/ijbc_tar_at_far.csv,726ea2893422a41b40f47b963e6a98f7a361b043219be78d393a2e4c58a10701,ijbc-IJBC,1e-05,91.38,unknown,unknown,unknown,unknown,unknown,needs_protocol_review
ms1mv3_r50_herpn_epoch10_linear9_layer3_9_recovery,work_dirs/ms1mv3_r50_herpn_epoch10_linear9_layer3_9_recovery/ijbc_layer3_9_step500/r50_e10_linear9_layer3_9_step500/ijbc_tar_at_far.csv,726ea2893422a41b40f47b963e6a98f7a361b043219be78d393a2e4c58a10701,ijbc-IJBC,0.0001,94.54,unknown,unknown,unknown,unknown,unknown,needs_protocol_review
ms1mv3_r50_herpn_epoch10_linear9_layer3_9_recovery,work_dirs/ms1mv3_r50_herpn_epoch10_linear9_layer3_9_recovery/ijbc_layer3_9_step500/r50_e10_linear9_layer3_9_step500/ijbc_tar_at_far.csv,726ea2893422a41b40f47b963e6a98f7a361b043219be78d393a2e4c58a10701,ijbc-IJBC,0.001,96.45,unknown,unknown,unknown,unknown,unknown,needs_protocol_review
ms1mv3_r50_herpn_epoch10_linear9_layer3_9_recovery,work_dirs/ms1mv3_r50_herpn_epoch10_linear9_layer3_9_recovery/ijbc_layer3_9_step500/r50_e10_linear9_layer3_9_step500/ijbc_tar_at_far.csv,726ea2893422a41b40f47b963e6a98f7a361b043219be78d393a2e4c58a10701,ijbc-IJBC,0.01,97.73,unknown,unknown,unknown,unknown,unknown,needs_protocol_review
ms1mv3_r50_herpn_epoch10_linear9_layer3_9_recovery,work_dirs/ms1mv3_r50_herpn_epoch10_linear9_layer3_9_recovery/ijbc_layer3_9_step500/r50_e10_linear9_layer3_9_step500/ijbc_tar_at_far.csv,726ea2893422a41b40f47b963e6a98f7a361b043219be78d393a2e4c58a10701,ijbc-IJBC,0.1,98.71,unknown,unknown,unknown,unknown,unknown,needs_protocol_review
ms1mv3_r50_herpn_epoch10_linear9_layer42,work_dirs/ms1mv3_r50_herpn_epoch10_linear9_layer42/ijbc_prelu_slope_static/r50_e10_linear9_prelu_slope_static/ijbc_tar_at_far.csv,5f1cb62532bcedb20f179c59cb01afdd053b35834685284ca09d6ff8f8c79194,ijbc-IJBC,1e-06,80.82,unknown,unknown,unknown,unknown,unknown,needs_protocol_review
ms1mv3_r50_herpn_epoch10_linear9_layer42,work_dirs/ms1mv3_r50_herpn_epoch10_linear9_layer42/ijbc_prelu_slope_static/r50_e10_linear9_prelu_slope_static/ijbc_tar_at_far.csv,5f1cb62532bcedb20f179c59cb01afdd053b35834685284ca09d6ff8f8c79194,ijbc-IJBC,1e-05,89.22,unknown,unknown,unknown,unknown,unknown,needs_protocol_review
ms1mv3_r50_herpn_epoch10_linear9_layer42,work_dirs/ms1mv3_r50_herpn_epoch10_linear9_layer42/ijbc_prelu_slope_static/r50_e10_linear9_prelu_slope_static/ijbc_tar_at_far.csv,5f1cb62532bcedb20f179c59cb01afdd053b35834685284ca09d6ff8f8c79194,ijbc-IJBC,0.0001,93.61,unknown,unknown,unknown,unknown,unknown,needs_protocol_review
ms1mv3_r50_herpn_epoch10_linear9_layer42,work_dirs/ms1mv3_r50_herpn_epoch10_linear9_layer42/ijbc_prelu_slope_static/r50_e10_linear9_prelu_slope_static/ijbc_tar_at_far.csv,5f1cb62532bcedb20f179c59cb01afdd053b35834685284ca09d6ff8f8c79194,ijbc-IJBC,0.001,95.84,unknown,unknown,unknown,unknown,unknown,needs_protocol_review
ms1mv3_r50_herpn_epoch10_linear9_layer42,work_dirs/ms1mv3_r50_herpn_epoch10_linear9_layer42/ijbc_prelu_slope_static/r50_e10_linear9_prelu_slope_static/ijbc_tar_at_far.csv,5f1cb62532bcedb20f179c59cb01afdd053b35834685284ca09d6ff8f8c79194,ijbc-IJBC,0.01,97.5,unknown,unknown,unknown,unknown,unknown,needs_protocol_review
ms1mv3_r50_herpn_epoch10_linear9_layer42,work_dirs/ms1mv3_r50_herpn_epoch10_linear9_layer42/ijbc_prelu_slope_static/r50_e10_linear9_prelu_slope_static/ijbc_tar_at_far.csv,5f1cb62532bcedb20f179c59cb01afdd053b35834685284ca09d6ff8f8c79194,ijbc-IJBC,0.1,98.72,unknown,unknown,unknown,unknown,unknown,needs_protocol_review
ms1mv3_r50_herpn_epoch10_linear_sites,work_dirs/ms1mv3_r50_herpn_epoch10_linear_sites/ijbc_layer3_8/r50_e10_linear9_layer3_8/ijbc_tar_at_far.csv,63ff88091dfe12912eede74fc0afdfb32dd9e3cefc37720190638666d897862b,ijbc-IJBC,1e-06,73.75,unknown,unknown,unknown,unknown,unknown,needs_protocol_review
ms1mv3_r50_herpn_epoch10_linear_sites,work_dirs/ms1mv3_r50_herpn_epoch10_linear_sites/ijbc_layer3_8/r50_e10_linear9_layer3_8/ijbc_tar_at_far.csv,63ff88091dfe12912eede74fc0afdfb32dd9e3cefc37720190638666d897862b,ijbc-IJBC,1e-05,88.79,unknown,unknown,unknown,unknown,unknown,needs_protocol_review
ms1mv3_r50_herpn_epoch10_linear_sites,work_dirs/ms1mv3_r50_herpn_epoch10_linear_sites/ijbc_layer3_8/r50_e10_linear9_layer3_8/ijbc_tar_at_far.csv,63ff88091dfe12912eede74fc0afdfb32dd9e3cefc37720190638666d897862b,ijbc-IJBC,0.0001,94.21,unknown,unknown,unknown,unknown,unknown,needs_protocol_review
ms1mv3_r50_herpn_epoch10_linear_sites,work_dirs/ms1mv3_r50_herpn_epoch10_linear_sites/ijbc_layer3_8/r50_e10_linear9_layer3_8/ijbc_tar_at_far.csv,63ff88091dfe12912eede74fc0afdfb32dd9e3cefc37720190638666d897862b,ijbc-IJBC,0.001,96.33,unknown,unknown,unknown,unknown,unknown,needs_protocol_review
ms1mv3_r50_herpn_epoch10_linear_sites,work_dirs/ms1mv3_r50_herpn_epoch10_linear_sites/ijbc_layer3_8/r50_e10_linear9_layer3_8/ijbc_tar_at_far.csv,63ff88091dfe12912eede74fc0afdfb32dd9e3cefc37720190638666d897862b,ijbc-IJBC,0.01,97.72,unknown,unknown,unknown,unknown,unknown,needs_protocol_review
ms1mv3_r50_herpn_epoch10_linear_sites,work_dirs/ms1mv3_r50_herpn_epoch10_linear_sites/ijbc_layer3_8/r50_e10_linear9_layer3_8/ijbc_tar_at_far.csv,63ff88091dfe12912eede74fc0afdfb32dd9e3cefc37720190638666d897862b,ijbc-IJBC,0.1,98.73,unknown,unknown,unknown,unknown,unknown,needs_protocol_review
ms1mv3_r50_herpn_epoch10_linear_sites,work_dirs/ms1mv3_r50_herpn_epoch10_linear_sites/ijbc_layer3_9/r50_e10_linear9_layer3_9/ijbc_tar_at_far.csv,82d3406999730d3d42b4afea55d4ba0fc55f040bed178be895456b5fe4bd5a94,ijbc-IJBC,1e-06,82.7,unknown,unknown,unknown,unknown,unknown,needs_protocol_review
ms1mv3_r50_herpn_epoch10_linear_sites,work_dirs/ms1mv3_r50_herpn_epoch10_linear_sites/ijbc_layer3_9/r50_e10_linear9_layer3_9/ijbc_tar_at_far.csv,82d3406999730d3d42b4afea55d4ba0fc55f040bed178be895456b5fe4bd5a94,ijbc-IJBC,1e-05,90.92,unknown,unknown,unknown,unknown,unknown,needs_protocol_review
ms1mv3_r50_herpn_epoch10_linear_sites,work_dirs/ms1mv3_r50_herpn_epoch10_linear_sites/ijbc_layer3_9/r50_e10_linear9_layer3_9/ijbc_tar_at_far.csv,82d3406999730d3d42b4afea55d4ba0fc55f040bed178be895456b5fe4bd5a94,ijbc-IJBC,0.0001,94.27,unknown,unknown,unknown,unknown,unknown,needs_protocol_review
ms1mv3_r50_herpn_epoch10_linear_sites,work_dirs/ms1mv3_r50_herpn_epoch10_linear_sites/ijbc_layer3_9/r50_e10_linear9_layer3_9/ijbc_tar_at_far.csv,82d3406999730d3d42b4afea55d4ba0fc55f040bed178be895456b5fe4bd5a94,ijbc-IJBC,0.001,96.21,unknown,unknown,unknown,unknown,unknown,needs_protocol_review
ms1mv3_r50_herpn_epoch10_linear_sites,work_dirs/ms1mv3_r50_herpn_epoch10_linear_sites/ijbc_layer3_9/r50_e10_linear9_layer3_9/ijbc_tar_at_far.csv,82d3406999730d3d42b4afea55d4ba0fc55f040bed178be895456b5fe4bd5a94,ijbc-IJBC,0.01,97.61,unknown,unknown,unknown,unknown,unknown,needs_protocol_review
ms1mv3_r50_herpn_epoch10_linear_sites,work_dirs/ms1mv3_r50_herpn_epoch10_linear_sites/ijbc_layer3_9/r50_e10_linear9_layer3_9/ijbc_tar_at_far.csv,82d3406999730d3d42b4afea55d4ba0fc55f040bed178be895456b5fe4bd5a94,ijbc-IJBC,0.1,98.63,unknown,unknown,unknown,unknown,unknown,needs_protocol_review
ms1mv3_r50_herpn_full_conversion_phase1,work_dirs/ms1mv3_r50_herpn_full_conversion_phase1/ijbc_epoch21/r50_full_poly_epoch21/ijbc_tar_at_far.csv,0ea9fe7ea263f1278457a65a66bde2ec46d59d957dfab7ac7001b83fcccebd33,ijbc-IJBC,1e-06,82.71,unknown,unknown,unknown,unknown,unknown,needs_protocol_review
ms1mv3_r50_herpn_full_conversion_phase1,work_dirs/ms1mv3_r50_herpn_full_conversion_phase1/ijbc_epoch21/r50_full_poly_epoch21/ijbc_tar_at_far.csv,0ea9fe7ea263f1278457a65a66bde2ec46d59d957dfab7ac7001b83fcccebd33,ijbc-IJBC,1e-05,91.11,unknown,unknown,unknown,unknown,unknown,needs_protocol_review
ms1mv3_r50_herpn_full_conversion_phase1,work_dirs/ms1mv3_r50_herpn_full_conversion_phase1/ijbc_epoch21/r50_full_poly_epoch21/ijbc_tar_at_far.csv,0ea9fe7ea263f1278457a65a66bde2ec46d59d957dfab7ac7001b83fcccebd33,ijbc-IJBC,0.0001,94.33,unknown,unknown,unknown,unknown,unknown,needs_protocol_review
ms1mv3_r50_herpn_full_conversion_phase1,work_dirs/ms1mv3_r50_herpn_full_conversion_phase1/ijbc_epoch21/r50_full_poly_epoch21/ijbc_tar_at_far.csv,0ea9fe7ea263f1278457a65a66bde2ec46d59d957dfab7ac7001b83fcccebd33,ijbc-IJBC,0.001,96.36,unknown,unknown,unknown,unknown,unknown,needs_protocol_review
ms1mv3_r50_herpn_full_conversion_phase1,work_dirs/ms1mv3_r50_herpn_full_conversion_phase1/ijbc_epoch21/r50_full_poly_epoch21/ijbc_tar_at_far.csv,0ea9fe7ea263f1278457a65a66bde2ec46d59d957dfab7ac7001b83fcccebd33,ijbc-IJBC,0.01,97.82,unknown,unknown,unknown,unknown,unknown,needs_protocol_review
ms1mv3_r50_herpn_full_conversion_phase1,work_dirs/ms1mv3_r50_herpn_full_conversion_phase1/ijbc_epoch21/r50_full_poly_epoch21/ijbc_tar_at_far.csv,0ea9fe7ea263f1278457a65a66bde2ec46d59d957dfab7ac7001b83fcccebd33,ijbc-IJBC,0.1,98.8,unknown,unknown,unknown,unknown,unknown,needs_protocol_review
ms1mv3_r50_herpn_full_conversion_phase1,work_dirs/ms1mv3_r50_herpn_full_conversion_phase1/ijbc_epoch22/r50_full_poly_epoch22/ijbc_tar_at_far.csv,758fd00e141f2cb42eacba9fb7937dbe4951b16736cddab88675fba288e76044,ijbc-IJBC,1e-06,83.79,unknown,unknown,unknown,unknown,unknown,needs_protocol_review
ms1mv3_r50_herpn_full_conversion_phase1,work_dirs/ms1mv3_r50_herpn_full_conversion_phase1/ijbc_epoch22/r50_full_poly_epoch22/ijbc_tar_at_far.csv,758fd00e141f2cb42eacba9fb7937dbe4951b16736cddab88675fba288e76044,ijbc-IJBC,1e-05,91.54,unknown,unknown,unknown,unknown,unknown,needs_protocol_review
ms1mv3_r50_herpn_full_conversion_phase1,work_dirs/ms1mv3_r50_herpn_full_conversion_phase1/ijbc_epoch22/r50_full_poly_epoch22/ijbc_tar_at_far.csv,758fd00e141f2cb42eacba9fb7937dbe4951b16736cddab88675fba288e76044,ijbc-IJBC,0.0001,94.52,unknown,unknown,unknown,unknown,unknown,needs_protocol_review
ms1mv3_r50_herpn_full_conversion_phase1,work_dirs/ms1mv3_r50_herpn_full_conversion_phase1/ijbc_epoch22/r50_full_poly_epoch22/ijbc_tar_at_far.csv,758fd00e141f2cb42eacba9fb7937dbe4951b16736cddab88675fba288e76044,ijbc-IJBC,0.001,96.36,unknown,unknown,unknown,unknown,unknown,needs_protocol_review
ms1mv3_r50_herpn_full_conversion_phase1,work_dirs/ms1mv3_r50_herpn_full_conversion_phase1/ijbc_epoch22/r50_full_poly_epoch22/ijbc_tar_at_far.csv,758fd00e141f2cb42eacba9fb7937dbe4951b16736cddab88675fba288e76044,ijbc-IJBC,0.01,97.77,unknown,unknown,unknown,unknown,unknown,needs_protocol_review
ms1mv3_r50_herpn_full_conversion_phase1,work_dirs/ms1mv3_r50_herpn_full_conversion_phase1/ijbc_epoch22/r50_full_poly_epoch22/ijbc_tar_at_far.csv,758fd00e141f2cb42eacba9fb7937dbe4951b16736cddab88675fba288e76044,ijbc-IJBC,0.1,98.69,unknown,unknown,unknown,unknown,unknown,needs_protocol_review
ms1mv3_r50_herpn_full_conversion_phase1,work_dirs/ms1mv3_r50_herpn_full_conversion_phase1/ijbc_epoch23/r50_full_poly_epoch23/ijbc_tar_at_far.csv,013af5ea830f23b1a5d78789f0c5e4a9d1ca4f10ebbd794fc63f4ad93e324850,ijbc-IJBC,1e-06,85.88,unknown,unknown,unknown,unknown,unknown,needs_protocol_review
ms1mv3_r50_herpn_full_conversion_phase1,work_dirs/ms1mv3_r50_herpn_full_conversion_phase1/ijbc_epoch23/r50_full_poly_epoch23/ijbc_tar_at_far.csv,013af5ea830f23b1a5d78789f0c5e4a9d1ca4f10ebbd794fc63f4ad93e324850,ijbc-IJBC,1e-05,92.01,unknown,unknown,unknown,unknown,unknown,needs_protocol_review
ms1mv3_r50_herpn_full_conversion_phase1,work_dirs/ms1mv3_r50_herpn_full_conversion_phase1/ijbc_epoch23/r50_full_poly_epoch23/ijbc_tar_at_far.csv,013af5ea830f23b1a5d78789f0c5e4a9d1ca4f10ebbd794fc63f4ad93e324850,ijbc-IJBC,0.0001,94.81,unknown,unknown,unknown,unknown,unknown,needs_protocol_review
ms1mv3_r50_herpn_full_conversion_phase1,work_dirs/ms1mv3_r50_herpn_full_conversion_phase1/ijbc_epoch23/r50_full_poly_epoch23/ijbc_tar_at_far.csv,013af5ea830f23b1a5d78789f0c5e4a9d1ca4f10ebbd794fc63f4ad93e324850,ijbc-IJBC,0.001,96.62,unknown,unknown,unknown,unknown,unknown,needs_protocol_review
ms1mv3_r50_herpn_full_conversion_phase1,work_dirs/ms1mv3_r50_herpn_full_conversion_phase1/ijbc_epoch23/r50_full_poly_epoch23/ijbc_tar_at_far.csv,013af5ea830f23b1a5d78789f0c5e4a9d1ca4f10ebbd794fc63f4ad93e324850,ijbc-IJBC,0.01,97.91,unknown,unknown,unknown,unknown,unknown,needs_protocol_review
ms1mv3_r50_herpn_full_conversion_phase1,work_dirs/ms1mv3_r50_herpn_full_conversion_phase1/ijbc_epoch23/r50_full_poly_epoch23/ijbc_tar_at_far.csv,013af5ea830f23b1a5d78789f0c5e4a9d1ca4f10ebbd794fc63f4ad93e324850,ijbc-IJBC,0.1,98.82,unknown,unknown,unknown,unknown,unknown,needs_protocol_review
ms1mv3_r50_herpn_full_conversion_phase1,work_dirs/ms1mv3_r50_herpn_full_conversion_phase1/ijbc_epoch24/r50_full_poly_epoch24/ijbc_tar_at_far.csv,b18159e6f786005b321245b72202719a6bf20b41c96a4eaa3ec5b1fab451a2a7,ijbc-IJBC,1e-06,87.32,unknown,unknown,unknown,unknown,unknown,needs_protocol_review
ms1mv3_r50_herpn_full_conversion_phase1,work_dirs/ms1mv3_r50_herpn_full_conversion_phase1/ijbc_epoch24/r50_full_poly_epoch24/ijbc_tar_at_far.csv,b18159e6f786005b321245b72202719a6bf20b41c96a4eaa3ec5b1fab451a2a7,ijbc-IJBC,1e-05,92.57,unknown,unknown,unknown,unknown,unknown,needs_protocol_review
ms1mv3_r50_herpn_full_conversion_phase1,work_dirs/ms1mv3_r50_herpn_full_conversion_phase1/ijbc_epoch24/r50_full_poly_epoch24/ijbc_tar_at_far.csv,b18159e6f786005b321245b72202719a6bf20b41c96a4eaa3ec5b1fab451a2a7,ijbc-IJBC,0.0001,94.91,unknown,unknown,unknown,unknown,unknown,needs_protocol_review
ms1mv3_r50_herpn_full_conversion_phase1,work_dirs/ms1mv3_r50_herpn_full_conversion_phase1/ijbc_epoch24/r50_full_poly_epoch24/ijbc_tar_at_far.csv,b18159e6f786005b321245b72202719a6bf20b41c96a4eaa3ec5b1fab451a2a7,ijbc-IJBC,0.001,96.61,unknown,unknown,unknown,unknown,unknown,needs_protocol_review
ms1mv3_r50_herpn_full_conversion_phase1,work_dirs/ms1mv3_r50_herpn_full_conversion_phase1/ijbc_epoch24/r50_full_poly_epoch24/ijbc_tar_at_far.csv,b18159e6f786005b321245b72202719a6bf20b41c96a4eaa3ec5b1fab451a2a7,ijbc-IJBC,0.01,97.76,unknown,unknown,unknown,unknown,unknown,needs_protocol_review
ms1mv3_r50_herpn_full_conversion_phase1,work_dirs/ms1mv3_r50_herpn_full_conversion_phase1/ijbc_epoch24/r50_full_poly_epoch24/ijbc_tar_at_far.csv,b18159e6f786005b321245b72202719a6bf20b41c96a4eaa3ec5b1fab451a2a7,ijbc-IJBC,0.1,98.62,unknown,unknown,unknown,unknown,unknown,needs_protocol_review
ms1mv3_r50_herpn_full_conversion_phase1,work_dirs/ms1mv3_r50_herpn_full_conversion_phase1/ijbc_epoch24_trace/r50_full_poly_epoch24_trace/ijbc_tar_at_far.csv,b18159e6f786005b321245b72202719a6bf20b41c96a4eaa3ec5b1fab451a2a7,ijbc-IJBC,1e-06,87.32,unknown,unknown,unknown,unknown,unknown,needs_protocol_review
ms1mv3_r50_herpn_full_conversion_phase1,work_dirs/ms1mv3_r50_herpn_full_conversion_phase1/ijbc_epoch24_trace/r50_full_poly_epoch24_trace/ijbc_tar_at_far.csv,b18159e6f786005b321245b72202719a6bf20b41c96a4eaa3ec5b1fab451a2a7,ijbc-IJBC,1e-05,92.57,unknown,unknown,unknown,unknown,unknown,needs_protocol_review
ms1mv3_r50_herpn_full_conversion_phase1,work_dirs/ms1mv3_r50_herpn_full_conversion_phase1/ijbc_epoch24_trace/r50_full_poly_epoch24_trace/ijbc_tar_at_far.csv,b18159e6f786005b321245b72202719a6bf20b41c96a4eaa3ec5b1fab451a2a7,ijbc-IJBC,0.0001,94.91,unknown,unknown,unknown,unknown,unknown,needs_protocol_review
ms1mv3_r50_herpn_full_conversion_phase1,work_dirs/ms1mv3_r50_herpn_full_conversion_phase1/ijbc_epoch24_trace/r50_full_poly_epoch24_trace/ijbc_tar_at_far.csv,b18159e6f786005b321245b72202719a6bf20b41c96a4eaa3ec5b1fab451a2a7,ijbc-IJBC,0.001,96.61,unknown,unknown,unknown,unknown,unknown,needs_protocol_review
ms1mv3_r50_herpn_full_conversion_phase1,work_dirs/ms1mv3_r50_herpn_full_conversion_phase1/ijbc_epoch24_trace/r50_full_poly_epoch24_trace/ijbc_tar_at_far.csv,b18159e6f786005b321245b72202719a6bf20b41c96a4eaa3ec5b1fab451a2a7,ijbc-IJBC,0.01,97.76,unknown,unknown,unknown,unknown,unknown,needs_protocol_review
ms1mv3_r50_herpn_full_conversion_phase1,work_dirs/ms1mv3_r50_herpn_full_conversion_phase1/ijbc_epoch24_trace/r50_full_poly_epoch24_trace/ijbc_tar_at_far.csv,b18159e6f786005b321245b72202719a6bf20b41c96a4eaa3ec5b1fab451a2a7,ijbc-IJBC,0.1,98.62,unknown,unknown,unknown,unknown,unknown,needs_protocol_review
ms1mv3_r50_herpn_full_conversion_phase1_epoch24_plus3,work_dirs/ms1mv3_r50_herpn_full_conversion_phase1_epoch24_plus3/ijbc_control_e25/r50_full_poly_control_e25/ijbc_tar_at_far.csv,70c73a6824679f56630c2ee88b02f40946603a45698d0de0ce05252a5afcfad2,ijbc-IJBC,1e-06,72.86,unknown,unknown,unknown,unknown,unknown,needs_protocol_review
ms1mv3_r50_herpn_full_conversion_phase1_epoch24_plus3,work_dirs/ms1mv3_r50_herpn_full_conversion_phase1_epoch24_plus3/ijbc_control_e25/r50_full_poly_control_e25/ijbc_tar_at_far.csv,70c73a6824679f56630c2ee88b02f40946603a45698d0de0ce05252a5afcfad2,ijbc-IJBC,1e-05,87.14,unknown,unknown,unknown,unknown,unknown,needs_protocol_review
ms1mv3_r50_herpn_full_conversion_phase1_epoch24_plus3,work_dirs/ms1mv3_r50_herpn_full_conversion_phase1_epoch24_plus3/ijbc_control_e25/r50_full_poly_control_e25/ijbc_tar_at_far.csv,70c73a6824679f56630c2ee88b02f40946603a45698d0de0ce05252a5afcfad2,ijbc-IJBC,0.0001,92.98,unknown,unknown,unknown,unknown,unknown,needs_protocol_review
ms1mv3_r50_herpn_full_conversion_phase1_epoch24_plus3,work_dirs/ms1mv3_r50_herpn_full_conversion_phase1_epoch24_plus3/ijbc_control_e25/r50_full_poly_control_e25/ijbc_tar_at_far.csv,70c73a6824679f56630c2ee88b02f40946603a45698d0de0ce05252a5afcfad2,ijbc-IJBC,0.001,95.77,unknown,unknown,unknown,unknown,unknown,needs_protocol_review
ms1mv3_r50_herpn_full_conversion_phase1_epoch24_plus3,work_dirs/ms1mv3_r50_herpn_full_conversion_phase1_epoch24_plus3/ijbc_control_e25/r50_full_poly_control_e25/ijbc_tar_at_far.csv,70c73a6824679f56630c2ee88b02f40946603a45698d0de0ce05252a5afcfad2,ijbc-IJBC,0.01,97.48,unknown,unknown,unknown,unknown,unknown,needs_protocol_review
ms1mv3_r50_herpn_full_conversion_phase1_epoch24_plus3,work_dirs/ms1mv3_r50_herpn_full_conversion_phase1_epoch24_plus3/ijbc_control_e25/r50_full_poly_control_e25/ijbc_tar_at_far.csv,70c73a6824679f56630c2ee88b02f40946603a45698d0de0ce05252a5afcfad2,ijbc-IJBC,0.1,98.7,unknown,unknown,unknown,unknown,unknown,needs_protocol_review
ms1mv3_r50_herpn_full_conversion_phase1_epoch24_plus3,work_dirs/ms1mv3_r50_herpn_full_conversion_phase1_epoch24_plus3/ijbc_control_e26/r50_full_poly_control_e26/ijbc_tar_at_far.csv,2acbf4226eb2657bc23b54e7e7926021b8f237a9948e780565203469b61af5f3,ijbc-IJBC,1e-06,87.91,unknown,unknown,unknown,unknown,unknown,needs_protocol_review
ms1mv3_r50_herpn_full_conversion_phase1_epoch24_plus3,work_dirs/ms1mv3_r50_herpn_full_conversion_phase1_epoch24_plus3/ijbc_control_e26/r50_full_poly_control_e26/ijbc_tar_at_far.csv,2acbf4226eb2657bc23b54e7e7926021b8f237a9948e780565203469b61af5f3,ijbc-IJBC,1e-05,92.62,unknown,unknown,unknown,unknown,unknown,needs_protocol_review
ms1mv3_r50_herpn_full_conversion_phase1_epoch24_plus3,work_dirs/ms1mv3_r50_herpn_full_conversion_phase1_epoch24_plus3/ijbc_control_e26/r50_full_poly_control_e26/ijbc_tar_at_far.csv,2acbf4226eb2657bc23b54e7e7926021b8f237a9948e780565203469b61af5f3,ijbc-IJBC,0.0001,95.07,unknown,unknown,unknown,unknown,unknown,needs_protocol_review
ms1mv3_r50_herpn_full_conversion_phase1_epoch24_plus3,work_dirs/ms1mv3_r50_herpn_full_conversion_phase1_epoch24_plus3/ijbc_control_e26/r50_full_poly_control_e26/ijbc_tar_at_far.csv,2acbf4226eb2657bc23b54e7e7926021b8f237a9948e780565203469b61af5f3,ijbc-IJBC,0.001,96.74,unknown,unknown,unknown,unknown,unknown,needs_protocol_review
ms1mv3_r50_herpn_full_conversion_phase1_epoch24_plus3,work_dirs/ms1mv3_r50_herpn_full_conversion_phase1_epoch24_plus3/ijbc_control_e26/r50_full_poly_control_e26/ijbc_tar_at_far.csv,2acbf4226eb2657bc23b54e7e7926021b8f237a9948e780565203469b61af5f3,ijbc-IJBC,0.01,97.85,unknown,unknown,unknown,unknown,unknown,needs_protocol_review
ms1mv3_r50_herpn_full_conversion_phase1_epoch24_plus3,work_dirs/ms1mv3_r50_herpn_full_conversion_phase1_epoch24_plus3/ijbc_control_e26/r50_full_poly_control_e26/ijbc_tar_at_far.csv,2acbf4226eb2657bc23b54e7e7926021b8f237a9948e780565203469b61af5f3,ijbc-IJBC,0.1,98.72,unknown,unknown,unknown,unknown,unknown,needs_protocol_review
ms1mv3_r50_herpn_full_conversion_phase1_epoch24_plus3,work_dirs/ms1mv3_r50_herpn_full_conversion_phase1_epoch24_plus3/ijbc_control_e27/r50_full_poly_control_e27/ijbc_tar_at_far.csv,3a3c72e335b938d3fa5f7f283616dfdb26b1cf0d863530ecfad74a1c3875c3eb,ijbc-IJBC,1e-06,47.6,unknown,unknown,unknown,unknown,unknown,needs_protocol_review
ms1mv3_r50_herpn_full_conversion_phase1_epoch24_plus3,work_dirs/ms1mv3_r50_herpn_full_conversion_phase1_epoch24_plus3/ijbc_control_e27/r50_full_poly_control_e27/ijbc_tar_at_far.csv,3a3c72e335b938d3fa5f7f283616dfdb26b1cf0d863530ecfad74a1c3875c3eb,ijbc-IJBC,1e-05,67.54,unknown,unknown,unknown,unknown,unknown,needs_protocol_review
ms1mv3_r50_herpn_full_conversion_phase1_epoch24_plus3,work_dirs/ms1mv3_r50_herpn_full_conversion_phase1_epoch24_plus3/ijbc_control_e27/r50_full_poly_control_e27/ijbc_tar_at_far.csv,3a3c72e335b938d3fa5f7f283616dfdb26b1cf0d863530ecfad74a1c3875c3eb,ijbc-IJBC,0.0001,79.88,unknown,unknown,unknown,unknown,unknown,needs_protocol_review
ms1mv3_r50_herpn_full_conversion_phase1_epoch24_plus3,work_dirs/ms1mv3_r50_herpn_full_conversion_phase1_epoch24_plus3/ijbc_control_e27/r50_full_poly_control_e27/ijbc_tar_at_far.csv,3a3c72e335b938d3fa5f7f283616dfdb26b1cf0d863530ecfad74a1c3875c3eb,ijbc-IJBC,0.001,89.08,unknown,unknown,unknown,unknown,unknown,needs_protocol_review
ms1mv3_r50_herpn_full_conversion_phase1_epoch24_plus3,work_dirs/ms1mv3_r50_herpn_full_conversion_phase1_epoch24_plus3/ijbc_control_e27/r50_full_poly_control_e27/ijbc_tar_at_far.csv,3a3c72e335b938d3fa5f7f283616dfdb26b1cf0d863530ecfad74a1c3875c3eb,ijbc-IJBC,0.01,94.73,unknown,unknown,unknown,unknown,unknown,needs_protocol_review
ms1mv3_r50_herpn_full_conversion_phase1_epoch24_plus3,work_dirs/ms1mv3_r50_herpn_full_conversion_phase1_epoch24_plus3/ijbc_control_e27/r50_full_poly_control_e27/ijbc_tar_at_far.csv,3a3c72e335b938d3fa5f7f283616dfdb26b1cf0d863530ecfad74a1c3875c3eb,ijbc-IJBC,0.1,97.88,unknown,unknown,unknown,unknown,unknown,needs_protocol_review
ms1mv3_r50_herpn_full_conversion_phase2_bn,work_dirs/ms1mv3_r50_herpn_full_conversion_phase2_bn/ijbc_epoch23_bnreset_1000x4/r50_full_poly_epoch23_bnreset_1000x4/ijbc_tar_at_far.csv,a7cd02529913174eef7ed650c25e826db5593f009fa9275ed296c6f128c15303,ijbc-IJBC,1e-06,70.9,unknown,unknown,unknown,unknown,unknown,needs_protocol_review
ms1mv3_r50_herpn_full_conversion_phase2_bn,work_dirs/ms1mv3_r50_herpn_full_conversion_phase2_bn/ijbc_epoch23_bnreset_1000x4/r50_full_poly_epoch23_bnreset_1000x4/ijbc_tar_at_far.csv,a7cd02529913174eef7ed650c25e826db5593f009fa9275ed296c6f128c15303,ijbc-IJBC,1e-05,82.39,unknown,unknown,unknown,unknown,unknown,needs_protocol_review
ms1mv3_r50_herpn_full_conversion_phase2_bn,work_dirs/ms1mv3_r50_herpn_full_conversion_phase2_bn/ijbc_epoch23_bnreset_1000x4/r50_full_poly_epoch23_bnreset_1000x4/ijbc_tar_at_far.csv,a7cd02529913174eef7ed650c25e826db5593f009fa9275ed296c6f128c15303,ijbc-IJBC,0.0001,89.91,unknown,unknown,unknown,unknown,unknown,needs_protocol_review
ms1mv3_r50_herpn_full_conversion_phase2_bn,work_dirs/ms1mv3_r50_herpn_full_conversion_phase2_bn/ijbc_epoch23_bnreset_1000x4/r50_full_poly_epoch23_bnreset_1000x4/ijbc_tar_at_far.csv,a7cd02529913174eef7ed650c25e826db5593f009fa9275ed296c6f128c15303,ijbc-IJBC,0.001,94.51,unknown,unknown,unknown,unknown,unknown,needs_protocol_review
ms1mv3_r50_herpn_full_conversion_phase2_bn,work_dirs/ms1mv3_r50_herpn_full_conversion_phase2_bn/ijbc_epoch23_bnreset_1000x4/r50_full_poly_epoch23_bnreset_1000x4/ijbc_tar_at_far.csv,a7cd02529913174eef7ed650c25e826db5593f009fa9275ed296c6f128c15303,ijbc-IJBC,0.01,97.19,unknown,unknown,unknown,unknown,unknown,needs_protocol_review
ms1mv3_r50_herpn_full_conversion_phase2_bn,work_dirs/ms1mv3_r50_herpn_full_conversion_phase2_bn/ijbc_epoch23_bnreset_1000x4/r50_full_poly_epoch23_bnreset_1000x4/ijbc_tar_at_far.csv,a7cd02529913174eef7ed650c25e826db5593f009fa9275ed296c6f128c15303,ijbc-IJBC,0.1,98.76,unknown,unknown,unknown,unknown,unknown,needs_protocol_review
ms1mv3_r50_herpn_full_conversion_phase2_causal_layer20,work_dirs/ms1mv3_r50_herpn_full_conversion_phase2_causal_layer20/ijbc_causal_l20_epoch01/r50_full_poly_causal_l20_epoch01/ijbc_tar_at_far.csv,73599e7209d74e5aa65fe7b5733c8a92bd51eda8bbca44184d1a251ab98531dd,ijbc-IJBC,1e-06,85.99,unknown,unknown,unknown,unknown,unknown,needs_protocol_review
ms1mv3_r50_herpn_full_conversion_phase2_causal_layer20,work_dirs/ms1mv3_r50_herpn_full_conversion_phase2_causal_layer20/ijbc_causal_l20_epoch01/r50_full_poly_causal_l20_epoch01/ijbc_tar_at_far.csv,73599e7209d74e5aa65fe7b5733c8a92bd51eda8bbca44184d1a251ab98531dd,ijbc-IJBC,1e-05,92.03,unknown,unknown,unknown,unknown,unknown,needs_protocol_review
ms1mv3_r50_herpn_full_conversion_phase2_causal_layer20,work_dirs/ms1mv3_r50_herpn_full_conversion_phase2_causal_layer20/ijbc_causal_l20_epoch01/r50_full_poly_causal_l20_epoch01/ijbc_tar_at_far.csv,73599e7209d74e5aa65fe7b5733c8a92bd51eda8bbca44184d1a251ab98531dd,ijbc-IJBC,0.0001,94.84,unknown,unknown,unknown,unknown,unknown,needs_protocol_review
ms1mv3_r50_herpn_full_conversion_phase2_causal_layer20,work_dirs/ms1mv3_r50_herpn_full_conversion_phase2_causal_layer20/ijbc_causal_l20_epoch01/r50_full_poly_causal_l20_epoch01/ijbc_tar_at_far.csv,73599e7209d74e5aa65fe7b5733c8a92bd51eda8bbca44184d1a251ab98531dd,ijbc-IJBC,0.001,96.64,unknown,unknown,unknown,unknown,unknown,needs_protocol_review
ms1mv3_r50_herpn_full_conversion_phase2_causal_layer20,work_dirs/ms1mv3_r50_herpn_full_conversion_phase2_causal_layer20/ijbc_causal_l20_epoch01/r50_full_poly_causal_l20_epoch01/ijbc_tar_at_far.csv,73599e7209d74e5aa65fe7b5733c8a92bd51eda8bbca44184d1a251ab98531dd,ijbc-IJBC,0.01,97.93,unknown,unknown,unknown,unknown,unknown,needs_protocol_review
ms1mv3_r50_herpn_full_conversion_phase2_causal_layer20,work_dirs/ms1mv3_r50_herpn_full_conversion_phase2_causal_layer20/ijbc_causal_l20_epoch01/r50_full_poly_causal_l20_epoch01/ijbc_tar_at_far.csv,73599e7209d74e5aa65fe7b5733c8a92bd51eda8bbca44184d1a251ab98531dd,ijbc-IJBC,0.1,98.84,unknown,unknown,unknown,unknown,unknown,needs_protocol_review
ms1mv3_r50_herpn_full_conversion_phase2_conflict_aware_recovery,work_dirs/ms1mv3_r50_herpn_full_conversion_phase2_conflict_aware_recovery/ijbc_conflict_e1/r50_full_poly_conflict_e1/ijbc_tar_at_far.csv,56ca14579f0d60f9f1b29b7c8aedbcb349c6201caa102c1b11917d0c3228050f,ijbc-IJBC,1e-06,84.4,unknown,unknown,unknown,unknown,unknown,needs_protocol_review
ms1mv3_r50_herpn_full_conversion_phase2_conflict_aware_recovery,work_dirs/ms1mv3_r50_herpn_full_conversion_phase2_conflict_aware_recovery/ijbc_conflict_e1/r50_full_poly_conflict_e1/ijbc_tar_at_far.csv,56ca14579f0d60f9f1b29b7c8aedbcb349c6201caa102c1b11917d0c3228050f,ijbc-IJBC,1e-05,92.3,unknown,unknown,unknown,unknown,unknown,needs_protocol_review
ms1mv3_r50_herpn_full_conversion_phase2_conflict_aware_recovery,work_dirs/ms1mv3_r50_herpn_full_conversion_phase2_conflict_aware_recovery/ijbc_conflict_e1/r50_full_poly_conflict_e1/ijbc_tar_at_far.csv,56ca14579f0d60f9f1b29b7c8aedbcb349c6201caa102c1b11917d0c3228050f,ijbc-IJBC,0.0001,95.06,unknown,unknown,unknown,unknown,unknown,needs_protocol_review
ms1mv3_r50_herpn_full_conversion_phase2_conflict_aware_recovery,work_dirs/ms1mv3_r50_herpn_full_conversion_phase2_conflict_aware_recovery/ijbc_conflict_e1/r50_full_poly_conflict_e1/ijbc_tar_at_far.csv,56ca14579f0d60f9f1b29b7c8aedbcb349c6201caa102c1b11917d0c3228050f,ijbc-IJBC,0.001,96.7,unknown,unknown,unknown,unknown,unknown,needs_protocol_review
ms1mv3_r50_herpn_full_conversion_phase2_conflict_aware_recovery,work_dirs/ms1mv3_r50_herpn_full_conversion_phase2_conflict_aware_recovery/ijbc_conflict_e1/r50_full_poly_conflict_e1/ijbc_tar_at_far.csv,56ca14579f0d60f9f1b29b7c8aedbcb349c6201caa102c1b11917d0c3228050f,ijbc-IJBC,0.01,97.91,unknown,unknown,unknown,unknown,unknown,needs_protocol_review
ms1mv3_r50_herpn_full_conversion_phase2_conflict_aware_recovery,work_dirs/ms1mv3_r50_herpn_full_conversion_phase2_conflict_aware_recovery/ijbc_conflict_e1/r50_full_poly_conflict_e1/ijbc_tar_at_far.csv,56ca14579f0d60f9f1b29b7c8aedbcb349c6201caa102c1b11917d0c3228050f,ijbc-IJBC,0.1,98.81,unknown,unknown,unknown,unknown,unknown,needs_protocol_review
ms1mv3_r50_herpn_full_conversion_phase2_conflict_aware_recovery,work_dirs/ms1mv3_r50_herpn_full_conversion_phase2_conflict_aware_recovery/ijbc_conflict_e2/r50_full_poly_conflict_e2/ijbc_tar_at_far.csv,e64e5594b7e9b42f57cb6f73546376342e3817436ba87f3b1bf478467dfeed61,ijbc-IJBC,1e-06,74.78,unknown,unknown,unknown,unknown,unknown,needs_protocol_review
ms1mv3_r50_herpn_full_conversion_phase2_conflict_aware_recovery,work_dirs/ms1mv3_r50_herpn_full_conversion_phase2_conflict_aware_recovery/ijbc_conflict_e2/r50_full_poly_conflict_e2/ijbc_tar_at_far.csv,e64e5594b7e9b42f57cb6f73546376342e3817436ba87f3b1bf478467dfeed61,ijbc-IJBC,1e-05,87.25,unknown,unknown,unknown,unknown,unknown,needs_protocol_review
ms1mv3_r50_herpn_full_conversion_phase2_conflict_aware_recovery,work_dirs/ms1mv3_r50_herpn_full_conversion_phase2_conflict_aware_recovery/ijbc_conflict_e2/r50_full_poly_conflict_e2/ijbc_tar_at_far.csv,e64e5594b7e9b42f57cb6f73546376342e3817436ba87f3b1bf478467dfeed61,ijbc-IJBC,0.0001,92.83,unknown,unknown,unknown,unknown,unknown,needs_protocol_review
ms1mv3_r50_herpn_full_conversion_phase2_conflict_aware_recovery,work_dirs/ms1mv3_r50_herpn_full_conversion_phase2_conflict_aware_recovery/ijbc_conflict_e2/r50_full_poly_conflict_e2/ijbc_tar_at_far.csv,e64e5594b7e9b42f57cb6f73546376342e3817436ba87f3b1bf478467dfeed61,ijbc-IJBC,0.001,95.42,unknown,unknown,unknown,unknown,unknown,needs_protocol_review
ms1mv3_r50_herpn_full_conversion_phase2_conflict_aware_recovery,work_dirs/ms1mv3_r50_herpn_full_conversion_phase2_conflict_aware_recovery/ijbc_conflict_e2/r50_full_poly_conflict_e2/ijbc_tar_at_far.csv,e64e5594b7e9b42f57cb6f73546376342e3817436ba87f3b1bf478467dfeed61,ijbc-IJBC,0.01,97.39,unknown,unknown,unknown,unknown,unknown,needs_protocol_review
ms1mv3_r50_herpn_full_conversion_phase2_conflict_aware_recovery,work_dirs/ms1mv3_r50_herpn_full_conversion_phase2_conflict_aware_recovery/ijbc_conflict_e2/r50_full_poly_conflict_e2/ijbc_tar_at_far.csv,e64e5594b7e9b42f57cb6f73546376342e3817436ba87f3b1bf478467dfeed61,ijbc-IJBC,0.1,98.62,unknown,unknown,unknown,unknown,unknown,needs_protocol_review
ms1mv3_r50_herpn_full_conversion_phase2_conflict_aware_recovery,work_dirs/ms1mv3_r50_herpn_full_conversion_phase2_conflict_aware_recovery/ijbc_conflict_e3/r50_full_poly_conflict_e3/ijbc_tar_at_far.csv,5e683d1422c23158f89e464f49527c97242d1ccc1b1de0e34f445e3cfb8cc8fd,ijbc-IJBC,1e-06,87.52,unknown,unknown,unknown,unknown,unknown,needs_protocol_review
ms1mv3_r50_herpn_full_conversion_phase2_conflict_aware_recovery,work_dirs/ms1mv3_r50_herpn_full_conversion_phase2_conflict_aware_recovery/ijbc_conflict_e3/r50_full_poly_conflict_e3/ijbc_tar_at_far.csv,5e683d1422c23158f89e464f49527c97242d1ccc1b1de0e34f445e3cfb8cc8fd,ijbc-IJBC,1e-05,92.82,unknown,unknown,unknown,unknown,unknown,needs_protocol_review
ms1mv3_r50_herpn_full_conversion_phase2_conflict_aware_recovery,work_dirs/ms1mv3_r50_herpn_full_conversion_phase2_conflict_aware_recovery/ijbc_conflict_e3/r50_full_poly_conflict_e3/ijbc_tar_at_far.csv,5e683d1422c23158f89e464f49527c97242d1ccc1b1de0e34f445e3cfb8cc8fd,ijbc-IJBC,0.0001,95.23,unknown,unknown,unknown,unknown,unknown,needs_protocol_review
ms1mv3_r50_herpn_full_conversion_phase2_conflict_aware_recovery,work_dirs/ms1mv3_r50_herpn_full_conversion_phase2_conflict_aware_recovery/ijbc_conflict_e3/r50_full_poly_conflict_e3/ijbc_tar_at_far.csv,5e683d1422c23158f89e464f49527c97242d1ccc1b1de0e34f445e3cfb8cc8fd,ijbc-IJBC,0.001,96.71,unknown,unknown,unknown,unknown,unknown,needs_protocol_review
ms1mv3_r50_herpn_full_conversion_phase2_conflict_aware_recovery,work_dirs/ms1mv3_r50_herpn_full_conversion_phase2_conflict_aware_recovery/ijbc_conflict_e3/r50_full_poly_conflict_e3/ijbc_tar_at_far.csv,5e683d1422c23158f89e464f49527c97242d1ccc1b1de0e34f445e3cfb8cc8fd,ijbc-IJBC,0.01,97.83,unknown,unknown,unknown,unknown,unknown,needs_protocol_review
ms1mv3_r50_herpn_full_conversion_phase2_conflict_aware_recovery,work_dirs/ms1mv3_r50_herpn_full_conversion_phase2_conflict_aware_recovery/ijbc_conflict_e3/r50_full_poly_conflict_e3/ijbc_tar_at_far.csv,5e683d1422c23158f89e464f49527c97242d1ccc1b1de0e34f445e3cfb8cc8fd,ijbc-IJBC,0.1,98.73,unknown,unknown,unknown,unknown,unknown,needs_protocol_review
ms1mv3_r50_herpn_full_conversion_phase2_ijbc_focus1,work_dirs/ms1mv3_r50_herpn_full_conversion_phase2_ijbc_focus1/ijbb_focus1_zero/r50_full_poly_ijbb_focus1_zero/ijbb_tar_at_far.csv,50925206bde4758242a4f178c788e0a508f1ef161c73029091e969c5fe4c88d7,ijbb-IJBB,1e-06,34.43,unknown,unknown,unknown,unknown,unknown,needs_protocol_review
ms1mv3_r50_herpn_full_conversion_phase2_ijbc_focus1,work_dirs/ms1mv3_r50_herpn_full_conversion_phase2_ijbc_focus1/ijbb_focus1_zero/r50_full_poly_ijbb_focus1_zero/ijbb_tar_at_far.csv,50925206bde4758242a4f178c788e0a508f1ef161c73029091e969c5fe4c88d7,ijbb-IJBB,1e-05,86.48,unknown,unknown,unknown,unknown,unknown,needs_protocol_review
ms1mv3_r50_herpn_full_conversion_phase2_ijbc_focus1,work_dirs/ms1mv3_r50_herpn_full_conversion_phase2_ijbc_focus1/ijbb_focus1_zero/r50_full_poly_ijbb_focus1_zero/ijbb_tar_at_far.csv,50925206bde4758242a4f178c788e0a508f1ef161c73029091e969c5fe4c88d7,ijbb-IJBB,0.0001,92.96,unknown,unknown,unknown,unknown,unknown,needs_protocol_review
ms1mv3_r50_herpn_full_conversion_phase2_ijbc_focus1,work_dirs/ms1mv3_r50_herpn_full_conversion_phase2_ijbc_focus1/ijbb_focus1_zero/r50_full_poly_ijbb_focus1_zero/ijbb_tar_at_far.csv,50925206bde4758242a4f178c788e0a508f1ef161c73029091e969c5fe4c88d7,ijbb-IJBB,0.001,95.65,unknown,unknown,unknown,unknown,unknown,needs_protocol_review
ms1mv3_r50_herpn_full_conversion_phase2_ijbc_focus1,work_dirs/ms1mv3_r50_herpn_full_conversion_phase2_ijbc_focus1/ijbb_focus1_zero/r50_full_poly_ijbb_focus1_zero/ijbb_tar_at_far.csv,50925206bde4758242a4f178c788e0a508f1ef161c73029091e969c5fe4c88d7,ijbb-IJBB,0.01,97.24,unknown,unknown,unknown,unknown,unknown,needs_protocol_review
ms1mv3_r50_herpn_full_conversion_phase2_ijbc_focus1,work_dirs/ms1mv3_r50_herpn_full_conversion_phase2_ijbc_focus1/ijbb_focus1_zero/r50_full_poly_ijbb_focus1_zero/ijbb_tar_at_far.csv,50925206bde4758242a4f178c788e0a508f1ef161c73029091e969c5fe4c88d7,ijbb-IJBB,0.1,98.42,unknown,unknown,unknown,unknown,unknown,needs_protocol_review
ms1mv3_r50_herpn_full_conversion_phase2_ijbc_focus1,work_dirs/ms1mv3_r50_herpn_full_conversion_phase2_ijbc_focus1/ijbc_focus1_zero/r50_full_poly_focus1_zero/ijbc_tar_at_far.csv,bbb9a81d7e1b9afa8960aa3a4c80a12b2e7b28bb66babf3a1861273d0be7bfb2,ijbc-IJBC,1e-06,85.86,unknown,unknown,unknown,unknown,unknown,needs_protocol_review
ms1mv3_r50_herpn_full_conversion_phase2_ijbc_focus1,work_dirs/ms1mv3_r50_herpn_full_conversion_phase2_ijbc_focus1/ijbc_focus1_zero/r50_full_poly_focus1_zero/ijbc_tar_at_far.csv,bbb9a81d7e1b9afa8960aa3a4c80a12b2e7b28bb66babf3a1861273d0be7bfb2,ijbc-IJBC,1e-05,92.06,unknown,unknown,unknown,unknown,unknown,needs_protocol_review
ms1mv3_r50_herpn_full_conversion_phase2_ijbc_focus1,work_dirs/ms1mv3_r50_herpn_full_conversion_phase2_ijbc_focus1/ijbc_focus1_zero/r50_full_poly_focus1_zero/ijbc_tar_at_far.csv,bbb9a81d7e1b9afa8960aa3a4c80a12b2e7b28bb66babf3a1861273d0be7bfb2,ijbc-IJBC,0.0001,94.87,unknown,unknown,unknown,unknown,unknown,needs_protocol_review
ms1mv3_r50_herpn_full_conversion_phase2_ijbc_focus1,work_dirs/ms1mv3_r50_herpn_full_conversion_phase2_ijbc_focus1/ijbc_focus1_zero/r50_full_poly_focus1_zero/ijbc_tar_at_far.csv,bbb9a81d7e1b9afa8960aa3a4c80a12b2e7b28bb66babf3a1861273d0be7bfb2,ijbc-IJBC,0.001,96.68,unknown,unknown,unknown,unknown,unknown,needs_protocol_review
ms1mv3_r50_herpn_full_conversion_phase2_ijbc_focus1,work_dirs/ms1mv3_r50_herpn_full_conversion_phase2_ijbc_focus1/ijbc_focus1_zero/r50_full_poly_focus1_zero/ijbc_tar_at_far.csv,bbb9a81d7e1b9afa8960aa3a4c80a12b2e7b28bb66babf3a1861273d0be7bfb2,ijbc-IJBC,0.01,97.93,unknown,unknown,unknown,unknown,unknown,needs_protocol_review
ms1mv3_r50_herpn_full_conversion_phase2_ijbc_focus1,work_dirs/ms1mv3_r50_herpn_full_conversion_phase2_ijbc_focus1/ijbc_focus1_zero/r50_full_poly_focus1_zero/ijbc_tar_at_far.csv,bbb9a81d7e1b9afa8960aa3a4c80a12b2e7b28bb66babf3a1861273d0be7bfb2,ijbc-IJBC,0.1,98.86,unknown,unknown,unknown,unknown,unknown,needs_protocol_review
ms1mv3_r50_herpn_full_conversion_phase2_joint_recovery,work_dirs/ms1mv3_r50_herpn_full_conversion_phase2_joint_recovery/ijbc_epoch01/r50_joint_epoch01/ijbc_tar_at_far.csv,abcfa6672662e14b181e21d9f99526c2e3b181cd10c773cf9ef611f7574d0518,ijbc-IJBC,1e-06,84.96,unknown,unknown,unknown,unknown,unknown,needs_protocol_review
ms1mv3_r50_herpn_full_conversion_phase2_joint_recovery,work_dirs/ms1mv3_r50_herpn_full_conversion_phase2_joint_recovery/ijbc_epoch01/r50_joint_epoch01/ijbc_tar_at_far.csv,abcfa6672662e14b181e21d9f99526c2e3b181cd10c773cf9ef611f7574d0518,ijbc-IJBC,1e-05,91.88,unknown,unknown,unknown,unknown,unknown,needs_protocol_review
ms1mv3_r50_herpn_full_conversion_phase2_joint_recovery,work_dirs/ms1mv3_r50_herpn_full_conversion_phase2_joint_recovery/ijbc_epoch01/r50_joint_epoch01/ijbc_tar_at_far.csv,abcfa6672662e14b181e21d9f99526c2e3b181cd10c773cf9ef611f7574d0518,ijbc-IJBC,0.0001,94.76,unknown,unknown,unknown,unknown,unknown,needs_protocol_review
ms1mv3_r50_herpn_full_conversion_phase2_joint_recovery,work_dirs/ms1mv3_r50_herpn_full_conversion_phase2_joint_recovery/ijbc_epoch01/r50_joint_epoch01/ijbc_tar_at_far.csv,abcfa6672662e14b181e21d9f99526c2e3b181cd10c773cf9ef611f7574d0518,ijbc-IJBC,0.001,96.59,unknown,unknown,unknown,unknown,unknown,needs_protocol_review
ms1mv3_r50_herpn_full_conversion_phase2_joint_recovery,work_dirs/ms1mv3_r50_herpn_full_conversion_phase2_joint_recovery/ijbc_epoch01/r50_joint_epoch01/ijbc_tar_at_far.csv,abcfa6672662e14b181e21d9f99526c2e3b181cd10c773cf9ef611f7574d0518,ijbc-IJBC,0.01,97.89,unknown,unknown,unknown,unknown,unknown,needs_protocol_review
ms1mv3_r50_herpn_full_conversion_phase2_joint_recovery,work_dirs/ms1mv3_r50_herpn_full_conversion_phase2_joint_recovery/ijbc_epoch01/r50_joint_epoch01/ijbc_tar_at_far.csv,abcfa6672662e14b181e21d9f99526c2e3b181cd10c773cf9ef611f7574d0518,ijbc-IJBC,0.1,98.85,unknown,unknown,unknown,unknown,unknown,needs_protocol_review
ms1mv3_r50_herpn_full_conversion_phase2_joint_recovery,work_dirs/ms1mv3_r50_herpn_full_conversion_phase2_joint_recovery/ijbc_epoch02/r50_joint_epoch02/ijbc_tar_at_far.csv,bf23f91de3810fb90b666d19e9e7333604d34f204f1397d0d78c058a3a540650,ijbc-IJBC,1e-06,84.22,unknown,unknown,unknown,unknown,unknown,needs_protocol_review
ms1mv3_r50_herpn_full_conversion_phase2_joint_recovery,work_dirs/ms1mv3_r50_herpn_full_conversion_phase2_joint_recovery/ijbc_epoch02/r50_joint_epoch02/ijbc_tar_at_far.csv,bf23f91de3810fb90b666d19e9e7333604d34f204f1397d0d78c058a3a540650,ijbc-IJBC,1e-05,91.78,unknown,unknown,unknown,unknown,unknown,needs_protocol_review
ms1mv3_r50_herpn_full_conversion_phase2_joint_recovery,work_dirs/ms1mv3_r50_herpn_full_conversion_phase2_joint_recovery/ijbc_epoch02/r50_joint_epoch02/ijbc_tar_at_far.csv,bf23f91de3810fb90b666d19e9e7333604d34f204f1397d0d78c058a3a540650,ijbc-IJBC,0.0001,94.72,unknown,unknown,unknown,unknown,unknown,needs_protocol_review
ms1mv3_r50_herpn_full_conversion_phase2_joint_recovery,work_dirs/ms1mv3_r50_herpn_full_conversion_phase2_joint_recovery/ijbc_epoch02/r50_joint_epoch02/ijbc_tar_at_far.csv,bf23f91de3810fb90b666d19e9e7333604d34f204f1397d0d78c058a3a540650,ijbc-IJBC,0.001,96.58,unknown,unknown,unknown,unknown,unknown,needs_protocol_review
ms1mv3_r50_herpn_full_conversion_phase2_joint_recovery,work_dirs/ms1mv3_r50_herpn_full_conversion_phase2_joint_recovery/ijbc_epoch02/r50_joint_epoch02/ijbc_tar_at_far.csv,bf23f91de3810fb90b666d19e9e7333604d34f204f1397d0d78c058a3a540650,ijbc-IJBC,0.01,97.88,unknown,unknown,unknown,unknown,unknown,needs_protocol_review
ms1mv3_r50_herpn_full_conversion_phase2_joint_recovery,work_dirs/ms1mv3_r50_herpn_full_conversion_phase2_joint_recovery/ijbc_epoch02/r50_joint_epoch02/ijbc_tar_at_far.csv,bf23f91de3810fb90b666d19e9e7333604d34f204f1397d0d78c058a3a540650,ijbc-IJBC,0.1,98.84,unknown,unknown,unknown,unknown,unknown,needs_protocol_review
ms1mv3_r50_herpn_full_conversion_phase2_joint_tensor_recovery,work_dirs/ms1mv3_r50_herpn_full_conversion_phase2_joint_tensor_recovery/ijbc_epoch01/r50_joint_epoch01/ijbc_tar_at_far.csv,7725627eb9d4c069cf8de21bbe56a5778c7bb435ddb10951b357d1d36dcc6865,ijbc-IJBC,1e-06,84.09,unknown,unknown,unknown,unknown,unknown,needs_protocol_review
ms1mv3_r50_herpn_full_conversion_phase2_joint_tensor_recovery,work_dirs/ms1mv3_r50_herpn_full_conversion_phase2_joint_tensor_recovery/ijbc_epoch01/r50_joint_epoch01/ijbc_tar_at_far.csv,7725627eb9d4c069cf8de21bbe56a5778c7bb435ddb10951b357d1d36dcc6865,ijbc-IJBC,1e-05,90.97,unknown,unknown,unknown,unknown,unknown,needs_protocol_review
ms1mv3_r50_herpn_full_conversion_phase2_joint_tensor_recovery,work_dirs/ms1mv3_r50_herpn_full_conversion_phase2_joint_tensor_recovery/ijbc_epoch01/r50_joint_epoch01/ijbc_tar_at_far.csv,7725627eb9d4c069cf8de21bbe56a5778c7bb435ddb10951b357d1d36dcc6865,ijbc-IJBC,0.0001,93.33,unknown,unknown,unknown,unknown,unknown,needs_protocol_review
ms1mv3_r50_herpn_full_conversion_phase2_joint_tensor_recovery,work_dirs/ms1mv3_r50_herpn_full_conversion_phase2_joint_tensor_recovery/ijbc_epoch01/r50_joint_epoch01/ijbc_tar_at_far.csv,7725627eb9d4c069cf8de21bbe56a5778c7bb435ddb10951b357d1d36dcc6865,ijbc-IJBC,0.001,94.95,unknown,unknown,unknown,unknown,unknown,needs_protocol_review
ms1mv3_r50_herpn_full_conversion_phase2_joint_tensor_recovery,work_dirs/ms1mv3_r50_herpn_full_conversion_phase2_joint_tensor_recovery/ijbc_epoch01/r50_joint_epoch01/ijbc_tar_at_far.csv,7725627eb9d4c069cf8de21bbe56a5778c7bb435ddb10951b357d1d36dcc6865,ijbc-IJBC,0.01,96.18,unknown,unknown,unknown,unknown,unknown,needs_protocol_review
ms1mv3_r50_herpn_full_conversion_phase2_joint_tensor_recovery,work_dirs/ms1mv3_r50_herpn_full_conversion_phase2_joint_tensor_recovery/ijbc_epoch01/r50_joint_epoch01/ijbc_tar_at_far.csv,7725627eb9d4c069cf8de21bbe56a5778c7bb435ddb10951b357d1d36dcc6865,ijbc-IJBC,0.1,97.14,unknown,unknown,unknown,unknown,unknown,needs_protocol_review
ms1mv3_r50_herpn_full_conversion_phase2_joint_tensor_recovery,work_dirs/ms1mv3_r50_herpn_full_conversion_phase2_joint_tensor_recovery/ijbc_epoch02/r50_joint_epoch02/ijbc_tar_at_far.csv,d8cf369d9d87c8bcb6a7726348dc331e82c33efd83cbee6143c4f57d7c57f2b3,ijbc-IJBC,1e-06,0.0,unknown,unknown,unknown,unknown,unknown,needs_protocol_review
ms1mv3_r50_herpn_full_conversion_phase2_joint_tensor_recovery,work_dirs/ms1mv3_r50_herpn_full_conversion_phase2_joint_tensor_recovery/ijbc_epoch02/r50_joint_epoch02/ijbc_tar_at_far.csv,d8cf369d9d87c8bcb6a7726348dc331e82c33efd83cbee6143c4f57d7c57f2b3,ijbc-IJBC,1e-05,0.0,unknown,unknown,unknown,unknown,unknown,needs_protocol_review
ms1mv3_r50_herpn_full_conversion_phase2_joint_tensor_recovery,work_dirs/ms1mv3_r50_herpn_full_conversion_phase2_joint_tensor_recovery/ijbc_epoch02/r50_joint_epoch02/ijbc_tar_at_far.csv,d8cf369d9d87c8bcb6a7726348dc331e82c33efd83cbee6143c4f57d7c57f2b3,ijbc-IJBC,0.0001,0.0,unknown,unknown,unknown,unknown,unknown,needs_protocol_review
ms1mv3_r50_herpn_full_conversion_phase2_joint_tensor_recovery,work_dirs/ms1mv3_r50_herpn_full_conversion_phase2_joint_tensor_recovery/ijbc_epoch02/r50_joint_epoch02/ijbc_tar_at_far.csv,d8cf369d9d87c8bcb6a7726348dc331e82c33efd83cbee6143c4f57d7c57f2b3,ijbc-IJBC,0.001,0.0,unknown,unknown,unknown,unknown,unknown,needs_protocol_review
ms1mv3_r50_herpn_full_conversion_phase2_joint_tensor_recovery,work_dirs/ms1mv3_r50_herpn_full_conversion_phase2_joint_tensor_recovery/ijbc_epoch02/r50_joint_epoch02/ijbc_tar_at_far.csv,d8cf369d9d87c8bcb6a7726348dc331e82c33efd83cbee6143c4f57d7c57f2b3,ijbc-IJBC,0.01,0.0,unknown,unknown,unknown,unknown,unknown,needs_protocol_review
ms1mv3_r50_herpn_full_conversion_phase2_joint_tensor_recovery,work_dirs/ms1mv3_r50_herpn_full_conversion_phase2_joint_tensor_recovery/ijbc_epoch02/r50_joint_epoch02/ijbc_tar_at_far.csv,d8cf369d9d87c8bcb6a7726348dc331e82c33efd83cbee6143c4f57d7c57f2b3,ijbc-IJBC,0.1,0.0,unknown,unknown,unknown,unknown,unknown,needs_protocol_review
ms1mv3_r50_herpn_full_conversion_phase2_ms1mv3_focus1,work_dirs/ms1mv3_r50_herpn_full_conversion_phase2_ms1mv3_focus1/ijbc_ms1mv3_only_zero/r50_full_poly_ms1mv3_only_zero/ijbc_tar_at_far.csv,9614d2f07cbacbc51a7ee240fd83ba70887c12383112a1d2fe54a14447a7d844,ijbc-IJBC,1e-06,85.57,unknown,unknown,unknown,unknown,unknown,needs_protocol_review
ms1mv3_r50_herpn_full_conversion_phase2_ms1mv3_focus1,work_dirs/ms1mv3_r50_herpn_full_conversion_phase2_ms1mv3_focus1/ijbc_ms1mv3_only_zero/r50_full_poly_ms1mv3_only_zero/ijbc_tar_at_far.csv,9614d2f07cbacbc51a7ee240fd83ba70887c12383112a1d2fe54a14447a7d844,ijbc-IJBC,1e-05,92.03,unknown,unknown,unknown,unknown,unknown,needs_protocol_review
ms1mv3_r50_herpn_full_conversion_phase2_ms1mv3_focus1,work_dirs/ms1mv3_r50_herpn_full_conversion_phase2_ms1mv3_focus1/ijbc_ms1mv3_only_zero/r50_full_poly_ms1mv3_only_zero/ijbc_tar_at_far.csv,9614d2f07cbacbc51a7ee240fd83ba70887c12383112a1d2fe54a14447a7d844,ijbc-IJBC,0.0001,94.85,unknown,unknown,unknown,unknown,unknown,needs_protocol_review
ms1mv3_r50_herpn_full_conversion_phase2_ms1mv3_focus1,work_dirs/ms1mv3_r50_herpn_full_conversion_phase2_ms1mv3_focus1/ijbc_ms1mv3_only_zero/r50_full_poly_ms1mv3_only_zero/ijbc_tar_at_far.csv,9614d2f07cbacbc51a7ee240fd83ba70887c12383112a1d2fe54a14447a7d844,ijbc-IJBC,0.001,96.63,unknown,unknown,unknown,unknown,unknown,needs_protocol_review
ms1mv3_r50_herpn_full_conversion_phase2_ms1mv3_focus1,work_dirs/ms1mv3_r50_herpn_full_conversion_phase2_ms1mv3_focus1/ijbc_ms1mv3_only_zero/r50_full_poly_ms1mv3_only_zero/ijbc_tar_at_far.csv,9614d2f07cbacbc51a7ee240fd83ba70887c12383112a1d2fe54a14447a7d844,ijbc-IJBC,0.01,97.9,unknown,unknown,unknown,unknown,unknown,needs_protocol_review
ms1mv3_r50_herpn_full_conversion_phase2_ms1mv3_focus1,work_dirs/ms1mv3_r50_herpn_full_conversion_phase2_ms1mv3_focus1/ijbc_ms1mv3_only_zero/r50_full_poly_ms1mv3_only_zero/ijbc_tar_at_far.csv,9614d2f07cbacbc51a7ee240fd83ba70887c12383112a1d2fe54a14447a7d844,ijbc-IJBC,0.1,98.83,unknown,unknown,unknown,unknown,unknown,needs_protocol_review
ms1mv3_r50_herpn_full_conversion_phase2_ms1mv3_robust_margin_focus1,work_dirs/ms1mv3_r50_herpn_full_conversion_phase2_ms1mv3_robust_margin_focus1/ijbc_ms1mv3_robust_margin_zero/r50_full_poly_ms1mv3_robust_margin_zero/ijbc_tar_at_far.csv,ec78f70792be1aa2c4c4d17aeb248bac1f13816f027655d2093ed7e5ea6c0cc1,ijbc-IJBC,1e-06,84.06,unknown,unknown,unknown,unknown,unknown,needs_protocol_review
ms1mv3_r50_herpn_full_conversion_phase2_ms1mv3_robust_margin_focus1,work_dirs/ms1mv3_r50_herpn_full_conversion_phase2_ms1mv3_robust_margin_focus1/ijbc_ms1mv3_robust_margin_zero/r50_full_poly_ms1mv3_robust_margin_zero/ijbc_tar_at_far.csv,ec78f70792be1aa2c4c4d17aeb248bac1f13816f027655d2093ed7e5ea6c0cc1,ijbc-IJBC,1e-05,91.64,unknown,unknown,unknown,unknown,unknown,needs_protocol_review
ms1mv3_r50_herpn_full_conversion_phase2_ms1mv3_robust_margin_focus1,work_dirs/ms1mv3_r50_herpn_full_conversion_phase2_ms1mv3_robust_margin_focus1/ijbc_ms1mv3_robust_margin_zero/r50_full_poly_ms1mv3_robust_margin_zero/ijbc_tar_at_far.csv,ec78f70792be1aa2c4c4d17aeb248bac1f13816f027655d2093ed7e5ea6c0cc1,ijbc-IJBC,0.0001,94.7,unknown,unknown,unknown,unknown,unknown,needs_protocol_review
ms1mv3_r50_herpn_full_conversion_phase2_ms1mv3_robust_margin_focus1,work_dirs/ms1mv3_r50_herpn_full_conversion_phase2_ms1mv3_robust_margin_focus1/ijbc_ms1mv3_robust_margin_zero/r50_full_poly_ms1mv3_robust_margin_zero/ijbc_tar_at_far.csv,ec78f70792be1aa2c4c4d17aeb248bac1f13816f027655d2093ed7e5ea6c0cc1,ijbc-IJBC,0.001,96.53,unknown,unknown,unknown,unknown,unknown,needs_protocol_review
ms1mv3_r50_herpn_full_conversion_phase2_ms1mv3_robust_margin_focus1,work_dirs/ms1mv3_r50_herpn_full_conversion_phase2_ms1mv3_robust_margin_focus1/ijbc_ms1mv3_robust_margin_zero/r50_full_poly_ms1mv3_robust_margin_zero/ijbc_tar_at_far.csv,ec78f70792be1aa2c4c4d17aeb248bac1f13816f027655d2093ed7e5ea6c0cc1,ijbc-IJBC,0.01,97.91,unknown,unknown,unknown,unknown,unknown,needs_protocol_review
ms1mv3_r50_herpn_full_conversion_phase2_ms1mv3_robust_margin_focus1,work_dirs/ms1mv3_r50_herpn_full_conversion_phase2_ms1mv3_robust_margin_focus1/ijbc_ms1mv3_robust_margin_zero/r50_full_poly_ms1mv3_robust_margin_zero/ijbc_tar_at_far.csv,ec78f70792be1aa2c4c4d17aeb248bac1f13816f027655d2093ed7e5ea6c0cc1,ijbc-IJBC,0.1,98.79,unknown,unknown,unknown,unknown,unknown,needs_protocol_review
ms1mv3_r50_herpn_full_conversion_phase2_quadratic_probe,work_dirs/ms1mv3_r50_herpn_full_conversion_phase2_quadratic_probe/ijbc_stage23_q001/r50_full_poly_stage23_q001/ijbc_tar_at_far.csv,0f7e59751a2f9a70bc1f155894ddbbb49510ed4124bad90785b12dd1b4ec84be,ijbc-IJBC,1e-06,2.98,unknown,unknown,unknown,unknown,unknown,needs_protocol_review
ms1mv3_r50_herpn_full_conversion_phase2_quadratic_probe,work_dirs/ms1mv3_r50_herpn_full_conversion_phase2_quadratic_probe/ijbc_stage23_q001/r50_full_poly_stage23_q001/ijbc_tar_at_far.csv,0f7e59751a2f9a70bc1f155894ddbbb49510ed4124bad90785b12dd1b4ec84be,ijbc-IJBC,1e-05,5.82,unknown,unknown,unknown,unknown,unknown,needs_protocol_review
ms1mv3_r50_herpn_full_conversion_phase2_quadratic_probe,work_dirs/ms1mv3_r50_herpn_full_conversion_phase2_quadratic_probe/ijbc_stage23_q001/r50_full_poly_stage23_q001/ijbc_tar_at_far.csv,0f7e59751a2f9a70bc1f155894ddbbb49510ed4124bad90785b12dd1b4ec84be,ijbc-IJBC,0.0001,11.2,unknown,unknown,unknown,unknown,unknown,needs_protocol_review
ms1mv3_r50_herpn_full_conversion_phase2_quadratic_probe,work_dirs/ms1mv3_r50_herpn_full_conversion_phase2_quadratic_probe/ijbc_stage23_q001/r50_full_poly_stage23_q001/ijbc_tar_at_far.csv,0f7e59751a2f9a70bc1f155894ddbbb49510ed4124bad90785b12dd1b4ec84be,ijbc-IJBC,0.001,21.15,unknown,unknown,unknown,unknown,unknown,needs_protocol_review
ms1mv3_r50_herpn_full_conversion_phase2_quadratic_probe,work_dirs/ms1mv3_r50_herpn_full_conversion_phase2_quadratic_probe/ijbc_stage23_q001/r50_full_poly_stage23_q001/ijbc_tar_at_far.csv,0f7e59751a2f9a70bc1f155894ddbbb49510ed4124bad90785b12dd1b4ec84be,ijbc-IJBC,0.01,37.65,unknown,unknown,unknown,unknown,unknown,needs_protocol_review
ms1mv3_r50_herpn_full_conversion_phase2_quadratic_probe,work_dirs/ms1mv3_r50_herpn_full_conversion_phase2_quadratic_probe/ijbc_stage23_q001/r50_full_poly_stage23_q001/ijbc_tar_at_far.csv,0f7e59751a2f9a70bc1f155894ddbbb49510ed4124bad90785b12dd1b4ec84be,ijbc-IJBC,0.1,63.04,unknown,unknown,unknown,unknown,unknown,needs_protocol_review
ms1mv3_r50_herpn_full_conversion_phase2_quadratic_probe,work_dirs/ms1mv3_r50_herpn_full_conversion_phase2_quadratic_probe/ijbc_stage23_q009/r50_full_poly_stage23_q009/ijbc_tar_at_far.csv,4a3b71d5a15f9db56f6716d6184dad9e82fc353eb2e33895aa24e571d4663406,ijbc-IJBC,1e-06,3.02,unknown,unknown,unknown,unknown,unknown,needs_protocol_review
ms1mv3_r50_herpn_full_conversion_phase2_quadratic_probe,work_dirs/ms1mv3_r50_herpn_full_conversion_phase2_quadratic_probe/ijbc_stage23_q009/r50_full_poly_stage23_q009/ijbc_tar_at_far.csv,4a3b71d5a15f9db56f6716d6184dad9e82fc353eb2e33895aa24e571d4663406,ijbc-IJBC,1e-05,5.93,unknown,unknown,unknown,unknown,unknown,needs_protocol_review
ms1mv3_r50_herpn_full_conversion_phase2_quadratic_probe,work_dirs/ms1mv3_r50_herpn_full_conversion_phase2_quadratic_probe/ijbc_stage23_q009/r50_full_poly_stage23_q009/ijbc_tar_at_far.csv,4a3b71d5a15f9db56f6716d6184dad9e82fc353eb2e33895aa24e571d4663406,ijbc-IJBC,0.0001,11.41,unknown,unknown,unknown,unknown,unknown,needs_protocol_review
ms1mv3_r50_herpn_full_conversion_phase2_quadratic_probe,work_dirs/ms1mv3_r50_herpn_full_conversion_phase2_quadratic_probe/ijbc_stage23_q009/r50_full_poly_stage23_q009/ijbc_tar_at_far.csv,4a3b71d5a15f9db56f6716d6184dad9e82fc353eb2e33895aa24e571d4663406,ijbc-IJBC,0.001,21.37,unknown,unknown,unknown,unknown,unknown,needs_protocol_review
ms1mv3_r50_herpn_full_conversion_phase2_quadratic_probe,work_dirs/ms1mv3_r50_herpn_full_conversion_phase2_quadratic_probe/ijbc_stage23_q009/r50_full_poly_stage23_q009/ijbc_tar_at_far.csv,4a3b71d5a15f9db56f6716d6184dad9e82fc353eb2e33895aa24e571d4663406,ijbc-IJBC,0.01,37.83,unknown,unknown,unknown,unknown,unknown,needs_protocol_review
ms1mv3_r50_herpn_full_conversion_phase2_quadratic_probe,work_dirs/ms1mv3_r50_herpn_full_conversion_phase2_quadratic_probe/ijbc_stage23_q009/r50_full_poly_stage23_q009/ijbc_tar_at_far.csv,4a3b71d5a15f9db56f6716d6184dad9e82fc353eb2e33895aa24e571d4663406,ijbc-IJBC,0.1,63.28,unknown,unknown,unknown,unknown,unknown,needs_protocol_review
ms1mv3_r50_herpn_full_conversion_phase2_tail_recovery,work_dirs/ms1mv3_r50_herpn_full_conversion_phase2_tail_recovery/ijbc_r50_full_poly_tail_epoch01/r50_full_poly_r50_full_poly_tail_epoch01/ijbc_tar_at_far.csv,ad6eccce72afd17d055acc28f2e9e957a39fb7e355144d634c11efa1bc200ee9,ijbc-IJBC,1e-06,85.64,unknown,unknown,unknown,unknown,unknown,needs_protocol_review
ms1mv3_r50_herpn_full_conversion_phase2_tail_recovery,work_dirs/ms1mv3_r50_herpn_full_conversion_phase2_tail_recovery/ijbc_r50_full_poly_tail_epoch01/r50_full_poly_r50_full_poly_tail_epoch01/ijbc_tar_at_far.csv,ad6eccce72afd17d055acc28f2e9e957a39fb7e355144d634c11efa1bc200ee9,ijbc-IJBC,1e-05,92.37,unknown,unknown,unknown,unknown,unknown,needs_protocol_review
ms1mv3_r50_herpn_full_conversion_phase2_tail_recovery,work_dirs/ms1mv3_r50_herpn_full_conversion_phase2_tail_recovery/ijbc_r50_full_poly_tail_epoch01/r50_full_poly_r50_full_poly_tail_epoch01/ijbc_tar_at_far.csv,ad6eccce72afd17d055acc28f2e9e957a39fb7e355144d634c11efa1bc200ee9,ijbc-IJBC,0.0001,95.14,unknown,unknown,unknown,unknown,unknown,needs_protocol_review
ms1mv3_r50_herpn_full_conversion_phase2_tail_recovery,work_dirs/ms1mv3_r50_herpn_full_conversion_phase2_tail_recovery/ijbc_r50_full_poly_tail_epoch01/r50_full_poly_r50_full_poly_tail_epoch01/ijbc_tar_at_far.csv,ad6eccce72afd17d055acc28f2e9e957a39fb7e355144d634c11efa1bc200ee9,ijbc-IJBC,0.001,96.74,unknown,unknown,unknown,unknown,unknown,needs_protocol_review
ms1mv3_r50_herpn_full_conversion_phase2_tail_recovery,work_dirs/ms1mv3_r50_herpn_full_conversion_phase2_tail_recovery/ijbc_r50_full_poly_tail_epoch01/r50_full_poly_r50_full_poly_tail_epoch01/ijbc_tar_at_far.csv,ad6eccce72afd17d055acc28f2e9e957a39fb7e355144d634c11efa1bc200ee9,ijbc-IJBC,0.01,97.84,unknown,unknown,unknown,unknown,unknown,needs_protocol_review
ms1mv3_r50_herpn_full_conversion_phase2_tail_recovery,work_dirs/ms1mv3_r50_herpn_full_conversion_phase2_tail_recovery/ijbc_r50_full_poly_tail_epoch01/r50_full_poly_r50_full_poly_tail_epoch01/ijbc_tar_at_far.csv,ad6eccce72afd17d055acc28f2e9e957a39fb7e355144d634c11efa1bc200ee9,ijbc-IJBC,0.1,98.84,unknown,unknown,unknown,unknown,unknown,needs_protocol_review
ms1mv3_r50_herpn_full_conversion_phase2_tail_recovery,work_dirs/ms1mv3_r50_herpn_full_conversion_phase2_tail_recovery/ijbc_r50_full_poly_tail_epoch02/r50_full_poly_r50_full_poly_tail_epoch02/ijbc_tar_at_far.csv,812cac6a6a865762ccc9df8cf5656324e901bb9b20407349c9b7a2045f6426b3,ijbc-IJBC,1e-06,86.56,unknown,unknown,unknown,unknown,unknown,needs_protocol_review
ms1mv3_r50_herpn_full_conversion_phase2_tail_recovery,work_dirs/ms1mv3_r50_herpn_full_conversion_phase2_tail_recovery/ijbc_r50_full_poly_tail_epoch02/r50_full_poly_r50_full_poly_tail_epoch02/ijbc_tar_at_far.csv,812cac6a6a865762ccc9df8cf5656324e901bb9b20407349c9b7a2045f6426b3,ijbc-IJBC,1e-05,92.54,unknown,unknown,unknown,unknown,unknown,needs_protocol_review
ms1mv3_r50_herpn_full_conversion_phase2_tail_recovery,work_dirs/ms1mv3_r50_herpn_full_conversion_phase2_tail_recovery/ijbc_r50_full_poly_tail_epoch02/r50_full_poly_r50_full_poly_tail_epoch02/ijbc_tar_at_far.csv,812cac6a6a865762ccc9df8cf5656324e901bb9b20407349c9b7a2045f6426b3,ijbc-IJBC,0.0001,95.11,unknown,unknown,unknown,unknown,unknown,needs_protocol_review
ms1mv3_r50_herpn_full_conversion_phase2_tail_recovery,work_dirs/ms1mv3_r50_herpn_full_conversion_phase2_tail_recovery/ijbc_r50_full_poly_tail_epoch02/r50_full_poly_r50_full_poly_tail_epoch02/ijbc_tar_at_far.csv,812cac6a6a865762ccc9df8cf5656324e901bb9b20407349c9b7a2045f6426b3,ijbc-IJBC,0.001,96.7,unknown,unknown,unknown,unknown,unknown,needs_protocol_review
ms1mv3_r50_herpn_full_conversion_phase2_tail_recovery,work_dirs/ms1mv3_r50_herpn_full_conversion_phase2_tail_recovery/ijbc_r50_full_poly_tail_epoch02/r50_full_poly_r50_full_poly_tail_epoch02/ijbc_tar_at_far.csv,812cac6a6a865762ccc9df8cf5656324e901bb9b20407349c9b7a2045f6426b3,ijbc-IJBC,0.01,97.8,unknown,unknown,unknown,unknown,unknown,needs_protocol_review
ms1mv3_r50_herpn_full_conversion_phase2_tail_recovery,work_dirs/ms1mv3_r50_herpn_full_conversion_phase2_tail_recovery/ijbc_r50_full_poly_tail_epoch02/r50_full_poly_r50_full_poly_tail_epoch02/ijbc_tar_at_far.csv,812cac6a6a865762ccc9df8cf5656324e901bb9b20407349c9b7a2045f6426b3,ijbc-IJBC,0.1,98.77,unknown,unknown,unknown,unknown,unknown,needs_protocol_review
ms1mv3_r50_herpn_full_conversion_phase2_wider_ms1mv3_focus2,work_dirs/ms1mv3_r50_herpn_full_conversion_phase2_wider_ms1mv3_focus2/ijbc_wider_ms1mv3_ijbfree_zero/r50_full_poly_wider_ms1mv3_ijbfree_zero/ijbc_tar_at_far.csv,3040c1e07002ae60d8aafee1090f4884d248453aa7ee8527f2708e402bf8f0e7,ijbc-IJBC,1e-06,85.38,unknown,unknown,unknown,unknown,unknown,needs_protocol_review
ms1mv3_r50_herpn_full_conversion_phase2_wider_ms1mv3_focus2,work_dirs/ms1mv3_r50_herpn_full_conversion_phase2_wider_ms1mv3_focus2/ijbc_wider_ms1mv3_ijbfree_zero/r50_full_poly_wider_ms1mv3_ijbfree_zero/ijbc_tar_at_far.csv,3040c1e07002ae60d8aafee1090f4884d248453aa7ee8527f2708e402bf8f0e7,ijbc-IJBC,1e-05,91.7,unknown,unknown,unknown,unknown,unknown,needs_protocol_review
ms1mv3_r50_herpn_full_conversion_phase2_wider_ms1mv3_focus2,work_dirs/ms1mv3_r50_herpn_full_conversion_phase2_wider_ms1mv3_focus2/ijbc_wider_ms1mv3_ijbfree_zero/r50_full_poly_wider_ms1mv3_ijbfree_zero/ijbc_tar_at_far.csv,3040c1e07002ae60d8aafee1090f4884d248453aa7ee8527f2708e402bf8f0e7,ijbc-IJBC,0.0001,94.73,unknown,unknown,unknown,unknown,unknown,needs_protocol_review
ms1mv3_r50_herpn_full_conversion_phase2_wider_ms1mv3_focus2,work_dirs/ms1mv3_r50_herpn_full_conversion_phase2_wider_ms1mv3_focus2/ijbc_wider_ms1mv3_ijbfree_zero/r50_full_poly_wider_ms1mv3_ijbfree_zero/ijbc_tar_at_far.csv,3040c1e07002ae60d8aafee1090f4884d248453aa7ee8527f2708e402bf8f0e7,ijbc-IJBC,0.001,96.53,unknown,unknown,unknown,unknown,unknown,needs_protocol_review
ms1mv3_r50_herpn_full_conversion_phase2_wider_ms1mv3_focus2,work_dirs/ms1mv3_r50_herpn_full_conversion_phase2_wider_ms1mv3_focus2/ijbc_wider_ms1mv3_ijbfree_zero/r50_full_poly_wider_ms1mv3_ijbfree_zero/ijbc_tar_at_far.csv,3040c1e07002ae60d8aafee1090f4884d248453aa7ee8527f2708e402bf8f0e7,ijbc-IJBC,0.01,97.92,unknown,unknown,unknown,unknown,unknown,needs_protocol_review
ms1mv3_r50_herpn_full_conversion_phase2_wider_ms1mv3_focus2,work_dirs/ms1mv3_r50_herpn_full_conversion_phase2_wider_ms1mv3_focus2/ijbc_wider_ms1mv3_ijbfree_zero/r50_full_poly_wider_ms1mv3_ijbfree_zero/ijbc_tar_at_far.csv,3040c1e07002ae60d8aafee1090f4884d248453aa7ee8527f2708e402bf8f0e7,ijbc-IJBC,0.1,98.85,unknown,unknown,unknown,unknown,unknown,needs_protocol_review
ms1mv3_r50_layerwise_poly_group4_d2,work_dirs/ms1mv3_r50_layerwise_poly_group4_d2/ijbc_result/ms1mv3_r50_layerwise_poly_group4_d2/ijbc_tar_at_far.csv,5df9f6f101791ea44805aff6712443595c03503a22472e1c651065e51b94757f,ijbc-IJBC,1e-06,75.66,unknown,unknown,unknown,unknown,unknown,needs_protocol_review
ms1mv3_r50_layerwise_poly_group4_d2,work_dirs/ms1mv3_r50_layerwise_poly_group4_d2/ijbc_result/ms1mv3_r50_layerwise_poly_group4_d2/ijbc_tar_at_far.csv,5df9f6f101791ea44805aff6712443595c03503a22472e1c651065e51b94757f,ijbc-IJBC,1e-05,90.08,unknown,unknown,unknown,unknown,unknown,needs_protocol_review
ms1mv3_r50_layerwise_poly_group4_d2,work_dirs/ms1mv3_r50_layerwise_poly_group4_d2/ijbc_result/ms1mv3_r50_layerwise_poly_group4_d2/ijbc_tar_at_far.csv,5df9f6f101791ea44805aff6712443595c03503a22472e1c651065e51b94757f,ijbc-IJBC,0.0001,94.51,unknown,unknown,unknown,unknown,unknown,needs_protocol_review
ms1mv3_r50_layerwise_poly_group4_d2,work_dirs/ms1mv3_r50_layerwise_poly_group4_d2/ijbc_result/ms1mv3_r50_layerwise_poly_group4_d2/ijbc_tar_at_far.csv,5df9f6f101791ea44805aff6712443595c03503a22472e1c651065e51b94757f,ijbc-IJBC,0.001,96.55,unknown,unknown,unknown,unknown,unknown,needs_protocol_review
ms1mv3_r50_layerwise_poly_group4_d2,work_dirs/ms1mv3_r50_layerwise_poly_group4_d2/ijbc_result/ms1mv3_r50_layerwise_poly_group4_d2/ijbc_tar_at_far.csv,5df9f6f101791ea44805aff6712443595c03503a22472e1c651065e51b94757f,ijbc-IJBC,0.01,97.97,unknown,unknown,unknown,unknown,unknown,needs_protocol_review
ms1mv3_r50_layerwise_poly_group4_d2,work_dirs/ms1mv3_r50_layerwise_poly_group4_d2/ijbc_result/ms1mv3_r50_layerwise_poly_group4_d2/ijbc_tar_at_far.csv,5df9f6f101791ea44805aff6712443595c03503a22472e1c651065e51b94757f,ijbc-IJBC,0.1,98.77,unknown,unknown,unknown,unknown,unknown,needs_protocol_review
ms1mv3_r50_nl13,work_dirs/ms1mv3_r50_nl13/ijbc_result/ms1mv3_r50_nl13/ijbc_tar_at_far.csv,1e5e4bc935ac5ca44e02727d0690bd00fb459d1323c878b1d476118285c152b7,ijbc-IJBC,1e-06,88.21,unknown,unknown,unknown,unknown,unknown,needs_protocol_review
ms1mv3_r50_nl13,work_dirs/ms1mv3_r50_nl13/ijbc_result/ms1mv3_r50_nl13/ijbc_tar_at_far.csv,1e5e4bc935ac5ca44e02727d0690bd00fb459d1323c878b1d476118285c152b7,ijbc-IJBC,1e-05,93.84,unknown,unknown,unknown,unknown,unknown,needs_protocol_review
ms1mv3_r50_nl13,work_dirs/ms1mv3_r50_nl13/ijbc_result/ms1mv3_r50_nl13/ijbc_tar_at_far.csv,1e5e4bc935ac5ca44e02727d0690bd00fb459d1323c878b1d476118285c152b7,ijbc-IJBC,0.0001,96.15,unknown,unknown,unknown,unknown,unknown,needs_protocol_review
ms1mv3_r50_nl13,work_dirs/ms1mv3_r50_nl13/ijbc_result/ms1mv3_r50_nl13/ijbc_tar_at_far.csv,1e5e4bc935ac5ca44e02727d0690bd00fb459d1323c878b1d476118285c152b7,ijbc-IJBC,0.001,97.41,unknown,unknown,unknown,unknown,unknown,needs_protocol_review
ms1mv3_r50_nl13,work_dirs/ms1mv3_r50_nl13/ijbc_result/ms1mv3_r50_nl13/ijbc_tar_at_far.csv,1e5e4bc935ac5ca44e02727d0690bd00fb459d1323c878b1d476118285c152b7,ijbc-IJBC,0.01,98.31,unknown,unknown,unknown,unknown,unknown,needs_protocol_review
ms1mv3_r50_nl13,work_dirs/ms1mv3_r50_nl13/ijbc_result/ms1mv3_r50_nl13/ijbc_tar_at_far.csv,1e5e4bc935ac5ca44e02727d0690bd00fb459d1323c878b1d476118285c152b7,ijbc-IJBC,0.1,99.03,unknown,unknown,unknown,unknown,unknown,needs_protocol_review
ms1mv3_r50_nl13_prelu_herpn,work_dirs/ms1mv3_r50_nl13_prelu_herpn/ijbc_group01/nl13_herpn_group01/ijbc_tar_at_far.csv,846815e0a6801bf76e5daf4a3785a043df2daa75ff99955df938db515eaa646c,ijbc-IJBC,1e-06,79.35,unknown,unknown,unknown,unknown,unknown,needs_protocol_review
ms1mv3_r50_nl13_prelu_herpn,work_dirs/ms1mv3_r50_nl13_prelu_herpn/ijbc_group01/nl13_herpn_group01/ijbc_tar_at_far.csv,846815e0a6801bf76e5daf4a3785a043df2daa75ff99955df938db515eaa646c,ijbc-IJBC,1e-05,91.92,unknown,unknown,unknown,unknown,unknown,needs_protocol_review
ms1mv3_r50_nl13_prelu_herpn,work_dirs/ms1mv3_r50_nl13_prelu_herpn/ijbc_group01/nl13_herpn_group01/ijbc_tar_at_far.csv,846815e0a6801bf76e5daf4a3785a043df2daa75ff99955df938db515eaa646c,ijbc-IJBC,0.0001,95.46,unknown,unknown,unknown,unknown,unknown,needs_protocol_review
ms1mv3_r50_nl13_prelu_herpn,work_dirs/ms1mv3_r50_nl13_prelu_herpn/ijbc_group01/nl13_herpn_group01/ijbc_tar_at_far.csv,846815e0a6801bf76e5daf4a3785a043df2daa75ff99955df938db515eaa646c,ijbc-IJBC,0.001,97.05,unknown,unknown,unknown,unknown,unknown,needs_protocol_review
ms1mv3_r50_nl13_prelu_herpn,work_dirs/ms1mv3_r50_nl13_prelu_herpn/ijbc_group01/nl13_herpn_group01/ijbc_tar_at_far.csv,846815e0a6801bf76e5daf4a3785a043df2daa75ff99955df938db515eaa646c,ijbc-IJBC,0.01,98.17,unknown,unknown,unknown,unknown,unknown,needs_protocol_review
ms1mv3_r50_nl13_prelu_herpn,work_dirs/ms1mv3_r50_nl13_prelu_herpn/ijbc_group01/nl13_herpn_group01/ijbc_tar_at_far.csv,846815e0a6801bf76e5daf4a3785a043df2daa75ff99955df938db515eaa646c,ijbc-IJBC,0.1,98.93,unknown,unknown,unknown,unknown,unknown,needs_protocol_review
ms1mv3_r50_nl13_prelu_herpn_scaled,work_dirs/ms1mv3_r50_nl13_prelu_herpn_scaled/ijbc_scaled_group03/nl13_herpn_scaled_group03/ijbc_tar_at_far.csv,7c3b2e6191df01719ccbdf9d54d184047b9a1588a814414f0df8439ce7ba8dcc,ijbc-IJBC,1e-06,80.44,unknown,unknown,unknown,unknown,unknown,needs_protocol_review
ms1mv3_r50_nl13_prelu_herpn_scaled,work_dirs/ms1mv3_r50_nl13_prelu_herpn_scaled/ijbc_scaled_group03/nl13_herpn_scaled_group03/ijbc_tar_at_far.csv,7c3b2e6191df01719ccbdf9d54d184047b9a1588a814414f0df8439ce7ba8dcc,ijbc-IJBC,1e-05,91.49,unknown,unknown,unknown,unknown,unknown,needs_protocol_review
ms1mv3_r50_nl13_prelu_herpn_scaled,work_dirs/ms1mv3_r50_nl13_prelu_herpn_scaled/ijbc_scaled_group03/nl13_herpn_scaled_group03/ijbc_tar_at_far.csv,7c3b2e6191df01719ccbdf9d54d184047b9a1588a814414f0df8439ce7ba8dcc,ijbc-IJBC,0.0001,95.2,unknown,unknown,unknown,unknown,unknown,needs_protocol_review
ms1mv3_r50_nl13_prelu_herpn_scaled,work_dirs/ms1mv3_r50_nl13_prelu_herpn_scaled/ijbc_scaled_group03/nl13_herpn_scaled_group03/ijbc_tar_at_far.csv,7c3b2e6191df01719ccbdf9d54d184047b9a1588a814414f0df8439ce7ba8dcc,ijbc-IJBC,0.001,96.88,unknown,unknown,unknown,unknown,unknown,needs_protocol_review
ms1mv3_r50_nl13_prelu_herpn_scaled,work_dirs/ms1mv3_r50_nl13_prelu_herpn_scaled/ijbc_scaled_group03/nl13_herpn_scaled_group03/ijbc_tar_at_far.csv,7c3b2e6191df01719ccbdf9d54d184047b9a1588a814414f0df8439ce7ba8dcc,ijbc-IJBC,0.01,98.17,unknown,unknown,unknown,unknown,unknown,needs_protocol_review
ms1mv3_r50_nl13_prelu_herpn_scaled,work_dirs/ms1mv3_r50_nl13_prelu_herpn_scaled/ijbc_scaled_group03/nl13_herpn_scaled_group03/ijbc_tar_at_far.csv,7c3b2e6191df01719ccbdf9d54d184047b9a1588a814414f0df8439ce7ba8dcc,ijbc-IJBC,0.1,98.89,unknown,unknown,unknown,unknown,unknown,needs_protocol_review
ms1mv3_r50_nl13_prelu_herpn_scaled_group06_accuracy_recovery,work_dirs/ms1mv3_r50_nl13_prelu_herpn_scaled_group06_accuracy_recovery/ijbc_group06_accuracy_final/nl13_herpn_group06_accuracy_final/ijbc_tar_at_far.csv,b9e888ccf3e528273e2c974f52e52a2503046494d40d3aba0bd872c68d6461a0,ijbc-IJBC,1e-06,80.5,unknown,unknown,unknown,unknown,unknown,needs_protocol_review
ms1mv3_r50_nl13_prelu_herpn_scaled_group06_accuracy_recovery,work_dirs/ms1mv3_r50_nl13_prelu_herpn_scaled_group06_accuracy_recovery/ijbc_group06_accuracy_final/nl13_herpn_group06_accuracy_final/ijbc_tar_at_far.csv,b9e888ccf3e528273e2c974f52e52a2503046494d40d3aba0bd872c68d6461a0,ijbc-IJBC,1e-05,88.09,unknown,unknown,unknown,unknown,unknown,needs_protocol_review
ms1mv3_r50_nl13_prelu_herpn_scaled_group06_accuracy_recovery,work_dirs/ms1mv3_r50_nl13_prelu_herpn_scaled_group06_accuracy_recovery/ijbc_group06_accuracy_final/nl13_herpn_group06_accuracy_final/ijbc_tar_at_far.csv,b9e888ccf3e528273e2c974f52e52a2503046494d40d3aba0bd872c68d6461a0,ijbc-IJBC,0.0001,92.69,unknown,unknown,unknown,unknown,unknown,needs_protocol_review
ms1mv3_r50_nl13_prelu_herpn_scaled_group06_accuracy_recovery,work_dirs/ms1mv3_r50_nl13_prelu_herpn_scaled_group06_accuracy_recovery/ijbc_group06_accuracy_final/nl13_herpn_group06_accuracy_final/ijbc_tar_at_far.csv,b9e888ccf3e528273e2c974f52e52a2503046494d40d3aba0bd872c68d6461a0,ijbc-IJBC,0.001,95.59,unknown,unknown,unknown,unknown,unknown,needs_protocol_review
ms1mv3_r50_nl13_prelu_herpn_scaled_group06_accuracy_recovery,work_dirs/ms1mv3_r50_nl13_prelu_herpn_scaled_group06_accuracy_recovery/ijbc_group06_accuracy_final/nl13_herpn_group06_accuracy_final/ijbc_tar_at_far.csv,b9e888ccf3e528273e2c974f52e52a2503046494d40d3aba0bd872c68d6461a0,ijbc-IJBC,0.01,97.45,unknown,unknown,unknown,unknown,unknown,needs_protocol_review
ms1mv3_r50_nl13_prelu_herpn_scaled_group06_accuracy_recovery,work_dirs/ms1mv3_r50_nl13_prelu_herpn_scaled_group06_accuracy_recovery/ijbc_group06_accuracy_final/nl13_herpn_group06_accuracy_final/ijbc_tar_at_far.csv,b9e888ccf3e528273e2c974f52e52a2503046494d40d3aba0bd872c68d6461a0,ijbc-IJBC,0.1,98.64,unknown,unknown,unknown,unknown,unknown,needs_protocol_review
ms1mv3_r50_nl13_prelu_herpn_scaled_group06_accuracy_recovery,work_dirs/ms1mv3_r50_nl13_prelu_herpn_scaled_group06_accuracy_recovery/ijbc_group07_accuracy_epoch11/nl13_herpn_group07_accuracy_epoch11/ijbc_tar_at_far.csv,aad0c33fb90ed97ceeb539ea4b51c720d84f078d890c811a14794581d8de53a6,ijbc-IJBC,1e-06,65.9,unknown,unknown,unknown,unknown,unknown,needs_protocol_review
ms1mv3_r50_nl13_prelu_herpn_scaled_group06_accuracy_recovery,work_dirs/ms1mv3_r50_nl13_prelu_herpn_scaled_group06_accuracy_recovery/ijbc_group07_accuracy_epoch11/nl13_herpn_group07_accuracy_epoch11/ijbc_tar_at_far.csv,aad0c33fb90ed97ceeb539ea4b51c720d84f078d890c811a14794581d8de53a6,ijbc-IJBC,1e-05,76.02,unknown,unknown,unknown,unknown,unknown,needs_protocol_review
ms1mv3_r50_nl13_prelu_herpn_scaled_group06_accuracy_recovery,work_dirs/ms1mv3_r50_nl13_prelu_herpn_scaled_group06_accuracy_recovery/ijbc_group07_accuracy_epoch11/nl13_herpn_group07_accuracy_epoch11/ijbc_tar_at_far.csv,aad0c33fb90ed97ceeb539ea4b51c720d84f078d890c811a14794581d8de53a6,ijbc-IJBC,0.0001,84.24,unknown,unknown,unknown,unknown,unknown,needs_protocol_review
ms1mv3_r50_nl13_prelu_herpn_scaled_group06_accuracy_recovery,work_dirs/ms1mv3_r50_nl13_prelu_herpn_scaled_group06_accuracy_recovery/ijbc_group07_accuracy_epoch11/nl13_herpn_group07_accuracy_epoch11/ijbc_tar_at_far.csv,aad0c33fb90ed97ceeb539ea4b51c720d84f078d890c811a14794581d8de53a6,ijbc-IJBC,0.001,90.32,unknown,unknown,unknown,unknown,unknown,needs_protocol_review
ms1mv3_r50_nl13_prelu_herpn_scaled_group06_accuracy_recovery,work_dirs/ms1mv3_r50_nl13_prelu_herpn_scaled_group06_accuracy_recovery/ijbc_group07_accuracy_epoch11/nl13_herpn_group07_accuracy_epoch11/ijbc_tar_at_far.csv,aad0c33fb90ed97ceeb539ea4b51c720d84f078d890c811a14794581d8de53a6,ijbc-IJBC,0.01,94.61,unknown,unknown,unknown,unknown,unknown,needs_protocol_review
ms1mv3_r50_nl13_prelu_herpn_scaled_group06_accuracy_recovery,work_dirs/ms1mv3_r50_nl13_prelu_herpn_scaled_group06_accuracy_recovery/ijbc_group07_accuracy_epoch11/nl13_herpn_group07_accuracy_epoch11/ijbc_tar_at_far.csv,aad0c33fb90ed97ceeb539ea4b51c720d84f078d890c811a14794581d8de53a6,ijbc-IJBC,0.1,97.46,unknown,unknown,unknown,unknown,unknown,needs_protocol_review
ms1mv3_r50_nl13_prelu_herpn_scaled_group06_accuracy_recovery,work_dirs/ms1mv3_r50_nl13_prelu_herpn_scaled_group06_accuracy_recovery/ijbc_group07_accuracy_final/nl13_herpn_group07_accuracy_final/ijbc_tar_at_far.csv,917da7940ff242fadb800fe68615a5d329b3e0c4a29c1066774d13109b3bde3a,ijbc-IJBC,1e-06,71.79,unknown,unknown,unknown,unknown,unknown,needs_protocol_review
ms1mv3_r50_nl13_prelu_herpn_scaled_group06_accuracy_recovery,work_dirs/ms1mv3_r50_nl13_prelu_herpn_scaled_group06_accuracy_recovery/ijbc_group07_accuracy_final/nl13_herpn_group07_accuracy_final/ijbc_tar_at_far.csv,917da7940ff242fadb800fe68615a5d329b3e0c4a29c1066774d13109b3bde3a,ijbc-IJBC,1e-05,80.35,unknown,unknown,unknown,unknown,unknown,needs_protocol_review
ms1mv3_r50_nl13_prelu_herpn_scaled_group06_accuracy_recovery,work_dirs/ms1mv3_r50_nl13_prelu_herpn_scaled_group06_accuracy_recovery/ijbc_group07_accuracy_final/nl13_herpn_group07_accuracy_final/ijbc_tar_at_far.csv,917da7940ff242fadb800fe68615a5d329b3e0c4a29c1066774d13109b3bde3a,ijbc-IJBC,0.0001,87.36,unknown,unknown,unknown,unknown,unknown,needs_protocol_review
ms1mv3_r50_nl13_prelu_herpn_scaled_group06_accuracy_recovery,work_dirs/ms1mv3_r50_nl13_prelu_herpn_scaled_group06_accuracy_recovery/ijbc_group07_accuracy_final/nl13_herpn_group07_accuracy_final/ijbc_tar_at_far.csv,917da7940ff242fadb800fe68615a5d329b3e0c4a29c1066774d13109b3bde3a,ijbc-IJBC,0.001,92.23,unknown,unknown,unknown,unknown,unknown,needs_protocol_review
ms1mv3_r50_nl13_prelu_herpn_scaled_group06_accuracy_recovery,work_dirs/ms1mv3_r50_nl13_prelu_herpn_scaled_group06_accuracy_recovery/ijbc_group07_accuracy_final/nl13_herpn_group07_accuracy_final/ijbc_tar_at_far.csv,917da7940ff242fadb800fe68615a5d329b3e0c4a29c1066774d13109b3bde3a,ijbc-IJBC,0.01,95.71,unknown,unknown,unknown,unknown,unknown,needs_protocol_review
ms1mv3_r50_nl13_prelu_herpn_scaled_group06_accuracy_recovery,work_dirs/ms1mv3_r50_nl13_prelu_herpn_scaled_group06_accuracy_recovery/ijbc_group07_accuracy_final/nl13_herpn_group07_accuracy_final/ijbc_tar_at_far.csv,917da7940ff242fadb800fe68615a5d329b3e0c4a29c1066774d13109b3bde3a,ijbc-IJBC,0.1,97.9,unknown,unknown,unknown,unknown,unknown,needs_protocol_review
ms1mv3_r50_nl13_prelu_herpn_scaled_recover_group03,work_dirs/ms1mv3_r50_nl13_prelu_herpn_scaled_recover_group03/ijbc_scaled_recover_group04/nl13_herpn_scaled_recover_group04/ijbc_tar_at_far.csv,3dbf1014102b17ecf8656ba74847e72f433712551d0902b0afab21d825eeb8e7,ijbc-IJBC,1e-06,80.69,unknown,unknown,unknown,unknown,unknown,needs_protocol_review
ms1mv3_r50_nl13_prelu_herpn_scaled_recover_group03,work_dirs/ms1mv3_r50_nl13_prelu_herpn_scaled_recover_group03/ijbc_scaled_recover_group04/nl13_herpn_scaled_recover_group04/ijbc_tar_at_far.csv,3dbf1014102b17ecf8656ba74847e72f433712551d0902b0afab21d825eeb8e7,ijbc-IJBC,1e-05,88.05,unknown,unknown,unknown,unknown,unknown,needs_protocol_review
ms1mv3_r50_nl13_prelu_herpn_scaled_recover_group03,work_dirs/ms1mv3_r50_nl13_prelu_herpn_scaled_recover_group03/ijbc_scaled_recover_group04/nl13_herpn_scaled_recover_group04/ijbc_tar_at_far.csv,3dbf1014102b17ecf8656ba74847e72f433712551d0902b0afab21d825eeb8e7,ijbc-IJBC,0.0001,92.85,unknown,unknown,unknown,unknown,unknown,needs_protocol_review
ms1mv3_r50_nl13_prelu_herpn_scaled_recover_group03,work_dirs/ms1mv3_r50_nl13_prelu_herpn_scaled_recover_group03/ijbc_scaled_recover_group04/nl13_herpn_scaled_recover_group04/ijbc_tar_at_far.csv,3dbf1014102b17ecf8656ba74847e72f433712551d0902b0afab21d825eeb8e7,ijbc-IJBC,0.001,95.69,unknown,unknown,unknown,unknown,unknown,needs_protocol_review
ms1mv3_r50_nl13_prelu_herpn_scaled_recover_group03,work_dirs/ms1mv3_r50_nl13_prelu_herpn_scaled_recover_group03/ijbc_scaled_recover_group04/nl13_herpn_scaled_recover_group04/ijbc_tar_at_far.csv,3dbf1014102b17ecf8656ba74847e72f433712551d0902b0afab21d825eeb8e7,ijbc-IJBC,0.01,97.69,unknown,unknown,unknown,unknown,unknown,needs_protocol_review
ms1mv3_r50_nl13_prelu_herpn_scaled_recover_group03,work_dirs/ms1mv3_r50_nl13_prelu_herpn_scaled_recover_group03/ijbc_scaled_recover_group04/nl13_herpn_scaled_recover_group04/ijbc_tar_at_far.csv,3dbf1014102b17ecf8656ba74847e72f433712551d0902b0afab21d825eeb8e7,ijbc-IJBC,0.1,98.8,unknown,unknown,unknown,unknown,unknown,needs_protocol_review
ms1mv3_r50_nl13_prelu_herpn_scaled_recover_group03,work_dirs/ms1mv3_r50_nl13_prelu_herpn_scaled_recover_group03/ijbc_scaled_recover_group05/nl13_herpn_scaled_recover_group05/ijbc_tar_at_far.csv,c54f91fe0caeec03f5370980135628022cbe0ec0aa44bc5e52b938ce106a47f0,ijbc-IJBC,1e-06,76.91,unknown,unknown,unknown,unknown,unknown,needs_protocol_review
ms1mv3_r50_nl13_prelu_herpn_scaled_recover_group03,work_dirs/ms1mv3_r50_nl13_prelu_herpn_scaled_recover_group03/ijbc_scaled_recover_group05/nl13_herpn_scaled_recover_group05/ijbc_tar_at_far.csv,c54f91fe0caeec03f5370980135628022cbe0ec0aa44bc5e52b938ce106a47f0,ijbc-IJBC,1e-05,86.37,unknown,unknown,unknown,unknown,unknown,needs_protocol_review
ms1mv3_r50_nl13_prelu_herpn_scaled_recover_group03,work_dirs/ms1mv3_r50_nl13_prelu_herpn_scaled_recover_group03/ijbc_scaled_recover_group05/nl13_herpn_scaled_recover_group05/ijbc_tar_at_far.csv,c54f91fe0caeec03f5370980135628022cbe0ec0aa44bc5e52b938ce106a47f0,ijbc-IJBC,0.0001,91.79,unknown,unknown,unknown,unknown,unknown,needs_protocol_review
ms1mv3_r50_nl13_prelu_herpn_scaled_recover_group03,work_dirs/ms1mv3_r50_nl13_prelu_herpn_scaled_recover_group03/ijbc_scaled_recover_group05/nl13_herpn_scaled_recover_group05/ijbc_tar_at_far.csv,c54f91fe0caeec03f5370980135628022cbe0ec0aa44bc5e52b938ce106a47f0,ijbc-IJBC,0.001,95.2,unknown,unknown,unknown,unknown,unknown,needs_protocol_review
ms1mv3_r50_nl13_prelu_herpn_scaled_recover_group03,work_dirs/ms1mv3_r50_nl13_prelu_herpn_scaled_recover_group03/ijbc_scaled_recover_group05/nl13_herpn_scaled_recover_group05/ijbc_tar_at_far.csv,c54f91fe0caeec03f5370980135628022cbe0ec0aa44bc5e52b938ce106a47f0,ijbc-IJBC,0.01,97.3,unknown,unknown,unknown,unknown,unknown,needs_protocol_review
ms1mv3_r50_nl13_prelu_herpn_scaled_recover_group03,work_dirs/ms1mv3_r50_nl13_prelu_herpn_scaled_recover_group03/ijbc_scaled_recover_group05/nl13_herpn_scaled_recover_group05/ijbc_tar_at_far.csv,c54f91fe0caeec03f5370980135628022cbe0ec0aa44bc5e52b938ce106a47f0,ijbc-IJBC,0.1,98.62,unknown,unknown,unknown,unknown,unknown,needs_protocol_review
ms1mv3_r50_nl13_prelu_herpn_scaled_recover_group03,work_dirs/ms1mv3_r50_nl13_prelu_herpn_scaled_recover_group03/ijbc_scaled_recover_group06/nl13_herpn_scaled_recover_group06/ijbc_tar_at_far.csv,27de020f2f5993099d770283df201d678c24c01db414ef798ec9faf442d8ca9f,ijbc-IJBC,1e-06,68.86,unknown,unknown,unknown,unknown,unknown,needs_protocol_review
ms1mv3_r50_nl13_prelu_herpn_scaled_recover_group03,work_dirs/ms1mv3_r50_nl13_prelu_herpn_scaled_recover_group03/ijbc_scaled_recover_group06/nl13_herpn_scaled_recover_group06/ijbc_tar_at_far.csv,27de020f2f5993099d770283df201d678c24c01db414ef798ec9faf442d8ca9f,ijbc-IJBC,1e-05,76.78,unknown,unknown,unknown,unknown,unknown,needs_protocol_review
ms1mv3_r50_nl13_prelu_herpn_scaled_recover_group03,work_dirs/ms1mv3_r50_nl13_prelu_herpn_scaled_recover_group03/ijbc_scaled_recover_group06/nl13_herpn_scaled_recover_group06/ijbc_tar_at_far.csv,27de020f2f5993099d770283df201d678c24c01db414ef798ec9faf442d8ca9f,ijbc-IJBC,0.0001,84.72,unknown,unknown,unknown,unknown,unknown,needs_protocol_review
ms1mv3_r50_nl13_prelu_herpn_scaled_recover_group03,work_dirs/ms1mv3_r50_nl13_prelu_herpn_scaled_recover_group03/ijbc_scaled_recover_group06/nl13_herpn_scaled_recover_group06/ijbc_tar_at_far.csv,27de020f2f5993099d770283df201d678c24c01db414ef798ec9faf442d8ca9f,ijbc-IJBC,0.001,91.03,unknown,unknown,unknown,unknown,unknown,needs_protocol_review
ms1mv3_r50_nl13_prelu_herpn_scaled_recover_group03,work_dirs/ms1mv3_r50_nl13_prelu_herpn_scaled_recover_group03/ijbc_scaled_recover_group06/nl13_herpn_scaled_recover_group06/ijbc_tar_at_far.csv,27de020f2f5993099d770283df201d678c24c01db414ef798ec9faf442d8ca9f,ijbc-IJBC,0.01,95.43,unknown,unknown,unknown,unknown,unknown,needs_protocol_review
ms1mv3_r50_nl13_prelu_herpn_scaled_recover_group03,work_dirs/ms1mv3_r50_nl13_prelu_herpn_scaled_recover_group03/ijbc_scaled_recover_group06/nl13_herpn_scaled_recover_group06/ijbc_tar_at_far.csv,27de020f2f5993099d770283df201d678c24c01db414ef798ec9faf442d8ca9f,ijbc-IJBC,0.1,97.9,unknown,unknown,unknown,unknown,unknown,needs_protocol_review
ms1mv3_r50_nl13_prelu_herpn_scaled_recover_group03,work_dirs/ms1mv3_r50_nl13_prelu_herpn_scaled_recover_group03/ijbc_scaled_recover_group07/nl13_herpn_scaled_recover_group07/ijbc_tar_at_far.csv,d8f45ef651021579b095856b650fbf84f75905d01e45fca2bdd196ebc7b4115a,ijbc-IJBC,1e-06,59.48,unknown,unknown,unknown,unknown,unknown,needs_protocol_review
ms1mv3_r50_nl13_prelu_herpn_scaled_recover_group03,work_dirs/ms1mv3_r50_nl13_prelu_herpn_scaled_recover_group03/ijbc_scaled_recover_group07/nl13_herpn_scaled_recover_group07/ijbc_tar_at_far.csv,d8f45ef651021579b095856b650fbf84f75905d01e45fca2bdd196ebc7b4115a,ijbc-IJBC,1e-05,68.34,unknown,unknown,unknown,unknown,unknown,needs_protocol_review
ms1mv3_r50_nl13_prelu_herpn_scaled_recover_group03,work_dirs/ms1mv3_r50_nl13_prelu_herpn_scaled_recover_group03/ijbc_scaled_recover_group07/nl13_herpn_scaled_recover_group07/ijbc_tar_at_far.csv,d8f45ef651021579b095856b650fbf84f75905d01e45fca2bdd196ebc7b4115a,ijbc-IJBC,0.0001,77.52,unknown,unknown,unknown,unknown,unknown,needs_protocol_review
ms1mv3_r50_nl13_prelu_herpn_scaled_recover_group03,work_dirs/ms1mv3_r50_nl13_prelu_herpn_scaled_recover_group03/ijbc_scaled_recover_group07/nl13_herpn_scaled_recover_group07/ijbc_tar_at_far.csv,d8f45ef651021579b095856b650fbf84f75905d01e45fca2bdd196ebc7b4115a,ijbc-IJBC,0.001,86.1,unknown,unknown,unknown,unknown,unknown,needs_protocol_review
ms1mv3_r50_nl13_prelu_herpn_scaled_recover_group03,work_dirs/ms1mv3_r50_nl13_prelu_herpn_scaled_recover_group03/ijbc_scaled_recover_group07/nl13_herpn_scaled_recover_group07/ijbc_tar_at_far.csv,d8f45ef651021579b095856b650fbf84f75905d01e45fca2bdd196ebc7b4115a,ijbc-IJBC,0.01,92.42,unknown,unknown,unknown,unknown,unknown,needs_protocol_review
ms1mv3_r50_nl13_prelu_herpn_scaled_recover_group03,work_dirs/ms1mv3_r50_nl13_prelu_herpn_scaled_recover_group03/ijbc_scaled_recover_group07/nl13_herpn_scaled_recover_group07/ijbc_tar_at_far.csv,d8f45ef651021579b095856b650fbf84f75905d01e45fca2bdd196ebc7b4115a,ijbc-IJBC,0.1,96.8,unknown,unknown,unknown,unknown,unknown,needs_protocol_review
ms1mv3_r50_nl13_prelu_herpn_selective7_layer42,work_dirs/ms1mv3_r50_nl13_prelu_herpn_selective7_layer42/ijbc_selective7_layer42_epoch07_node35/nl13_herpn_selective7_layer42_epoch07_node35/ijbc_tar_at_far.csv,c4c61a48c974bf51fc8b81e0c2f5d2359f2258a9c8b4da30ae0f550f6357e135,ijbc-IJBC,1e-06,76.61,unknown,unknown,unknown,unknown,unknown,needs_protocol_review
ms1mv3_r50_nl13_prelu_herpn_selective7_layer42,work_dirs/ms1mv3_r50_nl13_prelu_herpn_selective7_layer42/ijbc_selective7_layer42_epoch07_node35/nl13_herpn_selective7_layer42_epoch07_node35/ijbc_tar_at_far.csv,c4c61a48c974bf51fc8b81e0c2f5d2359f2258a9c8b4da30ae0f550f6357e135,ijbc-IJBC,1e-05,84.36,unknown,unknown,unknown,unknown,unknown,needs_protocol_review
ms1mv3_r50_nl13_prelu_herpn_selective7_layer42,work_dirs/ms1mv3_r50_nl13_prelu_herpn_selective7_layer42/ijbc_selective7_layer42_epoch07_node35/nl13_herpn_selective7_layer42_epoch07_node35/ijbc_tar_at_far.csv,c4c61a48c974bf51fc8b81e0c2f5d2359f2258a9c8b4da30ae0f550f6357e135,ijbc-IJBC,0.0001,90.86,unknown,unknown,unknown,unknown,unknown,needs_protocol_review
ms1mv3_r50_nl13_prelu_herpn_selective7_layer42,work_dirs/ms1mv3_r50_nl13_prelu_herpn_selective7_layer42/ijbc_selective7_layer42_epoch07_node35/nl13_herpn_selective7_layer42_epoch07_node35/ijbc_tar_at_far.csv,c4c61a48c974bf51fc8b81e0c2f5d2359f2258a9c8b4da30ae0f550f6357e135,ijbc-IJBC,0.001,94.7,unknown,unknown,unknown,unknown,unknown,needs_protocol_review
ms1mv3_r50_nl13_prelu_herpn_selective7_layer42,work_dirs/ms1mv3_r50_nl13_prelu_herpn_selective7_layer42/ijbc_selective7_layer42_epoch07_node35/nl13_herpn_selective7_layer42_epoch07_node35/ijbc_tar_at_far.csv,c4c61a48c974bf51fc8b81e0c2f5d2359f2258a9c8b4da30ae0f550f6357e135,ijbc-IJBC,0.01,97.31,unknown,unknown,unknown,unknown,unknown,needs_protocol_review
ms1mv3_r50_nl13_prelu_herpn_selective7_layer42,work_dirs/ms1mv3_r50_nl13_prelu_herpn_selective7_layer42/ijbc_selective7_layer42_epoch07_node35/nl13_herpn_selective7_layer42_epoch07_node35/ijbc_tar_at_far.csv,c4c61a48c974bf51fc8b81e0c2f5d2359f2258a9c8b4da30ae0f550f6357e135,ijbc-IJBC,0.1,98.9,unknown,unknown,unknown,unknown,unknown,needs_protocol_review
ms1mv3_r50_nl13_prelu_herpn_selective7_layer42,work_dirs/ms1mv3_r50_nl13_prelu_herpn_selective7_layer42/ijbc_selective7_layer42_final_node34/nl13_herpn_selective7_layer42_final_node34/ijbc_tar_at_far.csv,b44993d01f5724ca5b02db44371fa572deed00a730ff47b94117f31bd223ccf4,ijbc-IJBC,1e-06,76.86,unknown,unknown,unknown,unknown,unknown,needs_protocol_review
ms1mv3_r50_nl13_prelu_herpn_selective7_layer42,work_dirs/ms1mv3_r50_nl13_prelu_herpn_selective7_layer42/ijbc_selective7_layer42_final_node34/nl13_herpn_selective7_layer42_final_node34/ijbc_tar_at_far.csv,b44993d01f5724ca5b02db44371fa572deed00a730ff47b94117f31bd223ccf4,ijbc-IJBC,1e-05,84.47,unknown,unknown,unknown,unknown,unknown,needs_protocol_review
ms1mv3_r50_nl13_prelu_herpn_selective7_layer42,work_dirs/ms1mv3_r50_nl13_prelu_herpn_selective7_layer42/ijbc_selective7_layer42_final_node34/nl13_herpn_selective7_layer42_final_node34/ijbc_tar_at_far.csv,b44993d01f5724ca5b02db44371fa572deed00a730ff47b94117f31bd223ccf4,ijbc-IJBC,0.0001,90.84,unknown,unknown,unknown,unknown,unknown,needs_protocol_review
ms1mv3_r50_nl13_prelu_herpn_selective7_layer42,work_dirs/ms1mv3_r50_nl13_prelu_herpn_selective7_layer42/ijbc_selective7_layer42_final_node34/nl13_herpn_selective7_layer42_final_node34/ijbc_tar_at_far.csv,b44993d01f5724ca5b02db44371fa572deed00a730ff47b94117f31bd223ccf4,ijbc-IJBC,0.001,94.7,unknown,unknown,unknown,unknown,unknown,needs_protocol_review
ms1mv3_r50_nl13_prelu_herpn_selective7_layer42,work_dirs/ms1mv3_r50_nl13_prelu_herpn_selective7_layer42/ijbc_selective7_layer42_final_node34/nl13_herpn_selective7_layer42_final_node34/ijbc_tar_at_far.csv,b44993d01f5724ca5b02db44371fa572deed00a730ff47b94117f31bd223ccf4,ijbc-IJBC,0.01,97.3,unknown,unknown,unknown,unknown,unknown,needs_protocol_review
ms1mv3_r50_nl13_prelu_herpn_selective7_layer42,work_dirs/ms1mv3_r50_nl13_prelu_herpn_selective7_layer42/ijbc_selective7_layer42_final_node34/nl13_herpn_selective7_layer42_final_node34/ijbc_tar_at_far.csv,b44993d01f5724ca5b02db44371fa572deed00a730ff47b94117f31bd223ccf4,ijbc-IJBC,0.1,98.9,unknown,unknown,unknown,unknown,unknown,needs_protocol_review
ms1mv3_r50_nl13_prelu_herpn_selective8_layer42_layer41,work_dirs/ms1mv3_r50_nl13_prelu_herpn_selective8_layer42_layer41/ijbc_selective8_layer42_layer41_node33/nl13_herpn_selective8_layer42_layer41_node33/ijbc_tar_at_far.csv,077fa529b723ec33cbe22cc6aed016cd3b532403dd4f5104a5684ead71f0e21e,ijbc-IJBC,1e-06,71.34,unknown,unknown,unknown,unknown,unknown,needs_protocol_review
ms1mv3_r50_nl13_prelu_herpn_selective8_layer42_layer41,work_dirs/ms1mv3_r50_nl13_prelu_herpn_selective8_layer42_layer41/ijbc_selective8_layer42_layer41_node33/nl13_herpn_selective8_layer42_layer41_node33/ijbc_tar_at_far.csv,077fa529b723ec33cbe22cc6aed016cd3b532403dd4f5104a5684ead71f0e21e,ijbc-IJBC,1e-05,81.0,unknown,unknown,unknown,unknown,unknown,needs_protocol_review
ms1mv3_r50_nl13_prelu_herpn_selective8_layer42_layer41,work_dirs/ms1mv3_r50_nl13_prelu_herpn_selective8_layer42_layer41/ijbc_selective8_layer42_layer41_node33/nl13_herpn_selective8_layer42_layer41_node33/ijbc_tar_at_far.csv,077fa529b723ec33cbe22cc6aed016cd3b532403dd4f5104a5684ead71f0e21e,ijbc-IJBC,0.0001,88.62,unknown,unknown,unknown,unknown,unknown,needs_protocol_review
ms1mv3_r50_nl13_prelu_herpn_selective8_layer42_layer41,work_dirs/ms1mv3_r50_nl13_prelu_herpn_selective8_layer42_layer41/ijbc_selective8_layer42_layer41_node33/nl13_herpn_selective8_layer42_layer41_node33/ijbc_tar_at_far.csv,077fa529b723ec33cbe22cc6aed016cd3b532403dd4f5104a5684ead71f0e21e,ijbc-IJBC,0.001,93.53,unknown,unknown,unknown,unknown,unknown,needs_protocol_review
ms1mv3_r50_nl13_prelu_herpn_selective8_layer42_layer41,work_dirs/ms1mv3_r50_nl13_prelu_herpn_selective8_layer42_layer41/ijbc_selective8_layer42_layer41_node33/nl13_herpn_selective8_layer42_layer41_node33/ijbc_tar_at_far.csv,077fa529b723ec33cbe22cc6aed016cd3b532403dd4f5104a5684ead71f0e21e,ijbc-IJBC,0.01,96.82,unknown,unknown,unknown,unknown,unknown,needs_protocol_review
ms1mv3_r50_nl13_prelu_herpn_selective8_layer42_layer41,work_dirs/ms1mv3_r50_nl13_prelu_herpn_selective8_layer42_layer41/ijbc_selective8_layer42_layer41_node33/nl13_herpn_selective8_layer42_layer41_node33/ijbc_tar_at_far.csv,077fa529b723ec33cbe22cc6aed016cd3b532403dd4f5104a5684ead71f0e21e,ijbc-IJBC,0.1,98.85,unknown,unknown,unknown,unknown,unknown,needs_protocol_review
ms1mv3_r50_nl13_prelu_herpn_selective8_layer42_layer41_recovered,work_dirs/ms1mv3_r50_nl13_prelu_herpn_selective8_layer42_layer41_recovered/ijbc_selective8_layer42_layer41_recovered/nl13_herpn_selective8_layer42_layer41_recovered/ijbc_tar_at_far.csv,1dff7aabf583da07fec1ef2342eb3f0bc7a207ffca46e3353e61448d2c423ff8,ijbc-IJBC,1e-06,73.93,unknown,unknown,unknown,unknown,unknown,needs_protocol_review
ms1mv3_r50_nl13_prelu_herpn_selective8_layer42_layer41_recovered,work_dirs/ms1mv3_r50_nl13_prelu_herpn_selective8_layer42_layer41_recovered/ijbc_selective8_layer42_layer41_recovered/nl13_herpn_selective8_layer42_layer41_recovered/ijbc_tar_at_far.csv,1dff7aabf583da07fec1ef2342eb3f0bc7a207ffca46e3353e61448d2c423ff8,ijbc-IJBC,1e-05,82.34,unknown,unknown,unknown,unknown,unknown,needs_protocol_review
ms1mv3_r50_nl13_prelu_herpn_selective8_layer42_layer41_recovered,work_dirs/ms1mv3_r50_nl13_prelu_herpn_selective8_layer42_layer41_recovered/ijbc_selective8_layer42_layer41_recovered/nl13_herpn_selective8_layer42_layer41_recovered/ijbc_tar_at_far.csv,1dff7aabf583da07fec1ef2342eb3f0bc7a207ffca46e3353e61448d2c423ff8,ijbc-IJBC,0.0001,89.5,unknown,unknown,unknown,unknown,unknown,needs_protocol_review
ms1mv3_r50_nl13_prelu_herpn_selective8_layer42_layer41_recovered,work_dirs/ms1mv3_r50_nl13_prelu_herpn_selective8_layer42_layer41_recovered/ijbc_selective8_layer42_layer41_recovered/nl13_herpn_selective8_layer42_layer41_recovered/ijbc_tar_at_far.csv,1dff7aabf583da07fec1ef2342eb3f0bc7a207ffca46e3353e61448d2c423ff8,ijbc-IJBC,0.001,93.9,unknown,unknown,unknown,unknown,unknown,needs_protocol_review
ms1mv3_r50_nl13_prelu_herpn_selective8_layer42_layer41_recovered,work_dirs/ms1mv3_r50_nl13_prelu_herpn_selective8_layer42_layer41_recovered/ijbc_selective8_layer42_layer41_recovered/nl13_herpn_selective8_layer42_layer41_recovered/ijbc_tar_at_far.csv,1dff7aabf583da07fec1ef2342eb3f0bc7a207ffca46e3353e61448d2c423ff8,ijbc-IJBC,0.01,96.93,unknown,unknown,unknown,unknown,unknown,needs_protocol_review
ms1mv3_r50_nl13_prelu_herpn_selective8_layer42_layer41_recovered,work_dirs/ms1mv3_r50_nl13_prelu_herpn_selective8_layer42_layer41_recovered/ijbc_selective8_layer42_layer41_recovered/nl13_herpn_selective8_layer42_layer41_recovered/ijbc_tar_at_far.csv,1dff7aabf583da07fec1ef2342eb3f0bc7a207ffca46e3353e61448d2c423ff8,ijbc-IJBC,0.1,98.85,unknown,unknown,unknown,unknown,unknown,needs_protocol_review
ms1mv3_r50_nl13_prelu_herpn_selective8_layer42_layer41_recovered,work_dirs/ms1mv3_r50_nl13_prelu_herpn_selective8_layer42_layer41_recovered/ijbc_selective8_layer42_layer41_recovered_epoch06_node37/nl13_herpn_selective8_layer42_layer41_recovered_epoch06_node37/ijbc_tar_at_far.csv,bf2145578b657a66b17ed909ba153a800f571b5e8c68b443922b250c0077beec,ijbc-IJBC,1e-06,72.54,unknown,unknown,unknown,unknown,unknown,needs_protocol_review
ms1mv3_r50_nl13_prelu_herpn_selective8_layer42_layer41_recovered,work_dirs/ms1mv3_r50_nl13_prelu_herpn_selective8_layer42_layer41_recovered/ijbc_selective8_layer42_layer41_recovered_epoch06_node37/nl13_herpn_selective8_layer42_layer41_recovered_epoch06_node37/ijbc_tar_at_far.csv,bf2145578b657a66b17ed909ba153a800f571b5e8c68b443922b250c0077beec,ijbc-IJBC,1e-05,81.75,unknown,unknown,unknown,unknown,unknown,needs_protocol_review
ms1mv3_r50_nl13_prelu_herpn_selective8_layer42_layer41_recovered,work_dirs/ms1mv3_r50_nl13_prelu_herpn_selective8_layer42_layer41_recovered/ijbc_selective8_layer42_layer41_recovered_epoch06_node37/nl13_herpn_selective8_layer42_layer41_recovered_epoch06_node37/ijbc_tar_at_far.csv,bf2145578b657a66b17ed909ba153a800f571b5e8c68b443922b250c0077beec,ijbc-IJBC,0.0001,89.14,unknown,unknown,unknown,unknown,unknown,needs_protocol_review
ms1mv3_r50_nl13_prelu_herpn_selective8_layer42_layer41_recovered,work_dirs/ms1mv3_r50_nl13_prelu_herpn_selective8_layer42_layer41_recovered/ijbc_selective8_layer42_layer41_recovered_epoch06_node37/nl13_herpn_selective8_layer42_layer41_recovered_epoch06_node37/ijbc_tar_at_far.csv,bf2145578b657a66b17ed909ba153a800f571b5e8c68b443922b250c0077beec,ijbc-IJBC,0.001,93.79,unknown,unknown,unknown,unknown,unknown,needs_protocol_review
ms1mv3_r50_nl13_prelu_herpn_selective8_layer42_layer41_recovered,work_dirs/ms1mv3_r50_nl13_prelu_herpn_selective8_layer42_layer41_recovered/ijbc_selective8_layer42_layer41_recovered_epoch06_node37/nl13_herpn_selective8_layer42_layer41_recovered_epoch06_node37/ijbc_tar_at_far.csv,bf2145578b657a66b17ed909ba153a800f571b5e8c68b443922b250c0077beec,ijbc-IJBC,0.01,96.87,unknown,unknown,unknown,unknown,unknown,needs_protocol_review
ms1mv3_r50_nl13_prelu_herpn_selective8_layer42_layer41_recovered,work_dirs/ms1mv3_r50_nl13_prelu_herpn_selective8_layer42_layer41_recovered/ijbc_selective8_layer42_layer41_recovered_epoch06_node37/nl13_herpn_selective8_layer42_layer41_recovered_epoch06_node37/ijbc_tar_at_far.csv,bf2145578b657a66b17ed909ba153a800f571b5e8c68b443922b250c0077beec,ijbc-IJBC,0.1,98.88,unknown,unknown,unknown,unknown,unknown,needs_protocol_review
ms1mv3_r50_nl13_prelu_herpn_selective8_recovered_distill,work_dirs/ms1mv3_r50_nl13_prelu_herpn_selective8_recovered_distill/ijbc_selective8_recovered_distill_epoch02/nl13_herpn_selective8_recovered_distill_epoch02/ijbc_tar_at_far.csv,9b92f55cc2cc0edf5fd12ce148e2709622ae080e61d0fa72c1ccf20b4062de66,ijbc-IJBC,1e-06,73.06,unknown,unknown,unknown,unknown,unknown,needs_protocol_review
ms1mv3_r50_nl13_prelu_herpn_selective8_recovered_distill,work_dirs/ms1mv3_r50_nl13_prelu_herpn_selective8_recovered_distill/ijbc_selective8_recovered_distill_epoch02/nl13_herpn_selective8_recovered_distill_epoch02/ijbc_tar_at_far.csv,9b92f55cc2cc0edf5fd12ce148e2709622ae080e61d0fa72c1ccf20b4062de66,ijbc-IJBC,1e-05,81.32,unknown,unknown,unknown,unknown,unknown,needs_protocol_review
ms1mv3_r50_nl13_prelu_herpn_selective8_recovered_distill,work_dirs/ms1mv3_r50_nl13_prelu_herpn_selective8_recovered_distill/ijbc_selective8_recovered_distill_epoch02/nl13_herpn_selective8_recovered_distill_epoch02/ijbc_tar_at_far.csv,9b92f55cc2cc0edf5fd12ce148e2709622ae080e61d0fa72c1ccf20b4062de66,ijbc-IJBC,0.0001,88.79,unknown,unknown,unknown,unknown,unknown,needs_protocol_review
ms1mv3_r50_nl13_prelu_herpn_selective8_recovered_distill,work_dirs/ms1mv3_r50_nl13_prelu_herpn_selective8_recovered_distill/ijbc_selective8_recovered_distill_epoch02/nl13_herpn_selective8_recovered_distill_epoch02/ijbc_tar_at_far.csv,9b92f55cc2cc0edf5fd12ce148e2709622ae080e61d0fa72c1ccf20b4062de66,ijbc-IJBC,0.001,93.7,unknown,unknown,unknown,unknown,unknown,needs_protocol_review
ms1mv3_r50_nl13_prelu_herpn_selective8_recovered_distill,work_dirs/ms1mv3_r50_nl13_prelu_herpn_selective8_recovered_distill/ijbc_selective8_recovered_distill_epoch02/nl13_herpn_selective8_recovered_distill_epoch02/ijbc_tar_at_far.csv,9b92f55cc2cc0edf5fd12ce148e2709622ae080e61d0fa72c1ccf20b4062de66,ijbc-IJBC,0.01,96.9,unknown,unknown,unknown,unknown,unknown,needs_protocol_review
ms1mv3_r50_nl13_prelu_herpn_selective8_recovered_distill,work_dirs/ms1mv3_r50_nl13_prelu_herpn_selective8_recovered_distill/ijbc_selective8_recovered_distill_epoch02/nl13_herpn_selective8_recovered_distill_epoch02/ijbc_tar_at_far.csv,9b92f55cc2cc0edf5fd12ce148e2709622ae080e61d0fa72c1ccf20b4062de66,ijbc-IJBC,0.1,98.95,unknown,unknown,unknown,unknown,unknown,needs_protocol_review
ms1mv3_r50_nl13_prelu_herpn_selective8_recovered_distill_lr1e3,work_dirs/ms1mv3_r50_nl13_prelu_herpn_selective8_recovered_distill_lr1e3/ijbc_selective8_recovered_distill_lr1e3_epoch01/nl13_herpn_selective8_recovered_distill_lr1e3_epoch01/ijbc_tar_at_far.csv,79b6f43755cd7d0f46ea644bec1ca348b2c5f4c9687edeccc5139784e119aaf6,ijbc-IJBC,1e-06,69.86,unknown,unknown,unknown,unknown,unknown,needs_protocol_review
ms1mv3_r50_nl13_prelu_herpn_selective8_recovered_distill_lr1e3,work_dirs/ms1mv3_r50_nl13_prelu_herpn_selective8_recovered_distill_lr1e3/ijbc_selective8_recovered_distill_lr1e3_epoch01/nl13_herpn_selective8_recovered_distill_lr1e3_epoch01/ijbc_tar_at_far.csv,79b6f43755cd7d0f46ea644bec1ca348b2c5f4c9687edeccc5139784e119aaf6,ijbc-IJBC,1e-05,78.87,unknown,unknown,unknown,unknown,unknown,needs_protocol_review
ms1mv3_r50_nl13_prelu_herpn_selective8_recovered_distill_lr1e3,work_dirs/ms1mv3_r50_nl13_prelu_herpn_selective8_recovered_distill_lr1e3/ijbc_selective8_recovered_distill_lr1e3_epoch01/nl13_herpn_selective8_recovered_distill_lr1e3_epoch01/ijbc_tar_at_far.csv,79b6f43755cd7d0f46ea644bec1ca348b2c5f4c9687edeccc5139784e119aaf6,ijbc-IJBC,0.0001,87.17,unknown,unknown,unknown,unknown,unknown,needs_protocol_review
ms1mv3_r50_nl13_prelu_herpn_selective8_recovered_distill_lr1e3,work_dirs/ms1mv3_r50_nl13_prelu_herpn_selective8_recovered_distill_lr1e3/ijbc_selective8_recovered_distill_lr1e3_epoch01/nl13_herpn_selective8_recovered_distill_lr1e3_epoch01/ijbc_tar_at_far.csv,79b6f43755cd7d0f46ea644bec1ca348b2c5f4c9687edeccc5139784e119aaf6,ijbc-IJBC,0.001,93.15,unknown,unknown,unknown,unknown,unknown,needs_protocol_review
ms1mv3_r50_nl13_prelu_herpn_selective8_recovered_distill_lr1e3,work_dirs/ms1mv3_r50_nl13_prelu_herpn_selective8_recovered_distill_lr1e3/ijbc_selective8_recovered_distill_lr1e3_epoch01/nl13_herpn_selective8_recovered_distill_lr1e3_epoch01/ijbc_tar_at_far.csv,79b6f43755cd7d0f46ea644bec1ca348b2c5f4c9687edeccc5139784e119aaf6,ijbc-IJBC,0.01,96.81,unknown,unknown,unknown,unknown,unknown,needs_protocol_review
ms1mv3_r50_nl13_prelu_herpn_selective8_recovered_distill_lr1e3,work_dirs/ms1mv3_r50_nl13_prelu_herpn_selective8_recovered_distill_lr1e3/ijbc_selective8_recovered_distill_lr1e3_epoch01/nl13_herpn_selective8_recovered_distill_lr1e3_epoch01/ijbc_tar_at_far.csv,79b6f43755cd7d0f46ea644bec1ca348b2c5f4c9687edeccc5139784e119aaf6,ijbc-IJBC,0.1,98.96,unknown,unknown,unknown,unknown,unknown,needs_protocol_review
ms1mv3_r50_nl13_prelu_herpn_selective8_resume_distill,work_dirs/ms1mv3_r50_nl13_prelu_herpn_selective8_resume_distill/ijbc_selective8_resume_distill_epoch09/nl13_herpn_selective8_resume_distill_epoch09/ijbc_tar_at_far.csv,650cfc27eb710bc36579631c57c133403080c87a4842f5d3b7b9474308661b1c,ijbc-IJBC,1e-06,75.11,unknown,unknown,unknown,unknown,unknown,needs_protocol_review
ms1mv3_r50_nl13_prelu_herpn_selective8_resume_distill,work_dirs/ms1mv3_r50_nl13_prelu_herpn_selective8_resume_distill/ijbc_selective8_resume_distill_epoch09/nl13_herpn_selective8_resume_distill_epoch09/ijbc_tar_at_far.csv,650cfc27eb710bc36579631c57c133403080c87a4842f5d3b7b9474308661b1c,ijbc-IJBC,1e-05,83.07,unknown,unknown,unknown,unknown,unknown,needs_protocol_review
ms1mv3_r50_nl13_prelu_herpn_selective8_resume_distill,work_dirs/ms1mv3_r50_nl13_prelu_herpn_selective8_resume_distill/ijbc_selective8_resume_distill_epoch09/nl13_herpn_selective8_resume_distill_epoch09/ijbc_tar_at_far.csv,650cfc27eb710bc36579631c57c133403080c87a4842f5d3b7b9474308661b1c,ijbc-IJBC,0.0001,89.75,unknown,unknown,unknown,unknown,unknown,needs_protocol_review
ms1mv3_r50_nl13_prelu_herpn_selective8_resume_distill,work_dirs/ms1mv3_r50_nl13_prelu_herpn_selective8_resume_distill/ijbc_selective8_resume_distill_epoch09/nl13_herpn_selective8_resume_distill_epoch09/ijbc_tar_at_far.csv,650cfc27eb710bc36579631c57c133403080c87a4842f5d3b7b9474308661b1c,ijbc-IJBC,0.001,94.05,unknown,unknown,unknown,unknown,unknown,needs_protocol_review
ms1mv3_r50_nl13_prelu_herpn_selective8_resume_distill,work_dirs/ms1mv3_r50_nl13_prelu_herpn_selective8_resume_distill/ijbc_selective8_resume_distill_epoch09/nl13_herpn_selective8_resume_distill_epoch09/ijbc_tar_at_far.csv,650cfc27eb710bc36579631c57c133403080c87a4842f5d3b7b9474308661b1c,ijbc-IJBC,0.01,96.97,unknown,unknown,unknown,unknown,unknown,needs_protocol_review
ms1mv3_r50_nl13_prelu_herpn_selective8_resume_distill,work_dirs/ms1mv3_r50_nl13_prelu_herpn_selective8_resume_distill/ijbc_selective8_resume_distill_epoch09/nl13_herpn_selective8_resume_distill_epoch09/ijbc_tar_at_far.csv,650cfc27eb710bc36579631c57c133403080c87a4842f5d3b7b9474308661b1c,ijbc-IJBC,0.1,98.83,unknown,unknown,unknown,unknown,unknown,needs_protocol_review
ms1mv3_r50_nl13_prelu_herpn_selective8_resume_distill,work_dirs/ms1mv3_r50_nl13_prelu_herpn_selective8_resume_distill/ijbc_selective8_resume_distill_epoch10/nl13_herpn_selective8_resume_distill_epoch10/ijbc_tar_at_far.csv,ea91f12fe3d294a6a4d6deee0f0b62281c497acccf9493223f0ecc13525c372e,ijbc-IJBC,1e-06,75.72,unknown,unknown,unknown,unknown,unknown,needs_protocol_review
ms1mv3_r50_nl13_prelu_herpn_selective8_resume_distill,work_dirs/ms1mv3_r50_nl13_prelu_herpn_selective8_resume_distill/ijbc_selective8_resume_distill_epoch10/nl13_herpn_selective8_resume_distill_epoch10/ijbc_tar_at_far.csv,ea91f12fe3d294a6a4d6deee0f0b62281c497acccf9493223f0ecc13525c372e,ijbc-IJBC,1e-05,83.49,unknown,unknown,unknown,unknown,unknown,needs_protocol_review
ms1mv3_r50_nl13_prelu_herpn_selective8_resume_distill,work_dirs/ms1mv3_r50_nl13_prelu_herpn_selective8_resume_distill/ijbc_selective8_resume_distill_epoch10/nl13_herpn_selective8_resume_distill_epoch10/ijbc_tar_at_far.csv,ea91f12fe3d294a6a4d6deee0f0b62281c497acccf9493223f0ecc13525c372e,ijbc-IJBC,0.0001,90.01,unknown,unknown,unknown,unknown,unknown,needs_protocol_review
ms1mv3_r50_nl13_prelu_herpn_selective8_resume_distill,work_dirs/ms1mv3_r50_nl13_prelu_herpn_selective8_resume_distill/ijbc_selective8_resume_distill_epoch10/nl13_herpn_selective8_resume_distill_epoch10/ijbc_tar_at_far.csv,ea91f12fe3d294a6a4d6deee0f0b62281c497acccf9493223f0ecc13525c372e,ijbc-IJBC,0.001,94.15,unknown,unknown,unknown,unknown,unknown,needs_protocol_review
ms1mv3_r50_nl13_prelu_herpn_selective8_resume_distill,work_dirs/ms1mv3_r50_nl13_prelu_herpn_selective8_resume_distill/ijbc_selective8_resume_distill_epoch10/nl13_herpn_selective8_resume_distill_epoch10/ijbc_tar_at_far.csv,ea91f12fe3d294a6a4d6deee0f0b62281c497acccf9493223f0ecc13525c372e,ijbc-IJBC,0.01,97.0,unknown,unknown,unknown,unknown,unknown,needs_protocol_review
ms1mv3_r50_nl13_prelu_herpn_selective8_resume_distill,work_dirs/ms1mv3_r50_nl13_prelu_herpn_selective8_resume_distill/ijbc_selective8_resume_distill_epoch10/nl13_herpn_selective8_resume_distill_epoch10/ijbc_tar_at_far.csv,ea91f12fe3d294a6a4d6deee0f0b62281c497acccf9493223f0ecc13525c372e,ijbc-IJBC,0.1,98.82,unknown,unknown,unknown,unknown,unknown,needs_protocol_review
ms1mv3_r50_nl13_prelu_herpn_selective8_resume_distill_lr3e4,work_dirs/ms1mv3_r50_nl13_prelu_herpn_selective8_resume_distill_lr3e4/ijbc_selective8_resume_distill_lr3e4_epoch09/nl13_herpn_selective8_resume_distill_lr3e4_epoch09/ijbc_tar_at_far.csv,4dbf4e3bf41bb36b5c45f3f7f39861ab6eb0c4c57dc637d5c1d1a6cad3c86297,ijbc-IJBC,1e-06,74.78,unknown,unknown,unknown,unknown,unknown,needs_protocol_review
ms1mv3_r50_nl13_prelu_herpn_selective8_resume_distill_lr3e4,work_dirs/ms1mv3_r50_nl13_prelu_herpn_selective8_resume_distill_lr3e4/ijbc_selective8_resume_distill_lr3e4_epoch09/nl13_herpn_selective8_resume_distill_lr3e4_epoch09/ijbc_tar_at_far.csv,4dbf4e3bf41bb36b5c45f3f7f39861ab6eb0c4c57dc637d5c1d1a6cad3c86297,ijbc-IJBC,1e-05,82.65,unknown,unknown,unknown,unknown,unknown,needs_protocol_review
ms1mv3_r50_nl13_prelu_herpn_selective8_resume_distill_lr3e4,work_dirs/ms1mv3_r50_nl13_prelu_herpn_selective8_resume_distill_lr3e4/ijbc_selective8_resume_distill_lr3e4_epoch09/nl13_herpn_selective8_resume_distill_lr3e4_epoch09/ijbc_tar_at_far.csv,4dbf4e3bf41bb36b5c45f3f7f39861ab6eb0c4c57dc637d5c1d1a6cad3c86297,ijbc-IJBC,0.0001,89.6,unknown,unknown,unknown,unknown,unknown,needs_protocol_review
ms1mv3_r50_nl13_prelu_herpn_selective8_resume_distill_lr3e4,work_dirs/ms1mv3_r50_nl13_prelu_herpn_selective8_resume_distill_lr3e4/ijbc_selective8_resume_distill_lr3e4_epoch09/nl13_herpn_selective8_resume_distill_lr3e4_epoch09/ijbc_tar_at_far.csv,4dbf4e3bf41bb36b5c45f3f7f39861ab6eb0c4c57dc637d5c1d1a6cad3c86297,ijbc-IJBC,0.001,93.97,unknown,unknown,unknown,unknown,unknown,needs_protocol_review
ms1mv3_r50_nl13_prelu_herpn_selective8_resume_distill_lr3e4,work_dirs/ms1mv3_r50_nl13_prelu_herpn_selective8_resume_distill_lr3e4/ijbc_selective8_resume_distill_lr3e4_epoch09/nl13_herpn_selective8_resume_distill_lr3e4_epoch09/ijbc_tar_at_far.csv,4dbf4e3bf41bb36b5c45f3f7f39861ab6eb0c4c57dc637d5c1d1a6cad3c86297,ijbc-IJBC,0.01,96.93,unknown,unknown,unknown,unknown,unknown,needs_protocol_review
ms1mv3_r50_nl13_prelu_herpn_selective8_resume_distill_lr3e4,work_dirs/ms1mv3_r50_nl13_prelu_herpn_selective8_resume_distill_lr3e4/ijbc_selective8_resume_distill_lr3e4_epoch09/nl13_herpn_selective8_resume_distill_lr3e4_epoch09/ijbc_tar_at_far.csv,4dbf4e3bf41bb36b5c45f3f7f39861ab6eb0c4c57dc637d5c1d1a6cad3c86297,ijbc-IJBC,0.1,98.84,unknown,unknown,unknown,unknown,unknown,needs_protocol_review
ms1mv3_r50_nl9,work_dirs/ms1mv3_r50_nl9/ijbc_result/ms1mv3_r50_nl9/ijbc_tar_at_far.csv,b7355ca4a9e195a751b31c0ada8bdf4abcdf1316724b70733be69e69640f7840,ijbc-IJBC,1e-06,88.13,unknown,unknown,unknown,unknown,unknown,needs_protocol_review
ms1mv3_r50_nl9,work_dirs/ms1mv3_r50_nl9/ijbc_result/ms1mv3_r50_nl9/ijbc_tar_at_far.csv,b7355ca4a9e195a751b31c0ada8bdf4abcdf1316724b70733be69e69640f7840,ijbc-IJBC,1e-05,93.25,unknown,unknown,unknown,unknown,unknown,needs_protocol_review
ms1mv3_r50_nl9,work_dirs/ms1mv3_r50_nl9/ijbc_result/ms1mv3_r50_nl9/ijbc_tar_at_far.csv,b7355ca4a9e195a751b31c0ada8bdf4abcdf1316724b70733be69e69640f7840,ijbc-IJBC,0.0001,95.69,unknown,unknown,unknown,unknown,unknown,needs_protocol_review
ms1mv3_r50_nl9,work_dirs/ms1mv3_r50_nl9/ijbc_result/ms1mv3_r50_nl9/ijbc_tar_at_far.csv,b7355ca4a9e195a751b31c0ada8bdf4abcdf1316724b70733be69e69640f7840,ijbc-IJBC,0.001,97.11,unknown,unknown,unknown,unknown,unknown,needs_protocol_review
ms1mv3_r50_nl9,work_dirs/ms1mv3_r50_nl9/ijbc_result/ms1mv3_r50_nl9/ijbc_tar_at_far.csv,b7355ca4a9e195a751b31c0ada8bdf4abcdf1316724b70733be69e69640f7840,ijbc-IJBC,0.01,98.19,unknown,unknown,unknown,unknown,unknown,needs_protocol_review
ms1mv3_r50_nl9,work_dirs/ms1mv3_r50_nl9/ijbc_result/ms1mv3_r50_nl9/ijbc_tar_at_far.csv,b7355ca4a9e195a751b31c0ada8bdf4abcdf1316724b70733be69e69640f7840,ijbc-IJBC,0.1,99.0,unknown,unknown,unknown,unknown,unknown,needs_protocol_review
ms1mv3_r50_nl9_prelu_herpn_fast_grouped,work_dirs/ms1mv3_r50_nl9_prelu_herpn_fast_grouped/ijbc_result/ms1mv3_r50_nl9_prelu_herpn_fast_grouped/ijbc_tar_at_far.csv,1cae6aba0ee338c4ccf6b8955fec1510cca17c990234c6c24b1ec04a864532e2,ijbc-IJBC,1e-06,6.06,unknown,unknown,unknown,unknown,unknown,needs_protocol_review
ms1mv3_r50_nl9_prelu_herpn_fast_grouped,work_dirs/ms1mv3_r50_nl9_prelu_herpn_fast_grouped/ijbc_result/ms1mv3_r50_nl9_prelu_herpn_fast_grouped/ijbc_tar_at_far.csv,1cae6aba0ee338c4ccf6b8955fec1510cca17c990234c6c24b1ec04a864532e2,ijbc-IJBC,1e-05,52.44,unknown,unknown,unknown,unknown,unknown,needs_protocol_review
ms1mv3_r50_nl9_prelu_herpn_fast_grouped,work_dirs/ms1mv3_r50_nl9_prelu_herpn_fast_grouped/ijbc_result/ms1mv3_r50_nl9_prelu_herpn_fast_grouped/ijbc_tar_at_far.csv,1cae6aba0ee338c4ccf6b8955fec1510cca17c990234c6c24b1ec04a864532e2,ijbc-IJBC,0.0001,86.67,unknown,unknown,unknown,unknown,unknown,needs_protocol_review
ms1mv3_r50_nl9_prelu_herpn_fast_grouped,work_dirs/ms1mv3_r50_nl9_prelu_herpn_fast_grouped/ijbc_result/ms1mv3_r50_nl9_prelu_herpn_fast_grouped/ijbc_tar_at_far.csv,1cae6aba0ee338c4ccf6b8955fec1510cca17c990234c6c24b1ec04a864532e2,ijbc-IJBC,0.001,89.83,unknown,unknown,unknown,unknown,unknown,needs_protocol_review
ms1mv3_r50_nl9_prelu_herpn_fast_grouped,work_dirs/ms1mv3_r50_nl9_prelu_herpn_fast_grouped/ijbc_result/ms1mv3_r50_nl9_prelu_herpn_fast_grouped/ijbc_tar_at_far.csv,1cae6aba0ee338c4ccf6b8955fec1510cca17c990234c6c24b1ec04a864532e2,ijbc-IJBC,0.01,91.54,unknown,unknown,unknown,unknown,unknown,needs_protocol_review
ms1mv3_r50_nl9_prelu_herpn_fast_grouped,work_dirs/ms1mv3_r50_nl9_prelu_herpn_fast_grouped/ijbc_result/ms1mv3_r50_nl9_prelu_herpn_fast_grouped/ijbc_tar_at_far.csv,1cae6aba0ee338c4ccf6b8955fec1510cca17c990234c6c24b1ec04a864532e2,ijbc-IJBC,0.1,93.26,unknown,unknown,unknown,unknown,unknown,needs_protocol_review
ms1mv3_r50_prelu_herpn,work_dirs/ms1mv3_r50_prelu_herpn/ijbc_epoch_08/ms1mv3_r50_prelu_herpn/ijbc_tar_at_far.csv,6b0062307eb9a76ef46dbc2237be152a3b140aec5c31045308d3a753bd8908ab,ijbc-IJBC,1e-06,69.6,unknown,unknown,unknown,unknown,unknown,needs_protocol_review
ms1mv3_r50_prelu_herpn,work_dirs/ms1mv3_r50_prelu_herpn/ijbc_epoch_08/ms1mv3_r50_prelu_herpn/ijbc_tar_at_far.csv,6b0062307eb9a76ef46dbc2237be152a3b140aec5c31045308d3a753bd8908ab,ijbc-IJBC,1e-05,89.59,unknown,unknown,unknown,unknown,unknown,needs_protocol_review
ms1mv3_r50_prelu_herpn,work_dirs/ms1mv3_r50_prelu_herpn/ijbc_epoch_08/ms1mv3_r50_prelu_herpn/ijbc_tar_at_far.csv,6b0062307eb9a76ef46dbc2237be152a3b140aec5c31045308d3a753bd8908ab,ijbc-IJBC,0.0001,94.43,unknown,unknown,unknown,unknown,unknown,needs_protocol_review
ms1mv3_r50_prelu_herpn,work_dirs/ms1mv3_r50_prelu_herpn/ijbc_epoch_08/ms1mv3_r50_prelu_herpn/ijbc_tar_at_far.csv,6b0062307eb9a76ef46dbc2237be152a3b140aec5c31045308d3a753bd8908ab,ijbc-IJBC,0.001,96.32,unknown,unknown,unknown,unknown,unknown,needs_protocol_review
ms1mv3_r50_prelu_herpn,work_dirs/ms1mv3_r50_prelu_herpn/ijbc_epoch_08/ms1mv3_r50_prelu_herpn/ijbc_tar_at_far.csv,6b0062307eb9a76ef46dbc2237be152a3b140aec5c31045308d3a753bd8908ab,ijbc-IJBC,0.01,97.47,unknown,unknown,unknown,unknown,unknown,needs_protocol_review
ms1mv3_r50_prelu_herpn,work_dirs/ms1mv3_r50_prelu_herpn/ijbc_epoch_08/ms1mv3_r50_prelu_herpn/ijbc_tar_at_far.csv,6b0062307eb9a76ef46dbc2237be152a3b140aec5c31045308d3a753bd8908ab,ijbc-IJBC,0.1,98.36,unknown,unknown,unknown,unknown,unknown,needs_protocol_review
ms1mv3_r50_prelu_herpn,work_dirs/ms1mv3_r50_prelu_herpn/ijbc_group_03_bnrecalibrated/ms1mv3_r50_prelu_herpn/ijbc_tar_at_far.csv,8a1609b7e364945f5c1c9f0f8dad3ab0f21beb0ac7509aa27005f695cc85726e,ijbc-IJBC,1e-06,70.21,unknown,unknown,unknown,unknown,unknown,needs_protocol_review
ms1mv3_r50_prelu_herpn,work_dirs/ms1mv3_r50_prelu_herpn/ijbc_group_03_bnrecalibrated/ms1mv3_r50_prelu_herpn/ijbc_tar_at_far.csv,8a1609b7e364945f5c1c9f0f8dad3ab0f21beb0ac7509aa27005f695cc85726e,ijbc-IJBC,1e-05,90.34,unknown,unknown,unknown,unknown,unknown,needs_protocol_review
ms1mv3_r50_prelu_herpn,work_dirs/ms1mv3_r50_prelu_herpn/ijbc_group_03_bnrecalibrated/ms1mv3_r50_prelu_herpn/ijbc_tar_at_far.csv,8a1609b7e364945f5c1c9f0f8dad3ab0f21beb0ac7509aa27005f695cc85726e,ijbc-IJBC,0.0001,94.8,unknown,unknown,unknown,unknown,unknown,needs_protocol_review
ms1mv3_r50_prelu_herpn,work_dirs/ms1mv3_r50_prelu_herpn/ijbc_group_03_bnrecalibrated/ms1mv3_r50_prelu_herpn/ijbc_tar_at_far.csv,8a1609b7e364945f5c1c9f0f8dad3ab0f21beb0ac7509aa27005f695cc85726e,ijbc-IJBC,0.001,96.56,unknown,unknown,unknown,unknown,unknown,needs_protocol_review
ms1mv3_r50_prelu_herpn,work_dirs/ms1mv3_r50_prelu_herpn/ijbc_group_03_bnrecalibrated/ms1mv3_r50_prelu_herpn/ijbc_tar_at_far.csv,8a1609b7e364945f5c1c9f0f8dad3ab0f21beb0ac7509aa27005f695cc85726e,ijbc-IJBC,0.01,97.75,unknown,unknown,unknown,unknown,unknown,needs_protocol_review
ms1mv3_r50_prelu_herpn,work_dirs/ms1mv3_r50_prelu_herpn/ijbc_group_03_bnrecalibrated/ms1mv3_r50_prelu_herpn/ijbc_tar_at_far.csv,8a1609b7e364945f5c1c9f0f8dad3ab0f21beb0ac7509aa27005f695cc85726e,ijbc-IJBC,0.1,98.56,unknown,unknown,unknown,unknown,unknown,needs_protocol_review
polish_abcd_20260915,work_dirs/polish_abcd_20260915/A/final_eval/ijbc/polish_abcd/ijbc_tar_at_far.csv,00b8a9d851e5c4164c67b548707e0c267605f946ba2a9196f5f990001ddd5ff8,ijbc-IJBC,1e-06,84.65,unknown,unknown,unknown,unknown,unknown,needs_protocol_review
polish_abcd_20260915,work_dirs/polish_abcd_20260915/A/final_eval/ijbc/polish_abcd/ijbc_tar_at_far.csv,00b8a9d851e5c4164c67b548707e0c267605f946ba2a9196f5f990001ddd5ff8,ijbc-IJBC,1e-05,92.33,unknown,unknown,unknown,unknown,unknown,needs_protocol_review
polish_abcd_20260915,work_dirs/polish_abcd_20260915/A/final_eval/ijbc/polish_abcd/ijbc_tar_at_far.csv,00b8a9d851e5c4164c67b548707e0c267605f946ba2a9196f5f990001ddd5ff8,ijbc-IJBC,0.0001,95.37,unknown,unknown,unknown,unknown,unknown,needs_protocol_review
polish_abcd_20260915,work_dirs/polish_abcd_20260915/A/final_eval/ijbc/polish_abcd/ijbc_tar_at_far.csv,00b8a9d851e5c4164c67b548707e0c267605f946ba2a9196f5f990001ddd5ff8,ijbc-IJBC,0.001,97.0,unknown,unknown,unknown,unknown,unknown,needs_protocol_review
polish_abcd_20260915,work_dirs/polish_abcd_20260915/A/final_eval/ijbc/polish_abcd/ijbc_tar_at_far.csv,00b8a9d851e5c4164c67b548707e0c267605f946ba2a9196f5f990001ddd5ff8,ijbc-IJBC,0.01,98.23,unknown,unknown,unknown,unknown,unknown,needs_protocol_review
polish_abcd_20260915,work_dirs/polish_abcd_20260915/A/final_eval/ijbc/polish_abcd/ijbc_tar_at_far.csv,00b8a9d851e5c4164c67b548707e0c267605f946ba2a9196f5f990001ddd5ff8,ijbc-IJBC,0.1,98.94,unknown,unknown,unknown,unknown,unknown,needs_protocol_review
polish_abcd_20260915,work_dirs/polish_abcd_20260915/B/final_eval/ijbc/polish_abcd/ijbc_tar_at_far.csv,68e82647b728676094085fe90bc9c1b031ef8c2e5caf010e78631d69322f577f,ijbc-IJBC,1e-06,84.07,unknown,unknown,unknown,unknown,unknown,needs_protocol_review
polish_abcd_20260915,work_dirs/polish_abcd_20260915/B/final_eval/ijbc/polish_abcd/ijbc_tar_at_far.csv,68e82647b728676094085fe90bc9c1b031ef8c2e5caf010e78631d69322f577f,ijbc-IJBC,1e-05,92.37,unknown,unknown,unknown,unknown,unknown,needs_protocol_review
polish_abcd_20260915,work_dirs/polish_abcd_20260915/B/final_eval/ijbc/polish_abcd/ijbc_tar_at_far.csv,68e82647b728676094085fe90bc9c1b031ef8c2e5caf010e78631d69322f577f,ijbc-IJBC,0.0001,95.27,unknown,unknown,unknown,unknown,unknown,needs_protocol_review
polish_abcd_20260915,work_dirs/polish_abcd_20260915/B/final_eval/ijbc/polish_abcd/ijbc_tar_at_far.csv,68e82647b728676094085fe90bc9c1b031ef8c2e5caf010e78631d69322f577f,ijbc-IJBC,0.001,96.95,unknown,unknown,unknown,unknown,unknown,needs_protocol_review
polish_abcd_20260915,work_dirs/polish_abcd_20260915/B/final_eval/ijbc/polish_abcd/ijbc_tar_at_far.csv,68e82647b728676094085fe90bc9c1b031ef8c2e5caf010e78631d69322f577f,ijbc-IJBC,0.01,98.22,unknown,unknown,unknown,unknown,unknown,needs_protocol_review
polish_abcd_20260915,work_dirs/polish_abcd_20260915/B/final_eval/ijbc/polish_abcd/ijbc_tar_at_far.csv,68e82647b728676094085fe90bc9c1b031ef8c2e5caf010e78631d69322f577f,ijbc-IJBC,0.1,98.99,unknown,unknown,unknown,unknown,unknown,needs_protocol_review
polish_abcd_20260915,work_dirs/polish_abcd_20260915/C/final_eval/ijbc/polish_abcd/ijbc_tar_at_far.csv,70047345fd5436488642bdee59a69c4c21758c9b147eef5b044fef21b9c08636,ijbc-IJBC,1e-06,84.15,unknown,unknown,unknown,unknown,unknown,needs_protocol_review
polish_abcd_20260915,work_dirs/polish_abcd_20260915/C/final_eval/ijbc/polish_abcd/ijbc_tar_at_far.csv,70047345fd5436488642bdee59a69c4c21758c9b147eef5b044fef21b9c08636,ijbc-IJBC,1e-05,92.07,unknown,unknown,unknown,unknown,unknown,needs_protocol_review
polish_abcd_20260915,work_dirs/polish_abcd_20260915/C/final_eval/ijbc/polish_abcd/ijbc_tar_at_far.csv,70047345fd5436488642bdee59a69c4c21758c9b147eef5b044fef21b9c08636,ijbc-IJBC,0.0001,95.19,unknown,unknown,unknown,unknown,unknown,needs_protocol_review
polish_abcd_20260915,work_dirs/polish_abcd_20260915/C/final_eval/ijbc/polish_abcd/ijbc_tar_at_far.csv,70047345fd5436488642bdee59a69c4c21758c9b147eef5b044fef21b9c08636,ijbc-IJBC,0.001,96.89,unknown,unknown,unknown,unknown,unknown,needs_protocol_review
polish_abcd_20260915,work_dirs/polish_abcd_20260915/C/final_eval/ijbc/polish_abcd/ijbc_tar_at_far.csv,70047345fd5436488642bdee59a69c4c21758c9b147eef5b044fef21b9c08636,ijbc-IJBC,0.01,98.2,unknown,unknown,unknown,unknown,unknown,needs_protocol_review
polish_abcd_20260915,work_dirs/polish_abcd_20260915/C/final_eval/ijbc/polish_abcd/ijbc_tar_at_far.csv,70047345fd5436488642bdee59a69c4c21758c9b147eef5b044fef21b9c08636,ijbc-IJBC,0.1,98.97,unknown,unknown,unknown,unknown,unknown,needs_protocol_review
polish_abcd_20260915,work_dirs/polish_abcd_20260915/D/final_eval/ijbc/polish_abcd/ijbc_tar_at_far.csv,ea1ca0451cf771997beec6afe491fff61cf572c14d8c17728e4015eaaed2e098,ijbc-IJBC,1e-06,84.19,unknown,unknown,unknown,unknown,unknown,needs_protocol_review
polish_abcd_20260915,work_dirs/polish_abcd_20260915/D/final_eval/ijbc/polish_abcd/ijbc_tar_at_far.csv,ea1ca0451cf771997beec6afe491fff61cf572c14d8c17728e4015eaaed2e098,ijbc-IJBC,1e-05,92.2,unknown,unknown,unknown,unknown,unknown,needs_protocol_review
polish_abcd_20260915,work_dirs/polish_abcd_20260915/D/final_eval/ijbc/polish_abcd/ijbc_tar_at_far.csv,ea1ca0451cf771997beec6afe491fff61cf572c14d8c17728e4015eaaed2e098,ijbc-IJBC,0.0001,95.18,unknown,unknown,unknown,unknown,unknown,needs_protocol_review
polish_abcd_20260915,work_dirs/polish_abcd_20260915/D/final_eval/ijbc/polish_abcd/ijbc_tar_at_far.csv,ea1ca0451cf771997beec6afe491fff61cf572c14d8c17728e4015eaaed2e098,ijbc-IJBC,0.001,96.89,unknown,unknown,unknown,unknown,unknown,needs_protocol_review
polish_abcd_20260915,work_dirs/polish_abcd_20260915/D/final_eval/ijbc/polish_abcd/ijbc_tar_at_far.csv,ea1ca0451cf771997beec6afe491fff61cf572c14d8c17728e4015eaaed2e098,ijbc-IJBC,0.01,98.22,unknown,unknown,unknown,unknown,unknown,needs_protocol_review
polish_abcd_20260915,work_dirs/polish_abcd_20260915/D/final_eval/ijbc/polish_abcd/ijbc_tar_at_far.csv,ea1ca0451cf771997beec6afe491fff61cf572c14d8c17728e4015eaaed2e098,ijbc-IJBC,0.1,98.99,unknown,unknown,unknown,unknown,unknown,needs_protocol_review
polish_abcd_20260915,work_dirs/polish_abcd_20260915/baseline/ijbc/polish_abcd/ijbc_tar_at_far.csv,8bc8a264e81a3aefbf71636247fe1434e5b01f7068b835fa3ddd68f9206b3c6b,ijbc-IJBC,1e-06,83.5,unknown,unknown,unknown,unknown,unknown,needs_protocol_review
polish_abcd_20260915,work_dirs/polish_abcd_20260915/baseline/ijbc/polish_abcd/ijbc_tar_at_far.csv,8bc8a264e81a3aefbf71636247fe1434e5b01f7068b835fa3ddd68f9206b3c6b,ijbc-IJBC,1e-05,92.24,unknown,unknown,unknown,unknown,unknown,needs_protocol_review
polish_abcd_20260915,work_dirs/polish_abcd_20260915/baseline/ijbc/polish_abcd/ijbc_tar_at_far.csv,8bc8a264e81a3aefbf71636247fe1434e5b01f7068b835fa3ddd68f9206b3c6b,ijbc-IJBC,0.0001,95.35,unknown,unknown,unknown,unknown,unknown,needs_protocol_review
polish_abcd_20260915,work_dirs/polish_abcd_20260915/baseline/ijbc/polish_abcd/ijbc_tar_at_far.csv,8bc8a264e81a3aefbf71636247fe1434e5b01f7068b835fa3ddd68f9206b3c6b,ijbc-IJBC,0.001,97.01,unknown,unknown,unknown,unknown,unknown,needs_protocol_review
polish_abcd_20260915,work_dirs/polish_abcd_20260915/baseline/ijbc/polish_abcd/ijbc_tar_at_far.csv,8bc8a264e81a3aefbf71636247fe1434e5b01f7068b835fa3ddd68f9206b3c6b,ijbc-IJBC,0.01,98.26,unknown,unknown,unknown,unknown,unknown,needs_protocol_review
polish_abcd_20260915,work_dirs/polish_abcd_20260915/baseline/ijbc/polish_abcd/ijbc_tar_at_far.csv,8bc8a264e81a3aefbf71636247fe1434e5b01f7068b835fa3ddd68f9206b3c6b,ijbc-IJBC,0.1,99.01,unknown,unknown,unknown,unknown,unknown,needs_protocol_review
progressive_best_bts_ms1k_20260917,work_dirs/progressive_best_bts_ms1k_20260917/ijbc_full/ms1k_bts_zero_failed/ijbc_tar_at_far.csv,940308ab533c2f0779d86da2e5f0f076e03cc6d1716437b2daed5b80c9b8f681,ijbc-IJBC,1e-06,84.68,unknown,unknown,unknown,unknown,unknown,needs_protocol_review
progressive_best_bts_ms1k_20260917,work_dirs/progressive_best_bts_ms1k_20260917/ijbc_full/ms1k_bts_zero_failed/ijbc_tar_at_far.csv,940308ab533c2f0779d86da2e5f0f076e03cc6d1716437b2daed5b80c9b8f681,ijbc-IJBC,1e-05,92.02,unknown,unknown,unknown,unknown,unknown,needs_protocol_review
progressive_best_bts_ms1k_20260917,work_dirs/progressive_best_bts_ms1k_20260917/ijbc_full/ms1k_bts_zero_failed/ijbc_tar_at_far.csv,940308ab533c2f0779d86da2e5f0f076e03cc6d1716437b2daed5b80c9b8f681,ijbc-IJBC,0.0001,95.14,unknown,unknown,unknown,unknown,unknown,needs_protocol_review
progressive_best_bts_ms1k_20260917,work_dirs/progressive_best_bts_ms1k_20260917/ijbc_full/ms1k_bts_zero_failed/ijbc_tar_at_far.csv,940308ab533c2f0779d86da2e5f0f076e03cc6d1716437b2daed5b80c9b8f681,ijbc-IJBC,0.001,96.87,unknown,unknown,unknown,unknown,unknown,needs_protocol_review
progressive_best_bts_ms1k_20260917,work_dirs/progressive_best_bts_ms1k_20260917/ijbc_full/ms1k_bts_zero_failed/ijbc_tar_at_far.csv,940308ab533c2f0779d86da2e5f0f076e03cc6d1716437b2daed5b80c9b8f681,ijbc-IJBC,0.01,98.15,unknown,unknown,unknown,unknown,unknown,needs_protocol_review
progressive_best_bts_ms1k_20260917,work_dirs/progressive_best_bts_ms1k_20260917/ijbc_full/ms1k_bts_zero_failed/ijbc_tar_at_far.csv,940308ab533c2f0779d86da2e5f0f076e03cc6d1716437b2daed5b80c9b8f681,ijbc-IJBC,0.1,98.96,unknown,unknown,unknown,unknown,unknown,needs_protocol_review
progressive_best_unscaled_ijbc_20260919,work_dirs/progressive_best_unscaled_ijbc_20260919/result/unscaled_nonfinite_only/ijbc_tar_at_far.csv,00be7b93ac06820963be3a50b227ab4a6c3cfc167f3933d2e9211a6a62ee21a4,ijbc-IJBC,1e-06,84.68,unknown,unknown,unknown,unknown,unknown,needs_protocol_review
progressive_best_unscaled_ijbc_20260919,work_dirs/progressive_best_unscaled_ijbc_20260919/result/unscaled_nonfinite_only/ijbc_tar_at_far.csv,00be7b93ac06820963be3a50b227ab4a6c3cfc167f3933d2e9211a6a62ee21a4,ijbc-IJBC,1e-05,92.02,unknown,unknown,unknown,unknown,unknown,needs_protocol_review
progressive_best_unscaled_ijbc_20260919,work_dirs/progressive_best_unscaled_ijbc_20260919/result/unscaled_nonfinite_only/ijbc_tar_at_far.csv,00be7b93ac06820963be3a50b227ab4a6c3cfc167f3933d2e9211a6a62ee21a4,ijbc-IJBC,0.0001,95.14,unknown,unknown,unknown,unknown,unknown,needs_protocol_review
progressive_best_unscaled_ijbc_20260919,work_dirs/progressive_best_unscaled_ijbc_20260919/result/unscaled_nonfinite_only/ijbc_tar_at_far.csv,00be7b93ac06820963be3a50b227ab4a6c3cfc167f3933d2e9211a6a62ee21a4,ijbc-IJBC,0.001,96.86,unknown,unknown,unknown,unknown,unknown,needs_protocol_review
progressive_best_unscaled_ijbc_20260919,work_dirs/progressive_best_unscaled_ijbc_20260919/result/unscaled_nonfinite_only/ijbc_tar_at_far.csv,00be7b93ac06820963be3a50b227ab4a6c3cfc167f3933d2e9211a6a62ee21a4,ijbc-IJBC,0.01,98.15,unknown,unknown,unknown,unknown,unknown,needs_protocol_review
progressive_best_unscaled_ijbc_20260919,work_dirs/progressive_best_unscaled_ijbc_20260919/result/unscaled_nonfinite_only/ijbc_tar_at_far.csv,00be7b93ac06820963be3a50b227ab4a6c3cfc167f3933d2e9211a6a62ee21a4,ijbc-IJBC,0.1,98.96,unknown,unknown,unknown,unknown,unknown,needs_protocol_review
quadT12c_ijbc,work_dirs/quadT12c_ijbc/controlled_d2/ijbc_tar_at_far.csv,2786c85e9f7666dea751cd5392325d64d7c2858e5b5c57b67db21b922b6b93f7,ijbc-IJBC,1e-06,81.21,unknown,unknown,unknown,unknown,unknown,needs_protocol_review
quadT12c_ijbc,work_dirs/quadT12c_ijbc/controlled_d2/ijbc_tar_at_far.csv,2786c85e9f7666dea751cd5392325d64d7c2858e5b5c57b67db21b922b6b93f7,ijbc-IJBC,1e-05,92.82,unknown,unknown,unknown,unknown,unknown,needs_protocol_review
quadT12c_ijbc,work_dirs/quadT12c_ijbc/controlled_d2/ijbc_tar_at_far.csv,2786c85e9f7666dea751cd5392325d64d7c2858e5b5c57b67db21b922b6b93f7,ijbc-IJBC,0.0001,95.62,unknown,unknown,unknown,unknown,unknown,needs_protocol_review
quadT12c_ijbc,work_dirs/quadT12c_ijbc/controlled_d2/ijbc_tar_at_far.csv,2786c85e9f7666dea751cd5392325d64d7c2858e5b5c57b67db21b922b6b93f7,ijbc-IJBC,0.001,97.1,unknown,unknown,unknown,unknown,unknown,needs_protocol_review
quadT12c_ijbc,work_dirs/quadT12c_ijbc/controlled_d2/ijbc_tar_at_far.csv,2786c85e9f7666dea751cd5392325d64d7c2858e5b5c57b67db21b922b6b93f7,ijbc-IJBC,0.01,98.13,unknown,unknown,unknown,unknown,unknown,needs_protocol_review
quadT12c_ijbc,work_dirs/quadT12c_ijbc/controlled_d2/ijbc_tar_at_far.csv,2786c85e9f7666dea751cd5392325d64d7c2858e5b5c57b67db21b922b6b93f7,ijbc-IJBC,0.1,98.84,unknown,unknown,unknown,unknown,unknown,needs_protocol_review
shared_d2_A_20260913,work_dirs/shared_d2_A_20260913/final_ijbc/shared_d2/ijbc_tar_at_far.csv,343b01177910f635f6b3c1a8727febd9259346a36b662c277de4a934c4a04b9f,ijbc-IJBC,1e-06,4.22,unknown,unknown,unknown,unknown,unknown,needs_protocol_review
shared_d2_A_20260913,work_dirs/shared_d2_A_20260913/final_ijbc/shared_d2/ijbc_tar_at_far.csv,343b01177910f635f6b3c1a8727febd9259346a36b662c277de4a934c4a04b9f,ijbc-IJBC,1e-05,7.88,unknown,unknown,unknown,unknown,unknown,needs_protocol_review
shared_d2_A_20260913,work_dirs/shared_d2_A_20260913/final_ijbc/shared_d2/ijbc_tar_at_far.csv,343b01177910f635f6b3c1a8727febd9259346a36b662c277de4a934c4a04b9f,ijbc-IJBC,0.0001,14.16,unknown,unknown,unknown,unknown,unknown,needs_protocol_review
shared_d2_A_20260913,work_dirs/shared_d2_A_20260913/final_ijbc/shared_d2/ijbc_tar_at_far.csv,343b01177910f635f6b3c1a8727febd9259346a36b662c277de4a934c4a04b9f,ijbc-IJBC,0.001,25.65,unknown,unknown,unknown,unknown,unknown,needs_protocol_review
shared_d2_A_20260913,work_dirs/shared_d2_A_20260913/final_ijbc/shared_d2/ijbc_tar_at_far.csv,343b01177910f635f6b3c1a8727febd9259346a36b662c277de4a934c4a04b9f,ijbc-IJBC,0.01,43.08,unknown,unknown,unknown,unknown,unknown,needs_protocol_review
shared_d2_A_20260913,work_dirs/shared_d2_A_20260913/final_ijbc/shared_d2/ijbc_tar_at_far.csv,343b01177910f635f6b3c1a8727febd9259346a36b662c277de4a934c4a04b9f,ijbc-IJBC,0.1,67.99,unknown,unknown,unknown,unknown,unknown,needs_protocol_review
shared_d2_B_20260913,work_dirs/shared_d2_B_20260913/final_ijbc/shared_d2/ijbc_tar_at_far.csv,c8d24528f8b11f3dfd924699b550eb8497e30c0048fbd9d39f66cffd67aafd87,ijbc-IJBC,1e-06,4.78,unknown,unknown,unknown,unknown,unknown,needs_protocol_review
shared_d2_B_20260913,work_dirs/shared_d2_B_20260913/final_ijbc/shared_d2/ijbc_tar_at_far.csv,c8d24528f8b11f3dfd924699b550eb8497e30c0048fbd9d39f66cffd67aafd87,ijbc-IJBC,1e-05,7.99,unknown,unknown,unknown,unknown,unknown,needs_protocol_review
shared_d2_B_20260913,work_dirs/shared_d2_B_20260913/final_ijbc/shared_d2/ijbc_tar_at_far.csv,c8d24528f8b11f3dfd924699b550eb8497e30c0048fbd9d39f66cffd67aafd87,ijbc-IJBC,0.0001,15.68,unknown,unknown,unknown,unknown,unknown,needs_protocol_review
shared_d2_B_20260913,work_dirs/shared_d2_B_20260913/final_ijbc/shared_d2/ijbc_tar_at_far.csv,c8d24528f8b11f3dfd924699b550eb8497e30c0048fbd9d39f66cffd67aafd87,ijbc-IJBC,0.001,27.65,unknown,unknown,unknown,unknown,unknown,needs_protocol_review
shared_d2_B_20260913,work_dirs/shared_d2_B_20260913/final_ijbc/shared_d2/ijbc_tar_at_far.csv,c8d24528f8b11f3dfd924699b550eb8497e30c0048fbd9d39f66cffd67aafd87,ijbc-IJBC,0.01,46.35,unknown,unknown,unknown,unknown,unknown,needs_protocol_review
shared_d2_B_20260913,work_dirs/shared_d2_B_20260913/final_ijbc/shared_d2/ijbc_tar_at_far.csv,c8d24528f8b11f3dfd924699b550eb8497e30c0048fbd9d39f66cffd67aafd87,ijbc-IJBC,0.1,71.37,unknown,unknown,unknown,unknown,unknown,needs_protocol_review
shared_d2_C_20260913,work_dirs/shared_d2_C_20260913/final_ijbc/shared_d2/ijbc_tar_at_far.csv,d8cf369d9d87c8bcb6a7726348dc331e82c33efd83cbee6143c4f57d7c57f2b3,ijbc-IJBC,1e-06,0.0,unknown,unknown,unknown,unknown,unknown,needs_protocol_review
shared_d2_C_20260913,work_dirs/shared_d2_C_20260913/final_ijbc/shared_d2/ijbc_tar_at_far.csv,d8cf369d9d87c8bcb6a7726348dc331e82c33efd83cbee6143c4f57d7c57f2b3,ijbc-IJBC,1e-05,0.0,unknown,unknown,unknown,unknown,unknown,needs_protocol_review
shared_d2_C_20260913,work_dirs/shared_d2_C_20260913/final_ijbc/shared_d2/ijbc_tar_at_far.csv,d8cf369d9d87c8bcb6a7726348dc331e82c33efd83cbee6143c4f57d7c57f2b3,ijbc-IJBC,0.0001,0.0,unknown,unknown,unknown,unknown,unknown,needs_protocol_review
shared_d2_C_20260913,work_dirs/shared_d2_C_20260913/final_ijbc/shared_d2/ijbc_tar_at_far.csv,d8cf369d9d87c8bcb6a7726348dc331e82c33efd83cbee6143c4f57d7c57f2b3,ijbc-IJBC,0.001,0.0,unknown,unknown,unknown,unknown,unknown,needs_protocol_review
shared_d2_C_20260913,work_dirs/shared_d2_C_20260913/final_ijbc/shared_d2/ijbc_tar_at_far.csv,d8cf369d9d87c8bcb6a7726348dc331e82c33efd83cbee6143c4f57d7c57f2b3,ijbc-IJBC,0.01,0.0,unknown,unknown,unknown,unknown,unknown,needs_protocol_review
shared_d2_C_20260913,work_dirs/shared_d2_C_20260913/final_ijbc/shared_d2/ijbc_tar_at_far.csv,d8cf369d9d87c8bcb6a7726348dc331e82c33efd83cbee6143c4f57d7c57f2b3,ijbc-IJBC,0.1,0.0,unknown,unknown,unknown,unknown,unknown,needs_protocol_review
shared_d2_D_20260913,work_dirs/shared_d2_D_20260913/final_ijbc/shared_d2/ijbc_tar_at_far.csv,0289c4e3dea2bd488a2e28fda9183d0baa9b646cf772394917faa09aba4c3d8e,ijbc-IJBC,1e-06,71.54,unknown,unknown,unknown,unknown,unknown,needs_protocol_review
shared_d2_D_20260913,work_dirs/shared_d2_D_20260913/final_ijbc/shared_d2/ijbc_tar_at_far.csv,0289c4e3dea2bd488a2e28fda9183d0baa9b646cf772394917faa09aba4c3d8e,ijbc-IJBC,1e-05,91.11,unknown,unknown,unknown,unknown,unknown,needs_protocol_review
shared_d2_D_20260913,work_dirs/shared_d2_D_20260913/final_ijbc/shared_d2/ijbc_tar_at_far.csv,0289c4e3dea2bd488a2e28fda9183d0baa9b646cf772394917faa09aba4c3d8e,ijbc-IJBC,0.0001,96.06,unknown,unknown,unknown,unknown,unknown,needs_protocol_review
shared_d2_D_20260913,work_dirs/shared_d2_D_20260913/final_ijbc/shared_d2/ijbc_tar_at_far.csv,0289c4e3dea2bd488a2e28fda9183d0baa9b646cf772394917faa09aba4c3d8e,ijbc-IJBC,0.001,97.56,unknown,unknown,unknown,unknown,unknown,needs_protocol_review
shared_d2_D_20260913,work_dirs/shared_d2_D_20260913/final_ijbc/shared_d2/ijbc_tar_at_far.csv,0289c4e3dea2bd488a2e28fda9183d0baa9b646cf772394917faa09aba4c3d8e,ijbc-IJBC,0.01,98.51,unknown,unknown,unknown,unknown,unknown,needs_protocol_review
shared_d2_D_20260913,work_dirs/shared_d2_D_20260913/final_ijbc/shared_d2/ijbc_tar_at_far.csv,0289c4e3dea2bd488a2e28fda9183d0baa9b646cf772394917faa09aba4c3d8e,ijbc-IJBC,0.1,99.1,unknown,unknown,unknown,unknown,unknown,needs_protocol_review
student_best_ijbc,work_dirs/student_best_ijbc/student_best/ijbc_tar_at_far.csv,9979b81782a535804a1c64673373276344e2c706ce5d94f735eb68a55c448a9c,ijbc-IJBC,1e-06,84.83,unknown,unknown,unknown,unknown,unknown,needs_protocol_review
student_best_ijbc,work_dirs/student_best_ijbc/student_best/ijbc_tar_at_far.csv,9979b81782a535804a1c64673373276344e2c706ce5d94f735eb68a55c448a9c,ijbc-IJBC,1e-05,91.55,unknown,unknown,unknown,unknown,unknown,needs_protocol_review
student_best_ijbc,work_dirs/student_best_ijbc/student_best/ijbc_tar_at_far.csv,9979b81782a535804a1c64673373276344e2c706ce5d94f735eb68a55c448a9c,ijbc-IJBC,0.0001,94.74,unknown,unknown,unknown,unknown,unknown,needs_protocol_review
student_best_ijbc,work_dirs/student_best_ijbc/student_best/ijbc_tar_at_far.csv,9979b81782a535804a1c64673373276344e2c706ce5d94f735eb68a55c448a9c,ijbc-IJBC,0.001,96.57,unknown,unknown,unknown,unknown,unknown,needs_protocol_review
student_best_ijbc,work_dirs/student_best_ijbc/student_best/ijbc_tar_at_far.csv,9979b81782a535804a1c64673373276344e2c706ce5d94f735eb68a55c448a9c,ijbc-IJBC,0.01,98.02,unknown,unknown,unknown,unknown,unknown,needs_protocol_review
student_best_ijbc,work_dirs/student_best_ijbc/student_best/ijbc_tar_at_far.csv,9979b81782a535804a1c64673373276344e2c706ce5d94f735eb68a55c448a9c,ijbc-IJBC,0.1,98.89,unknown,unknown,unknown,unknown,unknown,needs_protocol_review
unclipped_round_20260913,work_dirs/unclipped_round_20260913/adaptive_bn/final_ijbc/unclipped_d2/ijbc_tar_at_far.csv,9e3e98317624b9aed82aeb00408a4e95d2ff1fe6543d8e1e0c1a19062db0fc4e,ijbc-IJBC,1e-06,25.43,unknown,unknown,unknown,unknown,unknown,needs_protocol_review
unclipped_round_20260913,work_dirs/unclipped_round_20260913/adaptive_bn/final_ijbc/unclipped_d2/ijbc_tar_at_far.csv,9e3e98317624b9aed82aeb00408a4e95d2ff1fe6543d8e1e0c1a19062db0fc4e,ijbc-IJBC,1e-05,37.8,unknown,unknown,unknown,unknown,unknown,needs_protocol_review
unclipped_round_20260913,work_dirs/unclipped_round_20260913/adaptive_bn/final_ijbc/unclipped_d2/ijbc_tar_at_far.csv,9e3e98317624b9aed82aeb00408a4e95d2ff1fe6543d8e1e0c1a19062db0fc4e,ijbc-IJBC,0.0001,55.51,unknown,unknown,unknown,unknown,unknown,needs_protocol_review
unclipped_round_20260913,work_dirs/unclipped_round_20260913/adaptive_bn/final_ijbc/unclipped_d2/ijbc_tar_at_far.csv,9e3e98317624b9aed82aeb00408a4e95d2ff1fe6543d8e1e0c1a19062db0fc4e,ijbc-IJBC,0.001,74.9,unknown,unknown,unknown,unknown,unknown,needs_protocol_review
unclipped_round_20260913,work_dirs/unclipped_round_20260913/adaptive_bn/final_ijbc/unclipped_d2/ijbc_tar_at_far.csv,9e3e98317624b9aed82aeb00408a4e95d2ff1fe6543d8e1e0c1a19062db0fc4e,ijbc-IJBC,0.01,88.33,unknown,unknown,unknown,unknown,unknown,needs_protocol_review
unclipped_round_20260913,work_dirs/unclipped_round_20260913/adaptive_bn/final_ijbc/unclipped_d2/ijbc_tar_at_far.csv,9e3e98317624b9aed82aeb00408a4e95d2ff1fe6543d8e1e0c1a19062db0fc4e,ijbc-IJBC,0.1,95.22,unknown,unknown,unknown,unknown,unknown,needs_protocol_review
unclipped_round_20260913,work_dirs/unclipped_round_20260913/adaptive_bn_free_retry/final_ijbc/unclipped_d2/ijbc_tar_at_far.csv,77b9af54b7953fd6239cd6dc43fb3287b500d6d02c2b99505165097182fe3402,ijbc-IJBC,1e-06,8.38,unknown,unknown,unknown,unknown,unknown,needs_protocol_review
unclipped_round_20260913,work_dirs/unclipped_round_20260913/adaptive_bn_free_retry/final_ijbc/unclipped_d2/ijbc_tar_at_far.csv,77b9af54b7953fd6239cd6dc43fb3287b500d6d02c2b99505165097182fe3402,ijbc-IJBC,1e-05,13.33,unknown,unknown,unknown,unknown,unknown,needs_protocol_review
unclipped_round_20260913,work_dirs/unclipped_round_20260913/adaptive_bn_free_retry/final_ijbc/unclipped_d2/ijbc_tar_at_far.csv,77b9af54b7953fd6239cd6dc43fb3287b500d6d02c2b99505165097182fe3402,ijbc-IJBC,0.0001,21.64,unknown,unknown,unknown,unknown,unknown,needs_protocol_review
unclipped_round_20260913,work_dirs/unclipped_round_20260913/adaptive_bn_free_retry/final_ijbc/unclipped_d2/ijbc_tar_at_far.csv,77b9af54b7953fd6239cd6dc43fb3287b500d6d02c2b99505165097182fe3402,ijbc-IJBC,0.001,34.85,unknown,unknown,unknown,unknown,unknown,needs_protocol_review
unclipped_round_20260913,work_dirs/unclipped_round_20260913/adaptive_bn_free_retry/final_ijbc/unclipped_d2/ijbc_tar_at_far.csv,77b9af54b7953fd6239cd6dc43fb3287b500d6d02c2b99505165097182fe3402,ijbc-IJBC,0.01,52.32,unknown,unknown,unknown,unknown,unknown,needs_protocol_review
unclipped_round_20260913,work_dirs/unclipped_round_20260913/adaptive_bn_free_retry/final_ijbc/unclipped_d2/ijbc_tar_at_far.csv,77b9af54b7953fd6239cd6dc43fb3287b500d6d02c2b99505165097182fe3402,ijbc-IJBC,0.1,75.47,unknown,unknown,unknown,unknown,unknown,needs_protocol_review
unclipped_round_20260913,work_dirs/unclipped_round_20260913/adaptive_bn_moderate/final_ijbc/unclipped_d2/ijbc_tar_at_far.csv,7098563429af0b4bdda08225533333282f1b992c0cf1b768c634eea0521f7b4b,ijbc-IJBC,1e-06,5.55,unknown,unknown,unknown,unknown,unknown,needs_protocol_review
unclipped_round_20260913,work_dirs/unclipped_round_20260913/adaptive_bn_moderate/final_ijbc/unclipped_d2/ijbc_tar_at_far.csv,7098563429af0b4bdda08225533333282f1b992c0cf1b768c634eea0521f7b4b,ijbc-IJBC,1e-05,9.5,unknown,unknown,unknown,unknown,unknown,needs_protocol_review
unclipped_round_20260913,work_dirs/unclipped_round_20260913/adaptive_bn_moderate/final_ijbc/unclipped_d2/ijbc_tar_at_far.csv,7098563429af0b4bdda08225533333282f1b992c0cf1b768c634eea0521f7b4b,ijbc-IJBC,0.0001,16.75,unknown,unknown,unknown,unknown,unknown,needs_protocol_review
unclipped_round_20260913,work_dirs/unclipped_round_20260913/adaptive_bn_moderate/final_ijbc/unclipped_d2/ijbc_tar_at_far.csv,7098563429af0b4bdda08225533333282f1b992c0cf1b768c634eea0521f7b4b,ijbc-IJBC,0.001,28.36,unknown,unknown,unknown,unknown,unknown,needs_protocol_review
unclipped_round_20260913,work_dirs/unclipped_round_20260913/adaptive_bn_moderate/final_ijbc/unclipped_d2/ijbc_tar_at_far.csv,7098563429af0b4bdda08225533333282f1b992c0cf1b768c634eea0521f7b4b,ijbc-IJBC,0.01,45.97,unknown,unknown,unknown,unknown,unknown,needs_protocol_review
unclipped_round_20260913,work_dirs/unclipped_round_20260913/adaptive_bn_moderate/final_ijbc/unclipped_d2/ijbc_tar_at_far.csv,7098563429af0b4bdda08225533333282f1b992c0cf1b768c634eea0521f7b4b,ijbc-IJBC,0.1,69.71,unknown,unknown,unknown,unknown,unknown,needs_protocol_review
unclipped_round_20260913,work_dirs/unclipped_round_20260913/adaptive_prefix/final_ijbc/unclipped_d2/ijbc_tar_at_far.csv,48512f625d078e19886df0897ab8ee4c978d2185cffe01069adfdcc6f4ab8d90,ijbc-IJBC,1e-06,0.18,unknown,unknown,unknown,unknown,unknown,needs_protocol_review
unclipped_round_20260913,work_dirs/unclipped_round_20260913/adaptive_prefix/final_ijbc/unclipped_d2/ijbc_tar_at_far.csv,48512f625d078e19886df0897ab8ee4c978d2185cffe01069adfdcc6f4ab8d90,ijbc-IJBC,1e-05,47.87,unknown,unknown,unknown,unknown,unknown,needs_protocol_review
unclipped_round_20260913,work_dirs/unclipped_round_20260913/adaptive_prefix/final_ijbc/unclipped_d2/ijbc_tar_at_far.csv,48512f625d078e19886df0897ab8ee4c978d2185cffe01069adfdcc6f4ab8d90,ijbc-IJBC,0.0001,71.02,unknown,unknown,unknown,unknown,unknown,needs_protocol_review
unclipped_round_20260913,work_dirs/unclipped_round_20260913/adaptive_prefix/final_ijbc/unclipped_d2/ijbc_tar_at_far.csv,48512f625d078e19886df0897ab8ee4c978d2185cffe01069adfdcc6f4ab8d90,ijbc-IJBC,0.001,74.78,unknown,unknown,unknown,unknown,unknown,needs_protocol_review
unclipped_round_20260913,work_dirs/unclipped_round_20260913/adaptive_prefix/final_ijbc/unclipped_d2/ijbc_tar_at_far.csv,48512f625d078e19886df0897ab8ee4c978d2185cffe01069adfdcc6f4ab8d90,ijbc-IJBC,0.01,76.32,unknown,unknown,unknown,unknown,unknown,needs_protocol_review
unclipped_round_20260913,work_dirs/unclipped_round_20260913/adaptive_prefix/final_ijbc/unclipped_d2/ijbc_tar_at_far.csv,48512f625d078e19886df0897ab8ee4c978d2185cffe01069adfdcc6f4ab8d90,ijbc-IJBC,0.1,77.56,unknown,unknown,unknown,unknown,unknown,needs_protocol_review
unclipped_round_20260913,work_dirs/unclipped_round_20260913/gradual/final_ijbc/unclipped_d2/ijbc_tar_at_far.csv,c32ed9fa3017d7e03352a436bfb1e89245f5e707909252938664c7fc7789e2f0,ijbc-IJBC,1e-06,0.05,unknown,unknown,unknown,unknown,unknown,needs_protocol_review
unclipped_round_20260913,work_dirs/unclipped_round_20260913/gradual/final_ijbc/unclipped_d2/ijbc_tar_at_far.csv,c32ed9fa3017d7e03352a436bfb1e89245f5e707909252938664c7fc7789e2f0,ijbc-IJBC,1e-05,0.17,unknown,unknown,unknown,unknown,unknown,needs_protocol_review
unclipped_round_20260913,work_dirs/unclipped_round_20260913/gradual/final_ijbc/unclipped_d2/ijbc_tar_at_far.csv,c32ed9fa3017d7e03352a436bfb1e89245f5e707909252938664c7fc7789e2f0,ijbc-IJBC,0.0001,2.76,unknown,unknown,unknown,unknown,unknown,needs_protocol_review
unclipped_round_20260913,work_dirs/unclipped_round_20260913/gradual/final_ijbc/unclipped_d2/ijbc_tar_at_far.csv,c32ed9fa3017d7e03352a436bfb1e89245f5e707909252938664c7fc7789e2f0,ijbc-IJBC,0.001,74.89,unknown,unknown,unknown,unknown,unknown,needs_protocol_review
unclipped_round_20260913,work_dirs/unclipped_round_20260913/gradual/final_ijbc/unclipped_d2/ijbc_tar_at_far.csv,c32ed9fa3017d7e03352a436bfb1e89245f5e707909252938664c7fc7789e2f0,ijbc-IJBC,0.01,85.64,unknown,unknown,unknown,unknown,unknown,needs_protocol_review
unclipped_round_20260913,work_dirs/unclipped_round_20260913/gradual/final_ijbc/unclipped_d2/ijbc_tar_at_far.csv,c32ed9fa3017d7e03352a436bfb1e89245f5e707909252938664c7fc7789e2f0,ijbc-IJBC,0.1,87.84,unknown,unknown,unknown,unknown,unknown,needs_protocol_review
unclipped_round_20260913,work_dirs/unclipped_round_20260913/projected/final_ijbc/unclipped_d2/ijbc_tar_at_far.csv,c5d9dd88d7b0e7f8c5feb02fa2009d4cdbf48ee091505d4a4f2505038c40b2a1,ijbc-IJBC,1e-06,0.22,unknown,unknown,unknown,unknown,unknown,needs_protocol_review
unclipped_round_20260913,work_dirs/unclipped_round_20260913/projected/final_ijbc/unclipped_d2/ijbc_tar_at_far.csv,c5d9dd88d7b0e7f8c5feb02fa2009d4cdbf48ee091505d4a4f2505038c40b2a1,ijbc-IJBC,1e-05,1.87,unknown,unknown,unknown,unknown,unknown,needs_protocol_review
unclipped_round_20260913,work_dirs/unclipped_round_20260913/projected/final_ijbc/unclipped_d2/ijbc_tar_at_far.csv,c5d9dd88d7b0e7f8c5feb02fa2009d4cdbf48ee091505d4a4f2505038c40b2a1,ijbc-IJBC,0.0001,18.91,unknown,unknown,unknown,unknown,unknown,needs_protocol_review
unclipped_round_20260913,work_dirs/unclipped_round_20260913/projected/final_ijbc/unclipped_d2/ijbc_tar_at_far.csv,c5d9dd88d7b0e7f8c5feb02fa2009d4cdbf48ee091505d4a4f2505038c40b2a1,ijbc-IJBC,0.001,43.91,unknown,unknown,unknown,unknown,unknown,needs_protocol_review
unclipped_round_20260913,work_dirs/unclipped_round_20260913/projected/final_ijbc/unclipped_d2/ijbc_tar_at_far.csv,c5d9dd88d7b0e7f8c5feb02fa2009d4cdbf48ee091505d4a4f2505038c40b2a1,ijbc-IJBC,0.01,57.78,unknown,unknown,unknown,unknown,unknown,needs_protocol_review
unclipped_round_20260913,work_dirs/unclipped_round_20260913/projected/final_ijbc/unclipped_d2/ijbc_tar_at_far.csv,c5d9dd88d7b0e7f8c5feb02fa2009d4cdbf48ee091505d4a4f2505038c40b2a1,ijbc-IJBC,0.1,67.35,unknown,unknown,unknown,unknown,unknown,needs_protocol_review
unclipped_round_20260913,work_dirs/unclipped_round_20260913/small_curvature/final_ijbc/unclipped_d2/ijbc_tar_at_far.csv,9f3c6f91e053d3244732a87cb6b36f1c70d83a93a932839888a7517e2cd2b2ab,ijbc-IJBC,1e-06,8.32,unknown,unknown,unknown,unknown,unknown,needs_protocol_review
unclipped_round_20260913,work_dirs/unclipped_round_20260913/small_curvature/final_ijbc/unclipped_d2/ijbc_tar_at_far.csv,9f3c6f91e053d3244732a87cb6b36f1c70d83a93a932839888a7517e2cd2b2ab,ijbc-IJBC,1e-05,16.39,unknown,unknown,unknown,unknown,unknown,needs_protocol_review
unclipped_round_20260913,work_dirs/unclipped_round_20260913/small_curvature/final_ijbc/unclipped_d2/ijbc_tar_at_far.csv,9f3c6f91e053d3244732a87cb6b36f1c70d83a93a932839888a7517e2cd2b2ab,ijbc-IJBC,0.0001,26.76,unknown,unknown,unknown,unknown,unknown,needs_protocol_review
unclipped_round_20260913,work_dirs/unclipped_round_20260913/small_curvature/final_ijbc/unclipped_d2/ijbc_tar_at_far.csv,9f3c6f91e053d3244732a87cb6b36f1c70d83a93a932839888a7517e2cd2b2ab,ijbc-IJBC,0.001,40.85,unknown,unknown,unknown,unknown,unknown,needs_protocol_review
unclipped_round_20260913,work_dirs/unclipped_round_20260913/small_curvature/final_ijbc/unclipped_d2/ijbc_tar_at_far.csv,9f3c6f91e053d3244732a87cb6b36f1c70d83a93a932839888a7517e2cd2b2ab,ijbc-IJBC,0.01,59.59,unknown,unknown,unknown,unknown,unknown,needs_protocol_review
unclipped_round_20260913,work_dirs/unclipped_round_20260913/small_curvature/final_ijbc/unclipped_d2/ijbc_tar_at_far.csv,9f3c6f91e053d3244732a87cb6b36f1c70d83a93a932839888a7517e2cd2b2ab,ijbc-IJBC,0.1,80.96,unknown,unknown,unknown,unknown,unknown,needs_protocol_review
